tenant_id,tax_rule_id,origin_uf,destination_uf,operation_type,tax_type,rate,rate_unit,base_rule,credit_rule,valid_from,valid_to,source_confidence,source_ref,notes
empresa_1,empresa_1_icms_0001,AC,AC,interna,icms_interstate,,decimal_rate,operação interna,,1989-05-19,,external_official,https://legis.senado.leg.br/norma/586152/publicacao/15646891,Matriz de apoio; confrontar com Dados_Tributário da Empresa 2 quando aplicável.
empresa_1,empresa_1_icms_0002,AC,AL,interestadual,icms_interstate,0.12,decimal_rate,interestadual 12%,,1989-05-19,,external_official,https://legis.senado.leg.br/norma/586152/publicacao/15646891,Matriz de apoio; confrontar com Dados_Tributário da Empresa 2 quando aplicável.
empresa_1,empresa_1_icms_0003,AC,AP,interestadual,icms_interstate,0.12,decimal_rate,interestadual 12%,,1989-05-19,,external_official,https://legis.senado.leg.br/norma/586152/publicacao/15646891,Matriz de apoio; confrontar com Dados_Tributário da Empresa 2 quando aplicável.
empresa_1,empresa_1_icms_0004,AC,AM,interestadual,icms_interstate,0.12,decimal_rate,interestadual 12%,,1989-05-19,,external_official,https://legis.senado.leg.br/norma/586152/publicacao/15646891,Matriz de apoio; confrontar com Dados_Tributário da Empresa 2 quando aplicável.
empresa_1,empresa_1_icms_0005,AC,BA,interestadual,icms_interstate,0.12,decimal_rate,interestadual 12%,,1989-05-19,,external_official,https://legis.senado.leg.br/norma/586152/publicacao/15646891,Matriz de apoio; confrontar com Dados_Tributário da Empresa 2 quando aplicável.
empresa_1,empresa_1_icms_0006,AC,CE,interestadual,icms_interstate,0.12,decimal_rate,interestadual 12%,,1989-05-19,,external_official,https://legis.senado.leg.br/norma/586152/publicacao/15646891,Matriz de apoio; confrontar com Dados_Tributário da Empresa 2 quando aplicável.
empresa_1,empresa_1_icms_0007,AC,DF,interestadual,icms_interstate,0.12,decimal_rate,interestadual 12%,,1989-05-19,,external_official,https://legis.senado.leg.br/norma/586152/publicacao/15646891,Matriz de apoio; confrontar com Dados_Tributário da Empresa 2 quando aplicável.
empresa_1,empresa_1_icms_0008,AC,ES,interestadual,icms_interstate,0.12,decimal_rate,interestadual 12%,,1989-05-19,,external_official,https://legis.senado.leg.br/norma/586152/publicacao/15646891,Matriz de apoio; confrontar com Dados_Tributário da Empresa 2 quando aplicável.
empresa_1,empresa_1_icms_0009,AC,GO,interestadual,icms_interstate,0.12,decimal_rate,interestadual 12%,,1989-05-19,,external_official,https://legis.senado.leg.br/norma/586152/publicacao/15646891,Matriz de apoio; confrontar com Dados_Tributário da Empresa 2 quando aplicável.
empresa_1,empresa_1_icms_0010,AC,MA,interestadual,icms_interstate,0.12,decimal_rate,interestadual 12%,,1989-05-19,,external_official,https://legis.senado.leg.br/norma/586152/publicacao/15646891,Matriz de apoio; confrontar com Dados_Tributário da Empresa 2 quando aplicável.
empresa_1,empresa_1_icms_0011,AC,MT,interestadual,icms_interstate,0.12,decimal_rate,interestadual 12%,,1989-05-19,,external_official,https://legis.senado.leg.br/norma/586152/publicacao/15646891,Matriz de apoio; confrontar com Dados_Tributário da Empresa 2 quando aplicável.
empresa_1,empresa_1_icms_0012,AC,MS,interestadual,icms_interstate,0.12,decimal_rate,interestadual 12%,,1989-05-19,,external_official,https://legis.senado.leg.br/norma/586152/publicacao/15646891,Matriz de apoio; confrontar com Dados_Tributário da Empresa 2 quando aplicável.
empresa_1,empresa_1_icms_0013,AC,MG,interestadual,icms_interstate,0.12,decimal_rate,interestadual 12%,,1989-05-19,,external_official,https://legis.senado.leg.br/norma/586152/publicacao/15646891,Matriz de apoio; confrontar com Dados_Tributário da Empresa 2 quando aplicável.
empresa_1,empresa_1_icms_0014,AC,PA,interestadual,icms_interstate,0.12,decimal_rate,interestadual 12%,,1989-05-19,,external_official,https://legis.senado.leg.br/norma/586152/publicacao/15646891,Matriz de apoio; confrontar com Dados_Tributário da Empresa 2 quando aplicável.
empresa_1,empresa_1_icms_0015,AC,PB,interestadual,icms_interstate,0.12,decimal_rate,interestadual 12%,,1989-05-19,,external_official,https://legis.senado.leg.br/norma/586152/publicacao/15646891,Matriz de apoio; confrontar com Dados_Tributário da Empresa 2 quando aplicável.
empresa_1,empresa_1_icms_0016,AC,PR,interestadual,icms_interstate,0.12,decimal_rate,interestadual 12%,,1989-05-19,,external_official,https://legis.senado.leg.br/norma/586152/publicacao/15646891,Matriz de apoio; confrontar com Dados_Tributário da Empresa 2 quando aplicável.
empresa_1,empresa_1_icms_0017,AC,PE,interestadual,icms_interstate,0.12,decimal_rate,interestadual 12%,,1989-05-19,,external_official,https://legis.senado.leg.br/norma/586152/publicacao/15646891,Matriz de apoio; confrontar com Dados_Tributário da Empresa 2 quando aplicável.
empresa_1,empresa_1_icms_0018,AC,PI,interestadual,icms_interstate,0.12,decimal_rate,interestadual 12%,,1989-05-19,,external_official,https://legis.senado.leg.br/norma/586152/publicacao/15646891,Matriz de apoio; confrontar com Dados_Tributário da Empresa 2 quando aplicável.
empresa_1,empresa_1_icms_0019,AC,RJ,interestadual,icms_interstate,0.12,decimal_rate,interestadual 12%,,1989-05-19,,external_official,https://legis.senado.leg.br/norma/586152/publicacao/15646891,Matriz de apoio; confrontar com Dados_Tributário da Empresa 2 quando aplicável.
empresa_1,empresa_1_icms_0020,AC,RN,interestadual,icms_interstate,0.12,decimal_rate,interestadual 12%,,1989-05-19,,external_official,https://legis.senado.leg.br/norma/586152/publicacao/15646891,Matriz de apoio; confrontar com Dados_Tributário da Empresa 2 quando aplicável.
empresa_1,empresa_1_icms_0021,AC,RS,interestadual,icms_interstate,0.12,decimal_rate,interestadual 12%,,1989-05-19,,external_official,https://legis.senado.leg.br/norma/586152/publicacao/15646891,Matriz de apoio; confrontar com Dados_Tributário da Empresa 2 quando aplicável.
empresa_1,empresa_1_icms_0022,AC,RO,interestadual,icms_interstate,0.12,decimal_rate,interestadual 12%,,1989-05-19,,external_official,https://legis.senado.leg.br/norma/586152/publicacao/15646891,Matriz de apoio; confrontar com Dados_Tributário da Empresa 2 quando aplicável.
empresa_1,empresa_1_icms_0023,AC,RR,interestadual,icms_interstate,0.12,decimal_rate,interestadual 12%,,1989-05-19,,external_official,https://legis.senado.leg.br/norma/586152/publicacao/15646891,Matriz de apoio; confrontar com Dados_Tributário da Empresa 2 quando aplicável.
empresa_1,empresa_1_icms_0024,AC,SC,interestadual,icms_interstate,0.12,decimal_rate,interestadual 12%,,1989-05-19,,external_official,https://legis.senado.leg.br/norma/586152/publicacao/15646891,Matriz de apoio; confrontar com Dados_Tributário da Empresa 2 quando aplicável.
empresa_1,empresa_1_icms_0025,AC,SP,interestadual,icms_interstate,0.12,decimal_rate,interestadual 12%,,1989-05-19,,external_official,https://legis.senado.leg.br/norma/586152/publicacao/15646891,Matriz de apoio; confrontar com Dados_Tributário da Empresa 2 quando aplicável.
empresa_1,empresa_1_icms_0026,AC,SE,interestadual,icms_interstate,0.12,decimal_rate,interestadual 12%,,1989-05-19,,external_official,https://legis.senado.leg.br/norma/586152/publicacao/15646891,Matriz de apoio; confrontar com Dados_Tributário da Empresa 2 quando aplicável.
empresa_1,empresa_1_icms_0027,AC,TO,interestadual,icms_interstate,0.12,decimal_rate,interestadual 12%,,1989-05-19,,external_official,https://legis.senado.leg.br/norma/586152/publicacao/15646891,Matriz de apoio; confrontar com Dados_Tributário da Empresa 2 quando aplicável.
empresa_1,empresa_1_icms_0028,AL,AC,interestadual,icms_interstate,0.12,decimal_rate,interestadual 12%,,1989-05-19,,external_official,https://legis.senado.leg.br/norma/586152/publicacao/15646891,Matriz de apoio; confrontar com Dados_Tributário da Empresa 2 quando aplicável.
empresa_1,empresa_1_icms_0029,AL,AL,interna,icms_interstate,,decimal_rate,operação interna,,1989-05-19,,external_official,https://legis.senado.leg.br/norma/586152/publicacao/15646891,Matriz de apoio; confrontar com Dados_Tributário da Empresa 2 quando aplicável.
empresa_1,empresa_1_icms_0030,AL,AP,interestadual,icms_interstate,0.12,decimal_rate,interestadual 12%,,1989-05-19,,external_official,https://legis.senado.leg.br/norma/586152/publicacao/15646891,Matriz de apoio; confrontar com Dados_Tributário da Empresa 2 quando aplicável.
empresa_1,empresa_1_icms_0031,AL,AM,interestadual,icms_interstate,0.12,decimal_rate,interestadual 12%,,1989-05-19,,external_official,https://legis.senado.leg.br/norma/586152/publicacao/15646891,Matriz de apoio; confrontar com Dados_Tributário da Empresa 2 quando aplicável.
empresa_1,empresa_1_icms_0032,AL,BA,interestadual,icms_interstate,0.12,decimal_rate,interestadual 12%,,1989-05-19,,external_official,https://legis.senado.leg.br/norma/586152/publicacao/15646891,Matriz de apoio; confrontar com Dados_Tributário da Empresa 2 quando aplicável.
empresa_1,empresa_1_icms_0033,AL,CE,interestadual,icms_interstate,0.12,decimal_rate,interestadual 12%,,1989-05-19,,external_official,https://legis.senado.leg.br/norma/586152/publicacao/15646891,Matriz de apoio; confrontar com Dados_Tributário da Empresa 2 quando aplicável.
empresa_1,empresa_1_icms_0034,AL,DF,interestadual,icms_interstate,0.12,decimal_rate,interestadual 12%,,1989-05-19,,external_official,https://legis.senado.leg.br/norma/586152/publicacao/15646891,Matriz de apoio; confrontar com Dados_Tributário da Empresa 2 quando aplicável.
empresa_1,empresa_1_icms_0035,AL,ES,interestadual,icms_interstate,0.12,decimal_rate,interestadual 12%,,1989-05-19,,external_official,https://legis.senado.leg.br/norma/586152/publicacao/15646891,Matriz de apoio; confrontar com Dados_Tributário da Empresa 2 quando aplicável.
empresa_1,empresa_1_icms_0036,AL,GO,interestadual,icms_interstate,0.12,decimal_rate,interestadual 12%,,1989-05-19,,external_official,https://legis.senado.leg.br/norma/586152/publicacao/15646891,Matriz de apoio; confrontar com Dados_Tributário da Empresa 2 quando aplicável.
empresa_1,empresa_1_icms_0037,AL,MA,interestadual,icms_interstate,0.12,decimal_rate,interestadual 12%,,1989-05-19,,external_official,https://legis.senado.leg.br/norma/586152/publicacao/15646891,Matriz de apoio; confrontar com Dados_Tributário da Empresa 2 quando aplicável.
empresa_1,empresa_1_icms_0038,AL,MT,interestadual,icms_interstate,0.12,decimal_rate,interestadual 12%,,1989-05-19,,external_official,https://legis.senado.leg.br/norma/586152/publicacao/15646891,Matriz de apoio; confrontar com Dados_Tributário da Empresa 2 quando aplicável.
empresa_1,empresa_1_icms_0039,AL,MS,interestadual,icms_interstate,0.12,decimal_rate,interestadual 12%,,1989-05-19,,external_official,https://legis.senado.leg.br/norma/586152/publicacao/15646891,Matriz de apoio; confrontar com Dados_Tributário da Empresa 2 quando aplicável.
empresa_1,empresa_1_icms_0040,AL,MG,interestadual,icms_interstate,0.12,decimal_rate,interestadual 12%,,1989-05-19,,external_official,https://legis.senado.leg.br/norma/586152/publicacao/15646891,Matriz de apoio; confrontar com Dados_Tributário da Empresa 2 quando aplicável.
empresa_1,empresa_1_icms_0041,AL,PA,interestadual,icms_interstate,0.12,decimal_rate,interestadual 12%,,1989-05-19,,external_official,https://legis.senado.leg.br/norma/586152/publicacao/15646891,Matriz de apoio; confrontar com Dados_Tributário da Empresa 2 quando aplicável.
empresa_1,empresa_1_icms_0042,AL,PB,interestadual,icms_interstate,0.12,decimal_rate,interestadual 12%,,1989-05-19,,external_official,https://legis.senado.leg.br/norma/586152/publicacao/15646891,Matriz de apoio; confrontar com Dados_Tributário da Empresa 2 quando aplicável.
empresa_1,empresa_1_icms_0043,AL,PR,interestadual,icms_interstate,0.12,decimal_rate,interestadual 12%,,1989-05-19,,external_official,https://legis.senado.leg.br/norma/586152/publicacao/15646891,Matriz de apoio; confrontar com Dados_Tributário da Empresa 2 quando aplicável.
empresa_1,empresa_1_icms_0044,AL,PE,interestadual,icms_interstate,0.12,decimal_rate,interestadual 12%,,1989-05-19,,external_official,https://legis.senado.leg.br/norma/586152/publicacao/15646891,Matriz de apoio; confrontar com Dados_Tributário da Empresa 2 quando aplicável.
empresa_1,empresa_1_icms_0045,AL,PI,interestadual,icms_interstate,0.12,decimal_rate,interestadual 12%,,1989-05-19,,external_official,https://legis.senado.leg.br/norma/586152/publicacao/15646891,Matriz de apoio; confrontar com Dados_Tributário da Empresa 2 quando aplicável.
empresa_1,empresa_1_icms_0046,AL,RJ,interestadual,icms_interstate,0.12,decimal_rate,interestadual 12%,,1989-05-19,,external_official,https://legis.senado.leg.br/norma/586152/publicacao/15646891,Matriz de apoio; confrontar com Dados_Tributário da Empresa 2 quando aplicável.
empresa_1,empresa_1_icms_0047,AL,RN,interestadual,icms_interstate,0.12,decimal_rate,interestadual 12%,,1989-05-19,,external_official,https://legis.senado.leg.br/norma/586152/publicacao/15646891,Matriz de apoio; confrontar com Dados_Tributário da Empresa 2 quando aplicável.
empresa_1,empresa_1_icms_0048,AL,RS,interestadual,icms_interstate,0.12,decimal_rate,interestadual 12%,,1989-05-19,,external_official,https://legis.senado.leg.br/norma/586152/publicacao/15646891,Matriz de apoio; confrontar com Dados_Tributário da Empresa 2 quando aplicável.
empresa_1,empresa_1_icms_0049,AL,RO,interestadual,icms_interstate,0.12,decimal_rate,interestadual 12%,,1989-05-19,,external_official,https://legis.senado.leg.br/norma/586152/publicacao/15646891,Matriz de apoio; confrontar com Dados_Tributário da Empresa 2 quando aplicável.
empresa_1,empresa_1_icms_0050,AL,RR,interestadual,icms_interstate,0.12,decimal_rate,interestadual 12%,,1989-05-19,,external_official,https://legis.senado.leg.br/norma/586152/publicacao/15646891,Matriz de apoio; confrontar com Dados_Tributário da Empresa 2 quando aplicável.
empresa_1,empresa_1_icms_0051,AL,SC,interestadual,icms_interstate,0.12,decimal_rate,interestadual 12%,,1989-05-19,,external_official,https://legis.senado.leg.br/norma/586152/publicacao/15646891,Matriz de apoio; confrontar com Dados_Tributário da Empresa 2 quando aplicável.
empresa_1,empresa_1_icms_0052,AL,SP,interestadual,icms_interstate,0.12,decimal_rate,interestadual 12%,,1989-05-19,,external_official,https://legis.senado.leg.br/norma/586152/publicacao/15646891,Matriz de apoio; confrontar com Dados_Tributário da Empresa 2 quando aplicável.
empresa_1,empresa_1_icms_0053,AL,SE,interestadual,icms_interstate,0.12,decimal_rate,interestadual 12%,,1989-05-19,,external_official,https://legis.senado.leg.br/norma/586152/publicacao/15646891,Matriz de apoio; confrontar com Dados_Tributário da Empresa 2 quando aplicável.
empresa_1,empresa_1_icms_0054,AL,TO,interestadual,icms_interstate,0.12,decimal_rate,interestadual 12%,,1989-05-19,,external_official,https://legis.senado.leg.br/norma/586152/publicacao/15646891,Matriz de apoio; confrontar com Dados_Tributário da Empresa 2 quando aplicável.
empresa_1,empresa_1_icms_0055,AP,AC,interestadual,icms_interstate,0.12,decimal_rate,interestadual 12%,,1989-05-19,,external_official,https://legis.senado.leg.br/norma/586152/publicacao/15646891,Matriz de apoio; confrontar com Dados_Tributário da Empresa 2 quando aplicável.
empresa_1,empresa_1_icms_0056,AP,AL,interestadual,icms_interstate,0.12,decimal_rate,interestadual 12%,,1989-05-19,,external_official,https://legis.senado.leg.br/norma/586152/publicacao/15646891,Matriz de apoio; confrontar com Dados_Tributário da Empresa 2 quando aplicável.
empresa_1,empresa_1_icms_0057,AP,AP,interna,icms_interstate,,decimal_rate,operação interna,,1989-05-19,,external_official,https://legis.senado.leg.br/norma/586152/publicacao/15646891,Matriz de apoio; confrontar com Dados_Tributário da Empresa 2 quando aplicável.
empresa_1,empresa_1_icms_0058,AP,AM,interestadual,icms_interstate,0.12,decimal_rate,interestadual 12%,,1989-05-19,,external_official,https://legis.senado.leg.br/norma/586152/publicacao/15646891,Matriz de apoio; confrontar com Dados_Tributário da Empresa 2 quando aplicável.
empresa_1,empresa_1_icms_0059,AP,BA,interestadual,icms_interstate,0.12,decimal_rate,interestadual 12%,,1989-05-19,,external_official,https://legis.senado.leg.br/norma/586152/publicacao/15646891,Matriz de apoio; confrontar com Dados_Tributário da Empresa 2 quando aplicável.
empresa_1,empresa_1_icms_0060,AP,CE,interestadual,icms_interstate,0.12,decimal_rate,interestadual 12%,,1989-05-19,,external_official,https://legis.senado.leg.br/norma/586152/publicacao/15646891,Matriz de apoio; confrontar com Dados_Tributário da Empresa 2 quando aplicável.
empresa_1,empresa_1_icms_0061,AP,DF,interestadual,icms_interstate,0.12,decimal_rate,interestadual 12%,,1989-05-19,,external_official,https://legis.senado.leg.br/norma/586152/publicacao/15646891,Matriz de apoio; confrontar com Dados_Tributário da Empresa 2 quando aplicável.
empresa_1,empresa_1_icms_0062,AP,ES,interestadual,icms_interstate,0.12,decimal_rate,interestadual 12%,,1989-05-19,,external_official,https://legis.senado.leg.br/norma/586152/publicacao/15646891,Matriz de apoio; confrontar com Dados_Tributário da Empresa 2 quando aplicável.
empresa_1,empresa_1_icms_0063,AP,GO,interestadual,icms_interstate,0.12,decimal_rate,interestadual 12%,,1989-05-19,,external_official,https://legis.senado.leg.br/norma/586152/publicacao/15646891,Matriz de apoio; confrontar com Dados_Tributário da Empresa 2 quando aplicável.
empresa_1,empresa_1_icms_0064,AP,MA,interestadual,icms_interstate,0.12,decimal_rate,interestadual 12%,,1989-05-19,,external_official,https://legis.senado.leg.br/norma/586152/publicacao/15646891,Matriz de apoio; confrontar com Dados_Tributário da Empresa 2 quando aplicável.
empresa_1,empresa_1_icms_0065,AP,MT,interestadual,icms_interstate,0.12,decimal_rate,interestadual 12%,,1989-05-19,,external_official,https://legis.senado.leg.br/norma/586152/publicacao/15646891,Matriz de apoio; confrontar com Dados_Tributário da Empresa 2 quando aplicável.
empresa_1,empresa_1_icms_0066,AP,MS,interestadual,icms_interstate,0.12,decimal_rate,interestadual 12%,,1989-05-19,,external_official,https://legis.senado.leg.br/norma/586152/publicacao/15646891,Matriz de apoio; confrontar com Dados_Tributário da Empresa 2 quando aplicável.
empresa_1,empresa_1_icms_0067,AP,MG,interestadual,icms_interstate,0.12,decimal_rate,interestadual 12%,,1989-05-19,,external_official,https://legis.senado.leg.br/norma/586152/publicacao/15646891,Matriz de apoio; confrontar com Dados_Tributário da Empresa 2 quando aplicável.
empresa_1,empresa_1_icms_0068,AP,PA,interestadual,icms_interstate,0.12,decimal_rate,interestadual 12%,,1989-05-19,,external_official,https://legis.senado.leg.br/norma/586152/publicacao/15646891,Matriz de apoio; confrontar com Dados_Tributário da Empresa 2 quando aplicável.
empresa_1,empresa_1_icms_0069,AP,PB,interestadual,icms_interstate,0.12,decimal_rate,interestadual 12%,,1989-05-19,,external_official,https://legis.senado.leg.br/norma/586152/publicacao/15646891,Matriz de apoio; confrontar com Dados_Tributário da Empresa 2 quando aplicável.
empresa_1,empresa_1_icms_0070,AP,PR,interestadual,icms_interstate,0.12,decimal_rate,interestadual 12%,,1989-05-19,,external_official,https://legis.senado.leg.br/norma/586152/publicacao/15646891,Matriz de apoio; confrontar com Dados_Tributário da Empresa 2 quando aplicável.
empresa_1,empresa_1_icms_0071,AP,PE,interestadual,icms_interstate,0.12,decimal_rate,interestadual 12%,,1989-05-19,,external_official,https://legis.senado.leg.br/norma/586152/publicacao/15646891,Matriz de apoio; confrontar com Dados_Tributário da Empresa 2 quando aplicável.
empresa_1,empresa_1_icms_0072,AP,PI,interestadual,icms_interstate,0.12,decimal_rate,interestadual 12%,,1989-05-19,,external_official,https://legis.senado.leg.br/norma/586152/publicacao/15646891,Matriz de apoio; confrontar com Dados_Tributário da Empresa 2 quando aplicável.
empresa_1,empresa_1_icms_0073,AP,RJ,interestadual,icms_interstate,0.12,decimal_rate,interestadual 12%,,1989-05-19,,external_official,https://legis.senado.leg.br/norma/586152/publicacao/15646891,Matriz de apoio; confrontar com Dados_Tributário da Empresa 2 quando aplicável.
empresa_1,empresa_1_icms_0074,AP,RN,interestadual,icms_interstate,0.12,decimal_rate,interestadual 12%,,1989-05-19,,external_official,https://legis.senado.leg.br/norma/586152/publicacao/15646891,Matriz de apoio; confrontar com Dados_Tributário da Empresa 2 quando aplicável.
empresa_1,empresa_1_icms_0075,AP,RS,interestadual,icms_interstate,0.12,decimal_rate,interestadual 12%,,1989-05-19,,external_official,https://legis.senado.leg.br/norma/586152/publicacao/15646891,Matriz de apoio; confrontar com Dados_Tributário da Empresa 2 quando aplicável.
empresa_1,empresa_1_icms_0076,AP,RO,interestadual,icms_interstate,0.12,decimal_rate,interestadual 12%,,1989-05-19,,external_official,https://legis.senado.leg.br/norma/586152/publicacao/15646891,Matriz de apoio; confrontar com Dados_Tributário da Empresa 2 quando aplicável.
empresa_1,empresa_1_icms_0077,AP,RR,interestadual,icms_interstate,0.12,decimal_rate,interestadual 12%,,1989-05-19,,external_official,https://legis.senado.leg.br/norma/586152/publicacao/15646891,Matriz de apoio; confrontar com Dados_Tributário da Empresa 2 quando aplicável.
empresa_1,empresa_1_icms_0078,AP,SC,interestadual,icms_interstate,0.12,decimal_rate,interestadual 12%,,1989-05-19,,external_official,https://legis.senado.leg.br/norma/586152/publicacao/15646891,Matriz de apoio; confrontar com Dados_Tributário da Empresa 2 quando aplicável.
empresa_1,empresa_1_icms_0079,AP,SP,interestadual,icms_interstate,0.12,decimal_rate,interestadual 12%,,1989-05-19,,external_official,https://legis.senado.leg.br/norma/586152/publicacao/15646891,Matriz de apoio; confrontar com Dados_Tributário da Empresa 2 quando aplicável.
empresa_1,empresa_1_icms_0080,AP,SE,interestadual,icms_interstate,0.12,decimal_rate,interestadual 12%,,1989-05-19,,external_official,https://legis.senado.leg.br/norma/586152/publicacao/15646891,Matriz de apoio; confrontar com Dados_Tributário da Empresa 2 quando aplicável.
empresa_1,empresa_1_icms_0081,AP,TO,interestadual,icms_interstate,0.12,decimal_rate,interestadual 12%,,1989-05-19,,external_official,https://legis.senado.leg.br/norma/586152/publicacao/15646891,Matriz de apoio; confrontar com Dados_Tributário da Empresa 2 quando aplicável.
empresa_1,empresa_1_icms_0082,AM,AC,interestadual,icms_interstate,0.12,decimal_rate,interestadual 12%,,1989-05-19,,external_official,https://legis.senado.leg.br/norma/586152/publicacao/15646891,Matriz de apoio; confrontar com Dados_Tributário da Empresa 2 quando aplicável.
empresa_1,empresa_1_icms_0083,AM,AL,interestadual,icms_interstate,0.12,decimal_rate,interestadual 12%,,1989-05-19,,external_official,https://legis.senado.leg.br/norma/586152/publicacao/15646891,Matriz de apoio; confrontar com Dados_Tributário da Empresa 2 quando aplicável.
empresa_1,empresa_1_icms_0084,AM,AP,interestadual,icms_interstate,0.12,decimal_rate,interestadual 12%,,1989-05-19,,external_official,https://legis.senado.leg.br/norma/586152/publicacao/15646891,Matriz de apoio; confrontar com Dados_Tributário da Empresa 2 quando aplicável.
empresa_1,empresa_1_icms_0085,AM,AM,interna,icms_interstate,,decimal_rate,operação interna,,1989-05-19,,external_official,https://legis.senado.leg.br/norma/586152/publicacao/15646891,Matriz de apoio; confrontar com Dados_Tributário da Empresa 2 quando aplicável.
empresa_1,empresa_1_icms_0086,AM,BA,interestadual,icms_interstate,0.12,decimal_rate,interestadual 12%,,1989-05-19,,external_official,https://legis.senado.leg.br/norma/586152/publicacao/15646891,Matriz de apoio; confrontar com Dados_Tributário da Empresa 2 quando aplicável.
empresa_1,empresa_1_icms_0087,AM,CE,interestadual,icms_interstate,0.12,decimal_rate,interestadual 12%,,1989-05-19,,external_official,https://legis.senado.leg.br/norma/586152/publicacao/15646891,Matriz de apoio; confrontar com Dados_Tributário da Empresa 2 quando aplicável.
empresa_1,empresa_1_icms_0088,AM,DF,interestadual,icms_interstate,0.12,decimal_rate,interestadual 12%,,1989-05-19,,external_official,https://legis.senado.leg.br/norma/586152/publicacao/15646891,Matriz de apoio; confrontar com Dados_Tributário da Empresa 2 quando aplicável.
empresa_1,empresa_1_icms_0089,AM,ES,interestadual,icms_interstate,0.12,decimal_rate,interestadual 12%,,1989-05-19,,external_official,https://legis.senado.leg.br/norma/586152/publicacao/15646891,Matriz de apoio; confrontar com Dados_Tributário da Empresa 2 quando aplicável.
empresa_1,empresa_1_icms_0090,AM,GO,interestadual,icms_interstate,0.12,decimal_rate,interestadual 12%,,1989-05-19,,external_official,https://legis.senado.leg.br/norma/586152/publicacao/15646891,Matriz de apoio; confrontar com Dados_Tributário da Empresa 2 quando aplicável.
empresa_1,empresa_1_icms_0091,AM,MA,interestadual,icms_interstate,0.12,decimal_rate,interestadual 12%,,1989-05-19,,external_official,https://legis.senado.leg.br/norma/586152/publicacao/15646891,Matriz de apoio; confrontar com Dados_Tributário da Empresa 2 quando aplicável.
empresa_1,empresa_1_icms_0092,AM,MT,interestadual,icms_interstate,0.12,decimal_rate,interestadual 12%,,1989-05-19,,external_official,https://legis.senado.leg.br/norma/586152/publicacao/15646891,Matriz de apoio; confrontar com Dados_Tributário da Empresa 2 quando aplicável.
empresa_1,empresa_1_icms_0093,AM,MS,interestadual,icms_interstate,0.12,decimal_rate,interestadual 12%,,1989-05-19,,external_official,https://legis.senado.leg.br/norma/586152/publicacao/15646891,Matriz de apoio; confrontar com Dados_Tributário da Empresa 2 quando aplicável.
empresa_1,empresa_1_icms_0094,AM,MG,interestadual,icms_interstate,0.12,decimal_rate,interestadual 12%,,1989-05-19,,external_official,https://legis.senado.leg.br/norma/586152/publicacao/15646891,Matriz de apoio; confrontar com Dados_Tributário da Empresa 2 quando aplicável.
empresa_1,empresa_1_icms_0095,AM,PA,interestadual,icms_interstate,0.12,decimal_rate,interestadual 12%,,1989-05-19,,external_official,https://legis.senado.leg.br/norma/586152/publicacao/15646891,Matriz de apoio; confrontar com Dados_Tributário da Empresa 2 quando aplicável.
empresa_1,empresa_1_icms_0096,AM,PB,interestadual,icms_interstate,0.12,decimal_rate,interestadual 12%,,1989-05-19,,external_official,https://legis.senado.leg.br/norma/586152/publicacao/15646891,Matriz de apoio; confrontar com Dados_Tributário da Empresa 2 quando aplicável.
empresa_1,empresa_1_icms_0097,AM,PR,interestadual,icms_interstate,0.12,decimal_rate,interestadual 12%,,1989-05-19,,external_official,https://legis.senado.leg.br/norma/586152/publicacao/15646891,Matriz de apoio; confrontar com Dados_Tributário da Empresa 2 quando aplicável.
empresa_1,empresa_1_icms_0098,AM,PE,interestadual,icms_interstate,0.12,decimal_rate,interestadual 12%,,1989-05-19,,external_official,https://legis.senado.leg.br/norma/586152/publicacao/15646891,Matriz de apoio; confrontar com Dados_Tributário da Empresa 2 quando aplicável.
empresa_1,empresa_1_icms_0099,AM,PI,interestadual,icms_interstate,0.12,decimal_rate,interestadual 12%,,1989-05-19,,external_official,https://legis.senado.leg.br/norma/586152/publicacao/15646891,Matriz de apoio; confrontar com Dados_Tributário da Empresa 2 quando aplicável.
empresa_1,empresa_1_icms_0100,AM,RJ,interestadual,icms_interstate,0.12,decimal_rate,interestadual 12%,,1989-05-19,,external_official,https://legis.senado.leg.br/norma/586152/publicacao/15646891,Matriz de apoio; confrontar com Dados_Tributário da Empresa 2 quando aplicável.
empresa_1,empresa_1_icms_0101,AM,RN,interestadual,icms_interstate,0.12,decimal_rate,interestadual 12%,,1989-05-19,,external_official,https://legis.senado.leg.br/norma/586152/publicacao/15646891,Matriz de apoio; confrontar com Dados_Tributário da Empresa 2 quando aplicável.
empresa_1,empresa_1_icms_0102,AM,RS,interestadual,icms_interstate,0.12,decimal_rate,interestadual 12%,,1989-05-19,,external_official,https://legis.senado.leg.br/norma/586152/publicacao/15646891,Matriz de apoio; confrontar com Dados_Tributário da Empresa 2 quando aplicável.
empresa_1,empresa_1_icms_0103,AM,RO,interestadual,icms_interstate,0.12,decimal_rate,interestadual 12%,,1989-05-19,,external_official,https://legis.senado.leg.br/norma/586152/publicacao/15646891,Matriz de apoio; confrontar com Dados_Tributário da Empresa 2 quando aplicável.
empresa_1,empresa_1_icms_0104,AM,RR,interestadual,icms_interstate,0.12,decimal_rate,interestadual 12%,,1989-05-19,,external_official,https://legis.senado.leg.br/norma/586152/publicacao/15646891,Matriz de apoio; confrontar com Dados_Tributário da Empresa 2 quando aplicável.
empresa_1,empresa_1_icms_0105,AM,SC,interestadual,icms_interstate,0.12,decimal_rate,interestadual 12%,,1989-05-19,,external_official,https://legis.senado.leg.br/norma/586152/publicacao/15646891,Matriz de apoio; confrontar com Dados_Tributário da Empresa 2 quando aplicável.
empresa_1,empresa_1_icms_0106,AM,SP,interestadual,icms_interstate,0.12,decimal_rate,interestadual 12%,,1989-05-19,,external_official,https://legis.senado.leg.br/norma/586152/publicacao/15646891,Matriz de apoio; confrontar com Dados_Tributário da Empresa 2 quando aplicável.
empresa_1,empresa_1_icms_0107,AM,SE,interestadual,icms_interstate,0.12,decimal_rate,interestadual 12%,,1989-05-19,,external_official,https://legis.senado.leg.br/norma/586152/publicacao/15646891,Matriz de apoio; confrontar com Dados_Tributário da Empresa 2 quando aplicável.
empresa_1,empresa_1_icms_0108,AM,TO,interestadual,icms_interstate,0.12,decimal_rate,interestadual 12%,,1989-05-19,,external_official,https://legis.senado.leg.br/norma/586152/publicacao/15646891,Matriz de apoio; confrontar com Dados_Tributário da Empresa 2 quando aplicável.
empresa_1,empresa_1_icms_0109,BA,AC,interestadual,icms_interstate,0.12,decimal_rate,interestadual 12%,,1989-05-19,,external_official,https://legis.senado.leg.br/norma/586152/publicacao/15646891,Matriz de apoio; confrontar com Dados_Tributário da Empresa 2 quando aplicável.
empresa_1,empresa_1_icms_0110,BA,AL,interestadual,icms_interstate,0.12,decimal_rate,interestadual 12%,,1989-05-19,,external_official,https://legis.senado.leg.br/norma/586152/publicacao/15646891,Matriz de apoio; confrontar com Dados_Tributário da Empresa 2 quando aplicável.
empresa_1,empresa_1_icms_0111,BA,AP,interestadual,icms_interstate,0.12,decimal_rate,interestadual 12%,,1989-05-19,,external_official,https://legis.senado.leg.br/norma/586152/publicacao/15646891,Matriz de apoio; confrontar com Dados_Tributário da Empresa 2 quando aplicável.
empresa_1,empresa_1_icms_0112,BA,AM,interestadual,icms_interstate,0.12,decimal_rate,interestadual 12%,,1989-05-19,,external_official,https://legis.senado.leg.br/norma/586152/publicacao/15646891,Matriz de apoio; confrontar com Dados_Tributário da Empresa 2 quando aplicável.
empresa_1,empresa_1_icms_0113,BA,BA,interna,icms_interstate,,decimal_rate,operação interna,,1989-05-19,,external_official,https://legis.senado.leg.br/norma/586152/publicacao/15646891,Matriz de apoio; confrontar com Dados_Tributário da Empresa 2 quando aplicável.
empresa_1,empresa_1_icms_0114,BA,CE,interestadual,icms_interstate,0.12,decimal_rate,interestadual 12%,,1989-05-19,,external_official,https://legis.senado.leg.br/norma/586152/publicacao/15646891,Matriz de apoio; confrontar com Dados_Tributário da Empresa 2 quando aplicável.
empresa_1,empresa_1_icms_0115,BA,DF,interestadual,icms_interstate,0.12,decimal_rate,interestadual 12%,,1989-05-19,,external_official,https://legis.senado.leg.br/norma/586152/publicacao/15646891,Matriz de apoio; confrontar com Dados_Tributário da Empresa 2 quando aplicável.
empresa_1,empresa_1_icms_0116,BA,ES,interestadual,icms_interstate,0.12,decimal_rate,interestadual 12%,,1989-05-19,,external_official,https://legis.senado.leg.br/norma/586152/publicacao/15646891,Matriz de apoio; confrontar com Dados_Tributário da Empresa 2 quando aplicável.
empresa_1,empresa_1_icms_0117,BA,GO,interestadual,icms_interstate,0.12,decimal_rate,interestadual 12%,,1989-05-19,,external_official,https://legis.senado.leg.br/norma/586152/publicacao/15646891,Matriz de apoio; confrontar com Dados_Tributário da Empresa 2 quando aplicável.
empresa_1,empresa_1_icms_0118,BA,MA,interestadual,icms_interstate,0.12,decimal_rate,interestadual 12%,,1989-05-19,,external_official,https://legis.senado.leg.br/norma/586152/publicacao/15646891,Matriz de apoio; confrontar com Dados_Tributário da Empresa 2 quando aplicável.
empresa_1,empresa_1_icms_0119,BA,MT,interestadual,icms_interstate,0.12,decimal_rate,interestadual 12%,,1989-05-19,,external_official,https://legis.senado.leg.br/norma/586152/publicacao/15646891,Matriz de apoio; confrontar com Dados_Tributário da Empresa 2 quando aplicável.
empresa_1,empresa_1_icms_0120,BA,MS,interestadual,icms_interstate,0.12,decimal_rate,interestadual 12%,,1989-05-19,,external_official,https://legis.senado.leg.br/norma/586152/publicacao/15646891,Matriz de apoio; confrontar com Dados_Tributário da Empresa 2 quando aplicável.
empresa_1,empresa_1_icms_0121,BA,MG,interestadual,icms_interstate,0.12,decimal_rate,interestadual 12%,,1989-05-19,,external_official,https://legis.senado.leg.br/norma/586152/publicacao/15646891,Matriz de apoio; confrontar com Dados_Tributário da Empresa 2 quando aplicável.
empresa_1,empresa_1_icms_0122,BA,PA,interestadual,icms_interstate,0.12,decimal_rate,interestadual 12%,,1989-05-19,,external_official,https://legis.senado.leg.br/norma/586152/publicacao/15646891,Matriz de apoio; confrontar com Dados_Tributário da Empresa 2 quando aplicável.
empresa_1,empresa_1_icms_0123,BA,PB,interestadual,icms_interstate,0.12,decimal_rate,interestadual 12%,,1989-05-19,,external_official,https://legis.senado.leg.br/norma/586152/publicacao/15646891,Matriz de apoio; confrontar com Dados_Tributário da Empresa 2 quando aplicável.
empresa_1,empresa_1_icms_0124,BA,PR,interestadual,icms_interstate,0.12,decimal_rate,interestadual 12%,,1989-05-19,,external_official,https://legis.senado.leg.br/norma/586152/publicacao/15646891,Matriz de apoio; confrontar com Dados_Tributário da Empresa 2 quando aplicável.
empresa_1,empresa_1_icms_0125,BA,PE,interestadual,icms_interstate,0.12,decimal_rate,interestadual 12%,,1989-05-19,,external_official,https://legis.senado.leg.br/norma/586152/publicacao/15646891,Matriz de apoio; confrontar com Dados_Tributário da Empresa 2 quando aplicável.
empresa_1,empresa_1_icms_0126,BA,PI,interestadual,icms_interstate,0.12,decimal_rate,interestadual 12%,,1989-05-19,,external_official,https://legis.senado.leg.br/norma/586152/publicacao/15646891,Matriz de apoio; confrontar com Dados_Tributário da Empresa 2 quando aplicável.
empresa_1,empresa_1_icms_0127,BA,RJ,interestadual,icms_interstate,0.12,decimal_rate,interestadual 12%,,1989-05-19,,external_official,https://legis.senado.leg.br/norma/586152/publicacao/15646891,Matriz de apoio; confrontar com Dados_Tributário da Empresa 2 quando aplicável.
empresa_1,empresa_1_icms_0128,BA,RN,interestadual,icms_interstate,0.12,decimal_rate,interestadual 12%,,1989-05-19,,external_official,https://legis.senado.leg.br/norma/586152/publicacao/15646891,Matriz de apoio; confrontar com Dados_Tributário da Empresa 2 quando aplicável.
empresa_1,empresa_1_icms_0129,BA,RS,interestadual,icms_interstate,0.12,decimal_rate,interestadual 12%,,1989-05-19,,external_official,https://legis.senado.leg.br/norma/586152/publicacao/15646891,Matriz de apoio; confrontar com Dados_Tributário da Empresa 2 quando aplicável.
empresa_1,empresa_1_icms_0130,BA,RO,interestadual,icms_interstate,0.12,decimal_rate,interestadual 12%,,1989-05-19,,external_official,https://legis.senado.leg.br/norma/586152/publicacao/15646891,Matriz de apoio; confrontar com Dados_Tributário da Empresa 2 quando aplicável.
empresa_1,empresa_1_icms_0131,BA,RR,interestadual,icms_interstate,0.12,decimal_rate,interestadual 12%,,1989-05-19,,external_official,https://legis.senado.leg.br/norma/586152/publicacao/15646891,Matriz de apoio; confrontar com Dados_Tributário da Empresa 2 quando aplicável.
empresa_1,empresa_1_icms_0132,BA,SC,interestadual,icms_interstate,0.12,decimal_rate,interestadual 12%,,1989-05-19,,external_official,https://legis.senado.leg.br/norma/586152/publicacao/15646891,Matriz de apoio; confrontar com Dados_Tributário da Empresa 2 quando aplicável.
empresa_1,empresa_1_icms_0133,BA,SP,interestadual,icms_interstate,0.12,decimal_rate,interestadual 12%,,1989-05-19,,external_official,https://legis.senado.leg.br/norma/586152/publicacao/15646891,Matriz de apoio; confrontar com Dados_Tributário da Empresa 2 quando aplicável.
empresa_1,empresa_1_icms_0134,BA,SE,interestadual,icms_interstate,0.12,decimal_rate,interestadual 12%,,1989-05-19,,external_official,https://legis.senado.leg.br/norma/586152/publicacao/15646891,Matriz de apoio; confrontar com Dados_Tributário da Empresa 2 quando aplicável.
empresa_1,empresa_1_icms_0135,BA,TO,interestadual,icms_interstate,0.12,decimal_rate,interestadual 12%,,1989-05-19,,external_official,https://legis.senado.leg.br/norma/586152/publicacao/15646891,Matriz de apoio; confrontar com Dados_Tributário da Empresa 2 quando aplicável.
empresa_1,empresa_1_icms_0136,CE,AC,interestadual,icms_interstate,0.12,decimal_rate,interestadual 12%,,1989-05-19,,external_official,https://legis.senado.leg.br/norma/586152/publicacao/15646891,Matriz de apoio; confrontar com Dados_Tributário da Empresa 2 quando aplicável.
empresa_1,empresa_1_icms_0137,CE,AL,interestadual,icms_interstate,0.12,decimal_rate,interestadual 12%,,1989-05-19,,external_official,https://legis.senado.leg.br/norma/586152/publicacao/15646891,Matriz de apoio; confrontar com Dados_Tributário da Empresa 2 quando aplicável.
empresa_1,empresa_1_icms_0138,CE,AP,interestadual,icms_interstate,0.12,decimal_rate,interestadual 12%,,1989-05-19,,external_official,https://legis.senado.leg.br/norma/586152/publicacao/15646891,Matriz de apoio; confrontar com Dados_Tributário da Empresa 2 quando aplicável.
empresa_1,empresa_1_icms_0139,CE,AM,interestadual,icms_interstate,0.12,decimal_rate,interestadual 12%,,1989-05-19,,external_official,https://legis.senado.leg.br/norma/586152/publicacao/15646891,Matriz de apoio; confrontar com Dados_Tributário da Empresa 2 quando aplicável.
empresa_1,empresa_1_icms_0140,CE,BA,interestadual,icms_interstate,0.12,decimal_rate,interestadual 12%,,1989-05-19,,external_official,https://legis.senado.leg.br/norma/586152/publicacao/15646891,Matriz de apoio; confrontar com Dados_Tributário da Empresa 2 quando aplicável.
empresa_1,empresa_1_icms_0141,CE,CE,interna,icms_interstate,,decimal_rate,operação interna,,1989-05-19,,external_official,https://legis.senado.leg.br/norma/586152/publicacao/15646891,Matriz de apoio; confrontar com Dados_Tributário da Empresa 2 quando aplicável.
empresa_1,empresa_1_icms_0142,CE,DF,interestadual,icms_interstate,0.12,decimal_rate,interestadual 12%,,1989-05-19,,external_official,https://legis.senado.leg.br/norma/586152/publicacao/15646891,Matriz de apoio; confrontar com Dados_Tributário da Empresa 2 quando aplicável.
empresa_1,empresa_1_icms_0143,CE,ES,interestadual,icms_interstate,0.12,decimal_rate,interestadual 12%,,1989-05-19,,external_official,https://legis.senado.leg.br/norma/586152/publicacao/15646891,Matriz de apoio; confrontar com Dados_Tributário da Empresa 2 quando aplicável.
empresa_1,empresa_1_icms_0144,CE,GO,interestadual,icms_interstate,0.12,decimal_rate,interestadual 12%,,1989-05-19,,external_official,https://legis.senado.leg.br/norma/586152/publicacao/15646891,Matriz de apoio; confrontar com Dados_Tributário da Empresa 2 quando aplicável.
empresa_1,empresa_1_icms_0145,CE,MA,interestadual,icms_interstate,0.12,decimal_rate,interestadual 12%,,1989-05-19,,external_official,https://legis.senado.leg.br/norma/586152/publicacao/15646891,Matriz de apoio; confrontar com Dados_Tributário da Empresa 2 quando aplicável.
empresa_1,empresa_1_icms_0146,CE,MT,interestadual,icms_interstate,0.12,decimal_rate,interestadual 12%,,1989-05-19,,external_official,https://legis.senado.leg.br/norma/586152/publicacao/15646891,Matriz de apoio; confrontar com Dados_Tributário da Empresa 2 quando aplicável.
empresa_1,empresa_1_icms_0147,CE,MS,interestadual,icms_interstate,0.12,decimal_rate,interestadual 12%,,1989-05-19,,external_official,https://legis.senado.leg.br/norma/586152/publicacao/15646891,Matriz de apoio; confrontar com Dados_Tributário da Empresa 2 quando aplicável.
empresa_1,empresa_1_icms_0148,CE,MG,interestadual,icms_interstate,0.12,decimal_rate,interestadual 12%,,1989-05-19,,external_official,https://legis.senado.leg.br/norma/586152/publicacao/15646891,Matriz de apoio; confrontar com Dados_Tributário da Empresa 2 quando aplicável.
empresa_1,empresa_1_icms_0149,CE,PA,interestadual,icms_interstate,0.12,decimal_rate,interestadual 12%,,1989-05-19,,external_official,https://legis.senado.leg.br/norma/586152/publicacao/15646891,Matriz de apoio; confrontar com Dados_Tributário da Empresa 2 quando aplicável.
empresa_1,empresa_1_icms_0150,CE,PB,interestadual,icms_interstate,0.12,decimal_rate,interestadual 12%,,1989-05-19,,external_official,https://legis.senado.leg.br/norma/586152/publicacao/15646891,Matriz de apoio; confrontar com Dados_Tributário da Empresa 2 quando aplicável.
empresa_1,empresa_1_icms_0151,CE,PR,interestadual,icms_interstate,0.12,decimal_rate,interestadual 12%,,1989-05-19,,external_official,https://legis.senado.leg.br/norma/586152/publicacao/15646891,Matriz de apoio; confrontar com Dados_Tributário da Empresa 2 quando aplicável.
empresa_1,empresa_1_icms_0152,CE,PE,interestadual,icms_interstate,0.12,decimal_rate,interestadual 12%,,1989-05-19,,external_official,https://legis.senado.leg.br/norma/586152/publicacao/15646891,Matriz de apoio; confrontar com Dados_Tributário da Empresa 2 quando aplicável.
empresa_1,empresa_1_icms_0153,CE,PI,interestadual,icms_interstate,0.12,decimal_rate,interestadual 12%,,1989-05-19,,external_official,https://legis.senado.leg.br/norma/586152/publicacao/15646891,Matriz de apoio; confrontar com Dados_Tributário da Empresa 2 quando aplicável.
empresa_1,empresa_1_icms_0154,CE,RJ,interestadual,icms_interstate,0.12,decimal_rate,interestadual 12%,,1989-05-19,,external_official,https://legis.senado.leg.br/norma/586152/publicacao/15646891,Matriz de apoio; confrontar com Dados_Tributário da Empresa 2 quando aplicável.
empresa_1,empresa_1_icms_0155,CE,RN,interestadual,icms_interstate,0.12,decimal_rate,interestadual 12%,,1989-05-19,,external_official,https://legis.senado.leg.br/norma/586152/publicacao/15646891,Matriz de apoio; confrontar com Dados_Tributário da Empresa 2 quando aplicável.
empresa_1,empresa_1_icms_0156,CE,RS,interestadual,icms_interstate,0.12,decimal_rate,interestadual 12%,,1989-05-19,,external_official,https://legis.senado.leg.br/norma/586152/publicacao/15646891,Matriz de apoio; confrontar com Dados_Tributário da Empresa 2 quando aplicável.
empresa_1,empresa_1_icms_0157,CE,RO,interestadual,icms_interstate,0.12,decimal_rate,interestadual 12%,,1989-05-19,,external_official,https://legis.senado.leg.br/norma/586152/publicacao/15646891,Matriz de apoio; confrontar com Dados_Tributário da Empresa 2 quando aplicável.
empresa_1,empresa_1_icms_0158,CE,RR,interestadual,icms_interstate,0.12,decimal_rate,interestadual 12%,,1989-05-19,,external_official,https://legis.senado.leg.br/norma/586152/publicacao/15646891,Matriz de apoio; confrontar com Dados_Tributário da Empresa 2 quando aplicável.
empresa_1,empresa_1_icms_0159,CE,SC,interestadual,icms_interstate,0.12,decimal_rate,interestadual 12%,,1989-05-19,,external_official,https://legis.senado.leg.br/norma/586152/publicacao/15646891,Matriz de apoio; confrontar com Dados_Tributário da Empresa 2 quando aplicável.
empresa_1,empresa_1_icms_0160,CE,SP,interestadual,icms_interstate,0.12,decimal_rate,interestadual 12%,,1989-05-19,,external_official,https://legis.senado.leg.br/norma/586152/publicacao/15646891,Matriz de apoio; confrontar com Dados_Tributário da Empresa 2 quando aplicável.
empresa_1,empresa_1_icms_0161,CE,SE,interestadual,icms_interstate,0.12,decimal_rate,interestadual 12%,,1989-05-19,,external_official,https://legis.senado.leg.br/norma/586152/publicacao/15646891,Matriz de apoio; confrontar com Dados_Tributário da Empresa 2 quando aplicável.
empresa_1,empresa_1_icms_0162,CE,TO,interestadual,icms_interstate,0.12,decimal_rate,interestadual 12%,,1989-05-19,,external_official,https://legis.senado.leg.br/norma/586152/publicacao/15646891,Matriz de apoio; confrontar com Dados_Tributário da Empresa 2 quando aplicável.
empresa_1,empresa_1_icms_0163,DF,AC,interestadual,icms_interstate,0.12,decimal_rate,interestadual 12%,,1989-05-19,,external_official,https://legis.senado.leg.br/norma/586152/publicacao/15646891,Matriz de apoio; confrontar com Dados_Tributário da Empresa 2 quando aplicável.
empresa_1,empresa_1_icms_0164,DF,AL,interestadual,icms_interstate,0.12,decimal_rate,interestadual 12%,,1989-05-19,,external_official,https://legis.senado.leg.br/norma/586152/publicacao/15646891,Matriz de apoio; confrontar com Dados_Tributário da Empresa 2 quando aplicável.
empresa_1,empresa_1_icms_0165,DF,AP,interestadual,icms_interstate,0.12,decimal_rate,interestadual 12%,,1989-05-19,,external_official,https://legis.senado.leg.br/norma/586152/publicacao/15646891,Matriz de apoio; confrontar com Dados_Tributário da Empresa 2 quando aplicável.
empresa_1,empresa_1_icms_0166,DF,AM,interestadual,icms_interstate,0.12,decimal_rate,interestadual 12%,,1989-05-19,,external_official,https://legis.senado.leg.br/norma/586152/publicacao/15646891,Matriz de apoio; confrontar com Dados_Tributário da Empresa 2 quando aplicável.
empresa_1,empresa_1_icms_0167,DF,BA,interestadual,icms_interstate,0.12,decimal_rate,interestadual 12%,,1989-05-19,,external_official,https://legis.senado.leg.br/norma/586152/publicacao/15646891,Matriz de apoio; confrontar com Dados_Tributário da Empresa 2 quando aplicável.
empresa_1,empresa_1_icms_0168,DF,CE,interestadual,icms_interstate,0.12,decimal_rate,interestadual 12%,,1989-05-19,,external_official,https://legis.senado.leg.br/norma/586152/publicacao/15646891,Matriz de apoio; confrontar com Dados_Tributário da Empresa 2 quando aplicável.
empresa_1,empresa_1_icms_0169,DF,DF,interna,icms_interstate,,decimal_rate,operação interna,,1989-05-19,,external_official,https://legis.senado.leg.br/norma/586152/publicacao/15646891,Matriz de apoio; confrontar com Dados_Tributário da Empresa 2 quando aplicável.
empresa_1,empresa_1_icms_0170,DF,ES,interestadual,icms_interstate,0.12,decimal_rate,interestadual 12%,,1989-05-19,,external_official,https://legis.senado.leg.br/norma/586152/publicacao/15646891,Matriz de apoio; confrontar com Dados_Tributário da Empresa 2 quando aplicável.
empresa_1,empresa_1_icms_0171,DF,GO,interestadual,icms_interstate,0.12,decimal_rate,interestadual 12%,,1989-05-19,,external_official,https://legis.senado.leg.br/norma/586152/publicacao/15646891,Matriz de apoio; confrontar com Dados_Tributário da Empresa 2 quando aplicável.
empresa_1,empresa_1_icms_0172,DF,MA,interestadual,icms_interstate,0.12,decimal_rate,interestadual 12%,,1989-05-19,,external_official,https://legis.senado.leg.br/norma/586152/publicacao/15646891,Matriz de apoio; confrontar com Dados_Tributário da Empresa 2 quando aplicável.
empresa_1,empresa_1_icms_0173,DF,MT,interestadual,icms_interstate,0.12,decimal_rate,interestadual 12%,,1989-05-19,,external_official,https://legis.senado.leg.br/norma/586152/publicacao/15646891,Matriz de apoio; confrontar com Dados_Tributário da Empresa 2 quando aplicável.
empresa_1,empresa_1_icms_0174,DF,MS,interestadual,icms_interstate,0.12,decimal_rate,interestadual 12%,,1989-05-19,,external_official,https://legis.senado.leg.br/norma/586152/publicacao/15646891,Matriz de apoio; confrontar com Dados_Tributário da Empresa 2 quando aplicável.
empresa_1,empresa_1_icms_0175,DF,MG,interestadual,icms_interstate,0.12,decimal_rate,interestadual 12%,,1989-05-19,,external_official,https://legis.senado.leg.br/norma/586152/publicacao/15646891,Matriz de apoio; confrontar com Dados_Tributário da Empresa 2 quando aplicável.
empresa_1,empresa_1_icms_0176,DF,PA,interestadual,icms_interstate,0.12,decimal_rate,interestadual 12%,,1989-05-19,,external_official,https://legis.senado.leg.br/norma/586152/publicacao/15646891,Matriz de apoio; confrontar com Dados_Tributário da Empresa 2 quando aplicável.
empresa_1,empresa_1_icms_0177,DF,PB,interestadual,icms_interstate,0.12,decimal_rate,interestadual 12%,,1989-05-19,,external_official,https://legis.senado.leg.br/norma/586152/publicacao/15646891,Matriz de apoio; confrontar com Dados_Tributário da Empresa 2 quando aplicável.
empresa_1,empresa_1_icms_0178,DF,PR,interestadual,icms_interstate,0.12,decimal_rate,interestadual 12%,,1989-05-19,,external_official,https://legis.senado.leg.br/norma/586152/publicacao/15646891,Matriz de apoio; confrontar com Dados_Tributário da Empresa 2 quando aplicável.
empresa_1,empresa_1_icms_0179,DF,PE,interestadual,icms_interstate,0.12,decimal_rate,interestadual 12%,,1989-05-19,,external_official,https://legis.senado.leg.br/norma/586152/publicacao/15646891,Matriz de apoio; confrontar com Dados_Tributário da Empresa 2 quando aplicável.
empresa_1,empresa_1_icms_0180,DF,PI,interestadual,icms_interstate,0.12,decimal_rate,interestadual 12%,,1989-05-19,,external_official,https://legis.senado.leg.br/norma/586152/publicacao/15646891,Matriz de apoio; confrontar com Dados_Tributário da Empresa 2 quando aplicável.
empresa_1,empresa_1_icms_0181,DF,RJ,interestadual,icms_interstate,0.12,decimal_rate,interestadual 12%,,1989-05-19,,external_official,https://legis.senado.leg.br/norma/586152/publicacao/15646891,Matriz de apoio; confrontar com Dados_Tributário da Empresa 2 quando aplicável.
empresa_1,empresa_1_icms_0182,DF,RN,interestadual,icms_interstate,0.12,decimal_rate,interestadual 12%,,1989-05-19,,external_official,https://legis.senado.leg.br/norma/586152/publicacao/15646891,Matriz de apoio; confrontar com Dados_Tributário da Empresa 2 quando aplicável.
empresa_1,empresa_1_icms_0183,DF,RS,interestadual,icms_interstate,0.12,decimal_rate,interestadual 12%,,1989-05-19,,external_official,https://legis.senado.leg.br/norma/586152/publicacao/15646891,Matriz de apoio; confrontar com Dados_Tributário da Empresa 2 quando aplicável.
empresa_1,empresa_1_icms_0184,DF,RO,interestadual,icms_interstate,0.12,decimal_rate,interestadual 12%,,1989-05-19,,external_official,https://legis.senado.leg.br/norma/586152/publicacao/15646891,Matriz de apoio; confrontar com Dados_Tributário da Empresa 2 quando aplicável.
empresa_1,empresa_1_icms_0185,DF,RR,interestadual,icms_interstate,0.12,decimal_rate,interestadual 12%,,1989-05-19,,external_official,https://legis.senado.leg.br/norma/586152/publicacao/15646891,Matriz de apoio; confrontar com Dados_Tributário da Empresa 2 quando aplicável.
empresa_1,empresa_1_icms_0186,DF,SC,interestadual,icms_interstate,0.12,decimal_rate,interestadual 12%,,1989-05-19,,external_official,https://legis.senado.leg.br/norma/586152/publicacao/15646891,Matriz de apoio; confrontar com Dados_Tributário da Empresa 2 quando aplicável.
empresa_1,empresa_1_icms_0187,DF,SP,interestadual,icms_interstate,0.12,decimal_rate,interestadual 12%,,1989-05-19,,external_official,https://legis.senado.leg.br/norma/586152/publicacao/15646891,Matriz de apoio; confrontar com Dados_Tributário da Empresa 2 quando aplicável.
empresa_1,empresa_1_icms_0188,DF,SE,interestadual,icms_interstate,0.12,decimal_rate,interestadual 12%,,1989-05-19,,external_official,https://legis.senado.leg.br/norma/586152/publicacao/15646891,Matriz de apoio; confrontar com Dados_Tributário da Empresa 2 quando aplicável.
empresa_1,empresa_1_icms_0189,DF,TO,interestadual,icms_interstate,0.12,decimal_rate,interestadual 12%,,1989-05-19,,external_official,https://legis.senado.leg.br/norma/586152/publicacao/15646891,Matriz de apoio; confrontar com Dados_Tributário da Empresa 2 quando aplicável.
empresa_1,empresa_1_icms_0190,ES,AC,interestadual,icms_interstate,0.12,decimal_rate,interestadual 12%,,1989-05-19,,external_official,https://legis.senado.leg.br/norma/586152/publicacao/15646891,Matriz de apoio; confrontar com Dados_Tributário da Empresa 2 quando aplicável.
empresa_1,empresa_1_icms_0191,ES,AL,interestadual,icms_interstate,0.12,decimal_rate,interestadual 12%,,1989-05-19,,external_official,https://legis.senado.leg.br/norma/586152/publicacao/15646891,Matriz de apoio; confrontar com Dados_Tributário da Empresa 2 quando aplicável.
empresa_1,empresa_1_icms_0192,ES,AP,interestadual,icms_interstate,0.12,decimal_rate,interestadual 12%,,1989-05-19,,external_official,https://legis.senado.leg.br/norma/586152/publicacao/15646891,Matriz de apoio; confrontar com Dados_Tributário da Empresa 2 quando aplicável.
empresa_1,empresa_1_icms_0193,ES,AM,interestadual,icms_interstate,0.12,decimal_rate,interestadual 12%,,1989-05-19,,external_official,https://legis.senado.leg.br/norma/586152/publicacao/15646891,Matriz de apoio; confrontar com Dados_Tributário da Empresa 2 quando aplicável.
empresa_1,empresa_1_icms_0194,ES,BA,interestadual,icms_interstate,0.12,decimal_rate,interestadual 12%,,1989-05-19,,external_official,https://legis.senado.leg.br/norma/586152/publicacao/15646891,Matriz de apoio; confrontar com Dados_Tributário da Empresa 2 quando aplicável.
empresa_1,empresa_1_icms_0195,ES,CE,interestadual,icms_interstate,0.12,decimal_rate,interestadual 12%,,1989-05-19,,external_official,https://legis.senado.leg.br/norma/586152/publicacao/15646891,Matriz de apoio; confrontar com Dados_Tributário da Empresa 2 quando aplicável.
empresa_1,empresa_1_icms_0196,ES,DF,interestadual,icms_interstate,0.12,decimal_rate,interestadual 12%,,1989-05-19,,external_official,https://legis.senado.leg.br/norma/586152/publicacao/15646891,Matriz de apoio; confrontar com Dados_Tributário da Empresa 2 quando aplicável.
empresa_1,empresa_1_icms_0197,ES,ES,interna,icms_interstate,,decimal_rate,operação interna,,1989-05-19,,external_official,https://legis.senado.leg.br/norma/586152/publicacao/15646891,Matriz de apoio; confrontar com Dados_Tributário da Empresa 2 quando aplicável.
empresa_1,empresa_1_icms_0198,ES,GO,interestadual,icms_interstate,0.12,decimal_rate,interestadual 12%,,1989-05-19,,external_official,https://legis.senado.leg.br/norma/586152/publicacao/15646891,Matriz de apoio; confrontar com Dados_Tributário da Empresa 2 quando aplicável.
empresa_1,empresa_1_icms_0199,ES,MA,interestadual,icms_interstate,0.12,decimal_rate,interestadual 12%,,1989-05-19,,external_official,https://legis.senado.leg.br/norma/586152/publicacao/15646891,Matriz de apoio; confrontar com Dados_Tributário da Empresa 2 quando aplicável.
empresa_1,empresa_1_icms_0200,ES,MT,interestadual,icms_interstate,0.12,decimal_rate,interestadual 12%,,1989-05-19,,external_official,https://legis.senado.leg.br/norma/586152/publicacao/15646891,Matriz de apoio; confrontar com Dados_Tributário da Empresa 2 quando aplicável.
empresa_1,empresa_1_icms_0201,ES,MS,interestadual,icms_interstate,0.12,decimal_rate,interestadual 12%,,1989-05-19,,external_official,https://legis.senado.leg.br/norma/586152/publicacao/15646891,Matriz de apoio; confrontar com Dados_Tributário da Empresa 2 quando aplicável.
empresa_1,empresa_1_icms_0202,ES,MG,interestadual,icms_interstate,0.12,decimal_rate,interestadual 12%,,1989-05-19,,external_official,https://legis.senado.leg.br/norma/586152/publicacao/15646891,Matriz de apoio; confrontar com Dados_Tributário da Empresa 2 quando aplicável.
empresa_1,empresa_1_icms_0203,ES,PA,interestadual,icms_interstate,0.12,decimal_rate,interestadual 12%,,1989-05-19,,external_official,https://legis.senado.leg.br/norma/586152/publicacao/15646891,Matriz de apoio; confrontar com Dados_Tributário da Empresa 2 quando aplicável.
empresa_1,empresa_1_icms_0204,ES,PB,interestadual,icms_interstate,0.12,decimal_rate,interestadual 12%,,1989-05-19,,external_official,https://legis.senado.leg.br/norma/586152/publicacao/15646891,Matriz de apoio; confrontar com Dados_Tributário da Empresa 2 quando aplicável.
empresa_1,empresa_1_icms_0205,ES,PR,interestadual,icms_interstate,0.12,decimal_rate,interestadual 12%,,1989-05-19,,external_official,https://legis.senado.leg.br/norma/586152/publicacao/15646891,Matriz de apoio; confrontar com Dados_Tributário da Empresa 2 quando aplicável.
empresa_1,empresa_1_icms_0206,ES,PE,interestadual,icms_interstate,0.12,decimal_rate,interestadual 12%,,1989-05-19,,external_official,https://legis.senado.leg.br/norma/586152/publicacao/15646891,Matriz de apoio; confrontar com Dados_Tributário da Empresa 2 quando aplicável.
empresa_1,empresa_1_icms_0207,ES,PI,interestadual,icms_interstate,0.12,decimal_rate,interestadual 12%,,1989-05-19,,external_official,https://legis.senado.leg.br/norma/586152/publicacao/15646891,Matriz de apoio; confrontar com Dados_Tributário da Empresa 2 quando aplicável.
empresa_1,empresa_1_icms_0208,ES,RJ,interestadual,icms_interstate,0.12,decimal_rate,interestadual 12%,,1989-05-19,,external_official,https://legis.senado.leg.br/norma/586152/publicacao/15646891,Matriz de apoio; confrontar com Dados_Tributário da Empresa 2 quando aplicável.
empresa_1,empresa_1_icms_0209,ES,RN,interestadual,icms_interstate,0.12,decimal_rate,interestadual 12%,,1989-05-19,,external_official,https://legis.senado.leg.br/norma/586152/publicacao/15646891,Matriz de apoio; confrontar com Dados_Tributário da Empresa 2 quando aplicável.
empresa_1,empresa_1_icms_0210,ES,RS,interestadual,icms_interstate,0.12,decimal_rate,interestadual 12%,,1989-05-19,,external_official,https://legis.senado.leg.br/norma/586152/publicacao/15646891,Matriz de apoio; confrontar com Dados_Tributário da Empresa 2 quando aplicável.
empresa_1,empresa_1_icms_0211,ES,RO,interestadual,icms_interstate,0.12,decimal_rate,interestadual 12%,,1989-05-19,,external_official,https://legis.senado.leg.br/norma/586152/publicacao/15646891,Matriz de apoio; confrontar com Dados_Tributário da Empresa 2 quando aplicável.
empresa_1,empresa_1_icms_0212,ES,RR,interestadual,icms_interstate,0.12,decimal_rate,interestadual 12%,,1989-05-19,,external_official,https://legis.senado.leg.br/norma/586152/publicacao/15646891,Matriz de apoio; confrontar com Dados_Tributário da Empresa 2 quando aplicável.
empresa_1,empresa_1_icms_0213,ES,SC,interestadual,icms_interstate,0.12,decimal_rate,interestadual 12%,,1989-05-19,,external_official,https://legis.senado.leg.br/norma/586152/publicacao/15646891,Matriz de apoio; confrontar com Dados_Tributário da Empresa 2 quando aplicável.
empresa_1,empresa_1_icms_0214,ES,SP,interestadual,icms_interstate,0.12,decimal_rate,interestadual 12%,,1989-05-19,,external_official,https://legis.senado.leg.br/norma/586152/publicacao/15646891,Matriz de apoio; confrontar com Dados_Tributário da Empresa 2 quando aplicável.
empresa_1,empresa_1_icms_0215,ES,SE,interestadual,icms_interstate,0.12,decimal_rate,interestadual 12%,,1989-05-19,,external_official,https://legis.senado.leg.br/norma/586152/publicacao/15646891,Matriz de apoio; confrontar com Dados_Tributário da Empresa 2 quando aplicável.
empresa_1,empresa_1_icms_0216,ES,TO,interestadual,icms_interstate,0.12,decimal_rate,interestadual 12%,,1989-05-19,,external_official,https://legis.senado.leg.br/norma/586152/publicacao/15646891,Matriz de apoio; confrontar com Dados_Tributário da Empresa 2 quando aplicável.
empresa_1,empresa_1_icms_0217,GO,AC,interestadual,icms_interstate,0.12,decimal_rate,interestadual 12%,,1989-05-19,,external_official,https://legis.senado.leg.br/norma/586152/publicacao/15646891,Matriz de apoio; confrontar com Dados_Tributário da Empresa 2 quando aplicável.
empresa_1,empresa_1_icms_0218,GO,AL,interestadual,icms_interstate,0.12,decimal_rate,interestadual 12%,,1989-05-19,,external_official,https://legis.senado.leg.br/norma/586152/publicacao/15646891,Matriz de apoio; confrontar com Dados_Tributário da Empresa 2 quando aplicável.
empresa_1,empresa_1_icms_0219,GO,AP,interestadual,icms_interstate,0.12,decimal_rate,interestadual 12%,,1989-05-19,,external_official,https://legis.senado.leg.br/norma/586152/publicacao/15646891,Matriz de apoio; confrontar com Dados_Tributário da Empresa 2 quando aplicável.
empresa_1,empresa_1_icms_0220,GO,AM,interestadual,icms_interstate,0.12,decimal_rate,interestadual 12%,,1989-05-19,,external_official,https://legis.senado.leg.br/norma/586152/publicacao/15646891,Matriz de apoio; confrontar com Dados_Tributário da Empresa 2 quando aplicável.
empresa_1,empresa_1_icms_0221,GO,BA,interestadual,icms_interstate,0.12,decimal_rate,interestadual 12%,,1989-05-19,,external_official,https://legis.senado.leg.br/norma/586152/publicacao/15646891,Matriz de apoio; confrontar com Dados_Tributário da Empresa 2 quando aplicável.
empresa_1,empresa_1_icms_0222,GO,CE,interestadual,icms_interstate,0.12,decimal_rate,interestadual 12%,,1989-05-19,,external_official,https://legis.senado.leg.br/norma/586152/publicacao/15646891,Matriz de apoio; confrontar com Dados_Tributário da Empresa 2 quando aplicável.
empresa_1,empresa_1_icms_0223,GO,DF,interestadual,icms_interstate,0.12,decimal_rate,interestadual 12%,,1989-05-19,,external_official,https://legis.senado.leg.br/norma/586152/publicacao/15646891,Matriz de apoio; confrontar com Dados_Tributário da Empresa 2 quando aplicável.
empresa_1,empresa_1_icms_0224,GO,ES,interestadual,icms_interstate,0.12,decimal_rate,interestadual 12%,,1989-05-19,,external_official,https://legis.senado.leg.br/norma/586152/publicacao/15646891,Matriz de apoio; confrontar com Dados_Tributário da Empresa 2 quando aplicável.
empresa_1,empresa_1_icms_0225,GO,GO,interna,icms_interstate,,decimal_rate,operação interna,,1989-05-19,,external_official,https://legis.senado.leg.br/norma/586152/publicacao/15646891,Matriz de apoio; confrontar com Dados_Tributário da Empresa 2 quando aplicável.
empresa_1,empresa_1_icms_0226,GO,MA,interestadual,icms_interstate,0.12,decimal_rate,interestadual 12%,,1989-05-19,,external_official,https://legis.senado.leg.br/norma/586152/publicacao/15646891,Matriz de apoio; confrontar com Dados_Tributário da Empresa 2 quando aplicável.
empresa_1,empresa_1_icms_0227,GO,MT,interestadual,icms_interstate,0.12,decimal_rate,interestadual 12%,,1989-05-19,,external_official,https://legis.senado.leg.br/norma/586152/publicacao/15646891,Matriz de apoio; confrontar com Dados_Tributário da Empresa 2 quando aplicável.
empresa_1,empresa_1_icms_0228,GO,MS,interestadual,icms_interstate,0.12,decimal_rate,interestadual 12%,,1989-05-19,,external_official,https://legis.senado.leg.br/norma/586152/publicacao/15646891,Matriz de apoio; confrontar com Dados_Tributário da Empresa 2 quando aplicável.
empresa_1,empresa_1_icms_0229,GO,MG,interestadual,icms_interstate,0.12,decimal_rate,interestadual 12%,,1989-05-19,,external_official,https://legis.senado.leg.br/norma/586152/publicacao/15646891,Matriz de apoio; confrontar com Dados_Tributário da Empresa 2 quando aplicável.
empresa_1,empresa_1_icms_0230,GO,PA,interestadual,icms_interstate,0.12,decimal_rate,interestadual 12%,,1989-05-19,,external_official,https://legis.senado.leg.br/norma/586152/publicacao/15646891,Matriz de apoio; confrontar com Dados_Tributário da Empresa 2 quando aplicável.
empresa_1,empresa_1_icms_0231,GO,PB,interestadual,icms_interstate,0.12,decimal_rate,interestadual 12%,,1989-05-19,,external_official,https://legis.senado.leg.br/norma/586152/publicacao/15646891,Matriz de apoio; confrontar com Dados_Tributário da Empresa 2 quando aplicável.
empresa_1,empresa_1_icms_0232,GO,PR,interestadual,icms_interstate,0.12,decimal_rate,interestadual 12%,,1989-05-19,,external_official,https://legis.senado.leg.br/norma/586152/publicacao/15646891,Matriz de apoio; confrontar com Dados_Tributário da Empresa 2 quando aplicável.
empresa_1,empresa_1_icms_0233,GO,PE,interestadual,icms_interstate,0.12,decimal_rate,interestadual 12%,,1989-05-19,,external_official,https://legis.senado.leg.br/norma/586152/publicacao/15646891,Matriz de apoio; confrontar com Dados_Tributário da Empresa 2 quando aplicável.
empresa_1,empresa_1_icms_0234,GO,PI,interestadual,icms_interstate,0.12,decimal_rate,interestadual 12%,,1989-05-19,,external_official,https://legis.senado.leg.br/norma/586152/publicacao/15646891,Matriz de apoio; confrontar com Dados_Tributário da Empresa 2 quando aplicável.
empresa_1,empresa_1_icms_0235,GO,RJ,interestadual,icms_interstate,0.12,decimal_rate,interestadual 12%,,1989-05-19,,external_official,https://legis.senado.leg.br/norma/586152/publicacao/15646891,Matriz de apoio; confrontar com Dados_Tributário da Empresa 2 quando aplicável.
empresa_1,empresa_1_icms_0236,GO,RN,interestadual,icms_interstate,0.12,decimal_rate,interestadual 12%,,1989-05-19,,external_official,https://legis.senado.leg.br/norma/586152/publicacao/15646891,Matriz de apoio; confrontar com Dados_Tributário da Empresa 2 quando aplicável.
empresa_1,empresa_1_icms_0237,GO,RS,interestadual,icms_interstate,0.12,decimal_rate,interestadual 12%,,1989-05-19,,external_official,https://legis.senado.leg.br/norma/586152/publicacao/15646891,Matriz de apoio; confrontar com Dados_Tributário da Empresa 2 quando aplicável.
empresa_1,empresa_1_icms_0238,GO,RO,interestadual,icms_interstate,0.12,decimal_rate,interestadual 12%,,1989-05-19,,external_official,https://legis.senado.leg.br/norma/586152/publicacao/15646891,Matriz de apoio; confrontar com Dados_Tributário da Empresa 2 quando aplicável.
empresa_1,empresa_1_icms_0239,GO,RR,interestadual,icms_interstate,0.12,decimal_rate,interestadual 12%,,1989-05-19,,external_official,https://legis.senado.leg.br/norma/586152/publicacao/15646891,Matriz de apoio; confrontar com Dados_Tributário da Empresa 2 quando aplicável.
empresa_1,empresa_1_icms_0240,GO,SC,interestadual,icms_interstate,0.12,decimal_rate,interestadual 12%,,1989-05-19,,external_official,https://legis.senado.leg.br/norma/586152/publicacao/15646891,Matriz de apoio; confrontar com Dados_Tributário da Empresa 2 quando aplicável.
empresa_1,empresa_1_icms_0241,GO,SP,interestadual,icms_interstate,0.12,decimal_rate,interestadual 12%,,1989-05-19,,external_official,https://legis.senado.leg.br/norma/586152/publicacao/15646891,Matriz de apoio; confrontar com Dados_Tributário da Empresa 2 quando aplicável.
empresa_1,empresa_1_icms_0242,GO,SE,interestadual,icms_interstate,0.12,decimal_rate,interestadual 12%,,1989-05-19,,external_official,https://legis.senado.leg.br/norma/586152/publicacao/15646891,Matriz de apoio; confrontar com Dados_Tributário da Empresa 2 quando aplicável.
empresa_1,empresa_1_icms_0243,GO,TO,interestadual,icms_interstate,0.12,decimal_rate,interestadual 12%,,1989-05-19,,external_official,https://legis.senado.leg.br/norma/586152/publicacao/15646891,Matriz de apoio; confrontar com Dados_Tributário da Empresa 2 quando aplicável.
empresa_1,empresa_1_icms_0244,MA,AC,interestadual,icms_interstate,0.12,decimal_rate,interestadual 12%,,1989-05-19,,external_official,https://legis.senado.leg.br/norma/586152/publicacao/15646891,Matriz de apoio; confrontar com Dados_Tributário da Empresa 2 quando aplicável.
empresa_1,empresa_1_icms_0245,MA,AL,interestadual,icms_interstate,0.12,decimal_rate,interestadual 12%,,1989-05-19,,external_official,https://legis.senado.leg.br/norma/586152/publicacao/15646891,Matriz de apoio; confrontar com Dados_Tributário da Empresa 2 quando aplicável.
empresa_1,empresa_1_icms_0246,MA,AP,interestadual,icms_interstate,0.12,decimal_rate,interestadual 12%,,1989-05-19,,external_official,https://legis.senado.leg.br/norma/586152/publicacao/15646891,Matriz de apoio; confrontar com Dados_Tributário da Empresa 2 quando aplicável.
empresa_1,empresa_1_icms_0247,MA,AM,interestadual,icms_interstate,0.12,decimal_rate,interestadual 12%,,1989-05-19,,external_official,https://legis.senado.leg.br/norma/586152/publicacao/15646891,Matriz de apoio; confrontar com Dados_Tributário da Empresa 2 quando aplicável.
empresa_1,empresa_1_icms_0248,MA,BA,interestadual,icms_interstate,0.12,decimal_rate,interestadual 12%,,1989-05-19,,external_official,https://legis.senado.leg.br/norma/586152/publicacao/15646891,Matriz de apoio; confrontar com Dados_Tributário da Empresa 2 quando aplicável.
empresa_1,empresa_1_icms_0249,MA,CE,interestadual,icms_interstate,0.12,decimal_rate,interestadual 12%,,1989-05-19,,external_official,https://legis.senado.leg.br/norma/586152/publicacao/15646891,Matriz de apoio; confrontar com Dados_Tributário da Empresa 2 quando aplicável.
empresa_1,empresa_1_icms_0250,MA,DF,interestadual,icms_interstate,0.12,decimal_rate,interestadual 12%,,1989-05-19,,external_official,https://legis.senado.leg.br/norma/586152/publicacao/15646891,Matriz de apoio; confrontar com Dados_Tributário da Empresa 2 quando aplicável.
empresa_1,empresa_1_icms_0251,MA,ES,interestadual,icms_interstate,0.12,decimal_rate,interestadual 12%,,1989-05-19,,external_official,https://legis.senado.leg.br/norma/586152/publicacao/15646891,Matriz de apoio; confrontar com Dados_Tributário da Empresa 2 quando aplicável.
empresa_1,empresa_1_icms_0252,MA,GO,interestadual,icms_interstate,0.12,decimal_rate,interestadual 12%,,1989-05-19,,external_official,https://legis.senado.leg.br/norma/586152/publicacao/15646891,Matriz de apoio; confrontar com Dados_Tributário da Empresa 2 quando aplicável.
empresa_1,empresa_1_icms_0253,MA,MA,interna,icms_interstate,,decimal_rate,operação interna,,1989-05-19,,external_official,https://legis.senado.leg.br/norma/586152/publicacao/15646891,Matriz de apoio; confrontar com Dados_Tributário da Empresa 2 quando aplicável.
empresa_1,empresa_1_icms_0254,MA,MT,interestadual,icms_interstate,0.12,decimal_rate,interestadual 12%,,1989-05-19,,external_official,https://legis.senado.leg.br/norma/586152/publicacao/15646891,Matriz de apoio; confrontar com Dados_Tributário da Empresa 2 quando aplicável.
empresa_1,empresa_1_icms_0255,MA,MS,interestadual,icms_interstate,0.12,decimal_rate,interestadual 12%,,1989-05-19,,external_official,https://legis.senado.leg.br/norma/586152/publicacao/15646891,Matriz de apoio; confrontar com Dados_Tributário da Empresa 2 quando aplicável.
empresa_1,empresa_1_icms_0256,MA,MG,interestadual,icms_interstate,0.12,decimal_rate,interestadual 12%,,1989-05-19,,external_official,https://legis.senado.leg.br/norma/586152/publicacao/15646891,Matriz de apoio; confrontar com Dados_Tributário da Empresa 2 quando aplicável.
empresa_1,empresa_1_icms_0257,MA,PA,interestadual,icms_interstate,0.12,decimal_rate,interestadual 12%,,1989-05-19,,external_official,https://legis.senado.leg.br/norma/586152/publicacao/15646891,Matriz de apoio; confrontar com Dados_Tributário da Empresa 2 quando aplicável.
empresa_1,empresa_1_icms_0258,MA,PB,interestadual,icms_interstate,0.12,decimal_rate,interestadual 12%,,1989-05-19,,external_official,https://legis.senado.leg.br/norma/586152/publicacao/15646891,Matriz de apoio; confrontar com Dados_Tributário da Empresa 2 quando aplicável.
empresa_1,empresa_1_icms_0259,MA,PR,interestadual,icms_interstate,0.12,decimal_rate,interestadual 12%,,1989-05-19,,external_official,https://legis.senado.leg.br/norma/586152/publicacao/15646891,Matriz de apoio; confrontar com Dados_Tributário da Empresa 2 quando aplicável.
empresa_1,empresa_1_icms_0260,MA,PE,interestadual,icms_interstate,0.12,decimal_rate,interestadual 12%,,1989-05-19,,external_official,https://legis.senado.leg.br/norma/586152/publicacao/15646891,Matriz de apoio; confrontar com Dados_Tributário da Empresa 2 quando aplicável.
empresa_1,empresa_1_icms_0261,MA,PI,interestadual,icms_interstate,0.12,decimal_rate,interestadual 12%,,1989-05-19,,external_official,https://legis.senado.leg.br/norma/586152/publicacao/15646891,Matriz de apoio; confrontar com Dados_Tributário da Empresa 2 quando aplicável.
empresa_1,empresa_1_icms_0262,MA,RJ,interestadual,icms_interstate,0.12,decimal_rate,interestadual 12%,,1989-05-19,,external_official,https://legis.senado.leg.br/norma/586152/publicacao/15646891,Matriz de apoio; confrontar com Dados_Tributário da Empresa 2 quando aplicável.
empresa_1,empresa_1_icms_0263,MA,RN,interestadual,icms_interstate,0.12,decimal_rate,interestadual 12%,,1989-05-19,,external_official,https://legis.senado.leg.br/norma/586152/publicacao/15646891,Matriz de apoio; confrontar com Dados_Tributário da Empresa 2 quando aplicável.
empresa_1,empresa_1_icms_0264,MA,RS,interestadual,icms_interstate,0.12,decimal_rate,interestadual 12%,,1989-05-19,,external_official,https://legis.senado.leg.br/norma/586152/publicacao/15646891,Matriz de apoio; confrontar com Dados_Tributário da Empresa 2 quando aplicável.
empresa_1,empresa_1_icms_0265,MA,RO,interestadual,icms_interstate,0.12,decimal_rate,interestadual 12%,,1989-05-19,,external_official,https://legis.senado.leg.br/norma/586152/publicacao/15646891,Matriz de apoio; confrontar com Dados_Tributário da Empresa 2 quando aplicável.
empresa_1,empresa_1_icms_0266,MA,RR,interestadual,icms_interstate,0.12,decimal_rate,interestadual 12%,,1989-05-19,,external_official,https://legis.senado.leg.br/norma/586152/publicacao/15646891,Matriz de apoio; confrontar com Dados_Tributário da Empresa 2 quando aplicável.
empresa_1,empresa_1_icms_0267,MA,SC,interestadual,icms_interstate,0.12,decimal_rate,interestadual 12%,,1989-05-19,,external_official,https://legis.senado.leg.br/norma/586152/publicacao/15646891,Matriz de apoio; confrontar com Dados_Tributário da Empresa 2 quando aplicável.
empresa_1,empresa_1_icms_0268,MA,SP,interestadual,icms_interstate,0.12,decimal_rate,interestadual 12%,,1989-05-19,,external_official,https://legis.senado.leg.br/norma/586152/publicacao/15646891,Matriz de apoio; confrontar com Dados_Tributário da Empresa 2 quando aplicável.
empresa_1,empresa_1_icms_0269,MA,SE,interestadual,icms_interstate,0.12,decimal_rate,interestadual 12%,,1989-05-19,,external_official,https://legis.senado.leg.br/norma/586152/publicacao/15646891,Matriz de apoio; confrontar com Dados_Tributário da Empresa 2 quando aplicável.
empresa_1,empresa_1_icms_0270,MA,TO,interestadual,icms_interstate,0.12,decimal_rate,interestadual 12%,,1989-05-19,,external_official,https://legis.senado.leg.br/norma/586152/publicacao/15646891,Matriz de apoio; confrontar com Dados_Tributário da Empresa 2 quando aplicável.
empresa_1,empresa_1_icms_0271,MT,AC,interestadual,icms_interstate,0.12,decimal_rate,interestadual 12%,,1989-05-19,,external_official,https://legis.senado.leg.br/norma/586152/publicacao/15646891,Matriz de apoio; confrontar com Dados_Tributário da Empresa 2 quando aplicável.
empresa_1,empresa_1_icms_0272,MT,AL,interestadual,icms_interstate,0.12,decimal_rate,interestadual 12%,,1989-05-19,,external_official,https://legis.senado.leg.br/norma/586152/publicacao/15646891,Matriz de apoio; confrontar com Dados_Tributário da Empresa 2 quando aplicável.
empresa_1,empresa_1_icms_0273,MT,AP,interestadual,icms_interstate,0.12,decimal_rate,interestadual 12%,,1989-05-19,,external_official,https://legis.senado.leg.br/norma/586152/publicacao/15646891,Matriz de apoio; confrontar com Dados_Tributário da Empresa 2 quando aplicável.
empresa_1,empresa_1_icms_0274,MT,AM,interestadual,icms_interstate,0.12,decimal_rate,interestadual 12%,,1989-05-19,,external_official,https://legis.senado.leg.br/norma/586152/publicacao/15646891,Matriz de apoio; confrontar com Dados_Tributário da Empresa 2 quando aplicável.
empresa_1,empresa_1_icms_0275,MT,BA,interestadual,icms_interstate,0.12,decimal_rate,interestadual 12%,,1989-05-19,,external_official,https://legis.senado.leg.br/norma/586152/publicacao/15646891,Matriz de apoio; confrontar com Dados_Tributário da Empresa 2 quando aplicável.
empresa_1,empresa_1_icms_0276,MT,CE,interestadual,icms_interstate,0.12,decimal_rate,interestadual 12%,,1989-05-19,,external_official,https://legis.senado.leg.br/norma/586152/publicacao/15646891,Matriz de apoio; confrontar com Dados_Tributário da Empresa 2 quando aplicável.
empresa_1,empresa_1_icms_0277,MT,DF,interestadual,icms_interstate,0.12,decimal_rate,interestadual 12%,,1989-05-19,,external_official,https://legis.senado.leg.br/norma/586152/publicacao/15646891,Matriz de apoio; confrontar com Dados_Tributário da Empresa 2 quando aplicável.
empresa_1,empresa_1_icms_0278,MT,ES,interestadual,icms_interstate,0.12,decimal_rate,interestadual 12%,,1989-05-19,,external_official,https://legis.senado.leg.br/norma/586152/publicacao/15646891,Matriz de apoio; confrontar com Dados_Tributário da Empresa 2 quando aplicável.
empresa_1,empresa_1_icms_0279,MT,GO,interestadual,icms_interstate,0.12,decimal_rate,interestadual 12%,,1989-05-19,,external_official,https://legis.senado.leg.br/norma/586152/publicacao/15646891,Matriz de apoio; confrontar com Dados_Tributário da Empresa 2 quando aplicável.
empresa_1,empresa_1_icms_0280,MT,MA,interestadual,icms_interstate,0.12,decimal_rate,interestadual 12%,,1989-05-19,,external_official,https://legis.senado.leg.br/norma/586152/publicacao/15646891,Matriz de apoio; confrontar com Dados_Tributário da Empresa 2 quando aplicável.
empresa_1,empresa_1_icms_0281,MT,MT,interna,icms_interstate,,decimal_rate,operação interna,,1989-05-19,,external_official,https://legis.senado.leg.br/norma/586152/publicacao/15646891,Matriz de apoio; confrontar com Dados_Tributário da Empresa 2 quando aplicável.
empresa_1,empresa_1_icms_0282,MT,MS,interestadual,icms_interstate,0.12,decimal_rate,interestadual 12%,,1989-05-19,,external_official,https://legis.senado.leg.br/norma/586152/publicacao/15646891,Matriz de apoio; confrontar com Dados_Tributário da Empresa 2 quando aplicável.
empresa_1,empresa_1_icms_0283,MT,MG,interestadual,icms_interstate,0.12,decimal_rate,interestadual 12%,,1989-05-19,,external_official,https://legis.senado.leg.br/norma/586152/publicacao/15646891,Matriz de apoio; confrontar com Dados_Tributário da Empresa 2 quando aplicável.
empresa_1,empresa_1_icms_0284,MT,PA,interestadual,icms_interstate,0.12,decimal_rate,interestadual 12%,,1989-05-19,,external_official,https://legis.senado.leg.br/norma/586152/publicacao/15646891,Matriz de apoio; confrontar com Dados_Tributário da Empresa 2 quando aplicável.
empresa_1,empresa_1_icms_0285,MT,PB,interestadual,icms_interstate,0.12,decimal_rate,interestadual 12%,,1989-05-19,,external_official,https://legis.senado.leg.br/norma/586152/publicacao/15646891,Matriz de apoio; confrontar com Dados_Tributário da Empresa 2 quando aplicável.
empresa_1,empresa_1_icms_0286,MT,PR,interestadual,icms_interstate,0.12,decimal_rate,interestadual 12%,,1989-05-19,,external_official,https://legis.senado.leg.br/norma/586152/publicacao/15646891,Matriz de apoio; confrontar com Dados_Tributário da Empresa 2 quando aplicável.
empresa_1,empresa_1_icms_0287,MT,PE,interestadual,icms_interstate,0.12,decimal_rate,interestadual 12%,,1989-05-19,,external_official,https://legis.senado.leg.br/norma/586152/publicacao/15646891,Matriz de apoio; confrontar com Dados_Tributário da Empresa 2 quando aplicável.
empresa_1,empresa_1_icms_0288,MT,PI,interestadual,icms_interstate,0.12,decimal_rate,interestadual 12%,,1989-05-19,,external_official,https://legis.senado.leg.br/norma/586152/publicacao/15646891,Matriz de apoio; confrontar com Dados_Tributário da Empresa 2 quando aplicável.
empresa_1,empresa_1_icms_0289,MT,RJ,interestadual,icms_interstate,0.12,decimal_rate,interestadual 12%,,1989-05-19,,external_official,https://legis.senado.leg.br/norma/586152/publicacao/15646891,Matriz de apoio; confrontar com Dados_Tributário da Empresa 2 quando aplicável.
empresa_1,empresa_1_icms_0290,MT,RN,interestadual,icms_interstate,0.12,decimal_rate,interestadual 12%,,1989-05-19,,external_official,https://legis.senado.leg.br/norma/586152/publicacao/15646891,Matriz de apoio; confrontar com Dados_Tributário da Empresa 2 quando aplicável.
empresa_1,empresa_1_icms_0291,MT,RS,interestadual,icms_interstate,0.12,decimal_rate,interestadual 12%,,1989-05-19,,external_official,https://legis.senado.leg.br/norma/586152/publicacao/15646891,Matriz de apoio; confrontar com Dados_Tributário da Empresa 2 quando aplicável.
empresa_1,empresa_1_icms_0292,MT,RO,interestadual,icms_interstate,0.12,decimal_rate,interestadual 12%,,1989-05-19,,external_official,https://legis.senado.leg.br/norma/586152/publicacao/15646891,Matriz de apoio; confrontar com Dados_Tributário da Empresa 2 quando aplicável.
empresa_1,empresa_1_icms_0293,MT,RR,interestadual,icms_interstate,0.12,decimal_rate,interestadual 12%,,1989-05-19,,external_official,https://legis.senado.leg.br/norma/586152/publicacao/15646891,Matriz de apoio; confrontar com Dados_Tributário da Empresa 2 quando aplicável.
empresa_1,empresa_1_icms_0294,MT,SC,interestadual,icms_interstate,0.12,decimal_rate,interestadual 12%,,1989-05-19,,external_official,https://legis.senado.leg.br/norma/586152/publicacao/15646891,Matriz de apoio; confrontar com Dados_Tributário da Empresa 2 quando aplicável.
empresa_1,empresa_1_icms_0295,MT,SP,interestadual,icms_interstate,0.12,decimal_rate,interestadual 12%,,1989-05-19,,external_official,https://legis.senado.leg.br/norma/586152/publicacao/15646891,Matriz de apoio; confrontar com Dados_Tributário da Empresa 2 quando aplicável.
empresa_1,empresa_1_icms_0296,MT,SE,interestadual,icms_interstate,0.12,decimal_rate,interestadual 12%,,1989-05-19,,external_official,https://legis.senado.leg.br/norma/586152/publicacao/15646891,Matriz de apoio; confrontar com Dados_Tributário da Empresa 2 quando aplicável.
empresa_1,empresa_1_icms_0297,MT,TO,interestadual,icms_interstate,0.12,decimal_rate,interestadual 12%,,1989-05-19,,external_official,https://legis.senado.leg.br/norma/586152/publicacao/15646891,Matriz de apoio; confrontar com Dados_Tributário da Empresa 2 quando aplicável.
empresa_1,empresa_1_icms_0298,MS,AC,interestadual,icms_interstate,0.12,decimal_rate,interestadual 12%,,1989-05-19,,external_official,https://legis.senado.leg.br/norma/586152/publicacao/15646891,Matriz de apoio; confrontar com Dados_Tributário da Empresa 2 quando aplicável.
empresa_1,empresa_1_icms_0299,MS,AL,interestadual,icms_interstate,0.12,decimal_rate,interestadual 12%,,1989-05-19,,external_official,https://legis.senado.leg.br/norma/586152/publicacao/15646891,Matriz de apoio; confrontar com Dados_Tributário da Empresa 2 quando aplicável.
empresa_1,empresa_1_icms_0300,MS,AP,interestadual,icms_interstate,0.12,decimal_rate,interestadual 12%,,1989-05-19,,external_official,https://legis.senado.leg.br/norma/586152/publicacao/15646891,Matriz de apoio; confrontar com Dados_Tributário da Empresa 2 quando aplicável.
empresa_1,empresa_1_icms_0301,MS,AM,interestadual,icms_interstate,0.12,decimal_rate,interestadual 12%,,1989-05-19,,external_official,https://legis.senado.leg.br/norma/586152/publicacao/15646891,Matriz de apoio; confrontar com Dados_Tributário da Empresa 2 quando aplicável.
empresa_1,empresa_1_icms_0302,MS,BA,interestadual,icms_interstate,0.12,decimal_rate,interestadual 12%,,1989-05-19,,external_official,https://legis.senado.leg.br/norma/586152/publicacao/15646891,Matriz de apoio; confrontar com Dados_Tributário da Empresa 2 quando aplicável.
empresa_1,empresa_1_icms_0303,MS,CE,interestadual,icms_interstate,0.12,decimal_rate,interestadual 12%,,1989-05-19,,external_official,https://legis.senado.leg.br/norma/586152/publicacao/15646891,Matriz de apoio; confrontar com Dados_Tributário da Empresa 2 quando aplicável.
empresa_1,empresa_1_icms_0304,MS,DF,interestadual,icms_interstate,0.12,decimal_rate,interestadual 12%,,1989-05-19,,external_official,https://legis.senado.leg.br/norma/586152/publicacao/15646891,Matriz de apoio; confrontar com Dados_Tributário da Empresa 2 quando aplicável.
empresa_1,empresa_1_icms_0305,MS,ES,interestadual,icms_interstate,0.12,decimal_rate,interestadual 12%,,1989-05-19,,external_official,https://legis.senado.leg.br/norma/586152/publicacao/15646891,Matriz de apoio; confrontar com Dados_Tributário da Empresa 2 quando aplicável.
empresa_1,empresa_1_icms_0306,MS,GO,interestadual,icms_interstate,0.12,decimal_rate,interestadual 12%,,1989-05-19,,external_official,https://legis.senado.leg.br/norma/586152/publicacao/15646891,Matriz de apoio; confrontar com Dados_Tributário da Empresa 2 quando aplicável.
empresa_1,empresa_1_icms_0307,MS,MA,interestadual,icms_interstate,0.12,decimal_rate,interestadual 12%,,1989-05-19,,external_official,https://legis.senado.leg.br/norma/586152/publicacao/15646891,Matriz de apoio; confrontar com Dados_Tributário da Empresa 2 quando aplicável.
empresa_1,empresa_1_icms_0308,MS,MT,interestadual,icms_interstate,0.12,decimal_rate,interestadual 12%,,1989-05-19,,external_official,https://legis.senado.leg.br/norma/586152/publicacao/15646891,Matriz de apoio; confrontar com Dados_Tributário da Empresa 2 quando aplicável.
empresa_1,empresa_1_icms_0309,MS,MS,interna,icms_interstate,,decimal_rate,operação interna,,1989-05-19,,external_official,https://legis.senado.leg.br/norma/586152/publicacao/15646891,Matriz de apoio; confrontar com Dados_Tributário da Empresa 2 quando aplicável.
empresa_1,empresa_1_icms_0310,MS,MG,interestadual,icms_interstate,0.12,decimal_rate,interestadual 12%,,1989-05-19,,external_official,https://legis.senado.leg.br/norma/586152/publicacao/15646891,Matriz de apoio; confrontar com Dados_Tributário da Empresa 2 quando aplicável.
empresa_1,empresa_1_icms_0311,MS,PA,interestadual,icms_interstate,0.12,decimal_rate,interestadual 12%,,1989-05-19,,external_official,https://legis.senado.leg.br/norma/586152/publicacao/15646891,Matriz de apoio; confrontar com Dados_Tributário da Empresa 2 quando aplicável.
empresa_1,empresa_1_icms_0312,MS,PB,interestadual,icms_interstate,0.12,decimal_rate,interestadual 12%,,1989-05-19,,external_official,https://legis.senado.leg.br/norma/586152/publicacao/15646891,Matriz de apoio; confrontar com Dados_Tributário da Empresa 2 quando aplicável.
empresa_1,empresa_1_icms_0313,MS,PR,interestadual,icms_interstate,0.12,decimal_rate,interestadual 12%,,1989-05-19,,external_official,https://legis.senado.leg.br/norma/586152/publicacao/15646891,Matriz de apoio; confrontar com Dados_Tributário da Empresa 2 quando aplicável.
empresa_1,empresa_1_icms_0314,MS,PE,interestadual,icms_interstate,0.12,decimal_rate,interestadual 12%,,1989-05-19,,external_official,https://legis.senado.leg.br/norma/586152/publicacao/15646891,Matriz de apoio; confrontar com Dados_Tributário da Empresa 2 quando aplicável.
empresa_1,empresa_1_icms_0315,MS,PI,interestadual,icms_interstate,0.12,decimal_rate,interestadual 12%,,1989-05-19,,external_official,https://legis.senado.leg.br/norma/586152/publicacao/15646891,Matriz de apoio; confrontar com Dados_Tributário da Empresa 2 quando aplicável.
empresa_1,empresa_1_icms_0316,MS,RJ,interestadual,icms_interstate,0.12,decimal_rate,interestadual 12%,,1989-05-19,,external_official,https://legis.senado.leg.br/norma/586152/publicacao/15646891,Matriz de apoio; confrontar com Dados_Tributário da Empresa 2 quando aplicável.
empresa_1,empresa_1_icms_0317,MS,RN,interestadual,icms_interstate,0.12,decimal_rate,interestadual 12%,,1989-05-19,,external_official,https://legis.senado.leg.br/norma/586152/publicacao/15646891,Matriz de apoio; confrontar com Dados_Tributário da Empresa 2 quando aplicável.
empresa_1,empresa_1_icms_0318,MS,RS,interestadual,icms_interstate,0.12,decimal_rate,interestadual 12%,,1989-05-19,,external_official,https://legis.senado.leg.br/norma/586152/publicacao/15646891,Matriz de apoio; confrontar com Dados_Tributário da Empresa 2 quando aplicável.
empresa_1,empresa_1_icms_0319,MS,RO,interestadual,icms_interstate,0.12,decimal_rate,interestadual 12%,,1989-05-19,,external_official,https://legis.senado.leg.br/norma/586152/publicacao/15646891,Matriz de apoio; confrontar com Dados_Tributário da Empresa 2 quando aplicável.
empresa_1,empresa_1_icms_0320,MS,RR,interestadual,icms_interstate,0.12,decimal_rate,interestadual 12%,,1989-05-19,,external_official,https://legis.senado.leg.br/norma/586152/publicacao/15646891,Matriz de apoio; confrontar com Dados_Tributário da Empresa 2 quando aplicável.
empresa_1,empresa_1_icms_0321,MS,SC,interestadual,icms_interstate,0.12,decimal_rate,interestadual 12%,,1989-05-19,,external_official,https://legis.senado.leg.br/norma/586152/publicacao/15646891,Matriz de apoio; confrontar com Dados_Tributário da Empresa 2 quando aplicável.
empresa_1,empresa_1_icms_0322,MS,SP,interestadual,icms_interstate,0.12,decimal_rate,interestadual 12%,,1989-05-19,,external_official,https://legis.senado.leg.br/norma/586152/publicacao/15646891,Matriz de apoio; confrontar com Dados_Tributário da Empresa 2 quando aplicável.
empresa_1,empresa_1_icms_0323,MS,SE,interestadual,icms_interstate,0.12,decimal_rate,interestadual 12%,,1989-05-19,,external_official,https://legis.senado.leg.br/norma/586152/publicacao/15646891,Matriz de apoio; confrontar com Dados_Tributário da Empresa 2 quando aplicável.
empresa_1,empresa_1_icms_0324,MS,TO,interestadual,icms_interstate,0.12,decimal_rate,interestadual 12%,,1989-05-19,,external_official,https://legis.senado.leg.br/norma/586152/publicacao/15646891,Matriz de apoio; confrontar com Dados_Tributário da Empresa 2 quando aplicável.
empresa_1,empresa_1_icms_0325,MG,AC,interestadual,icms_interstate,0.07,decimal_rate,interestadual 7%,,1989-05-19,,external_official,https://legis.senado.leg.br/norma/586152/publicacao/15646891,Matriz de apoio; confrontar com Dados_Tributário da Empresa 2 quando aplicável.
empresa_1,empresa_1_icms_0326,MG,AL,interestadual,icms_interstate,0.07,decimal_rate,interestadual 7%,,1989-05-19,,external_official,https://legis.senado.leg.br/norma/586152/publicacao/15646891,Matriz de apoio; confrontar com Dados_Tributário da Empresa 2 quando aplicável.
empresa_1,empresa_1_icms_0327,MG,AP,interestadual,icms_interstate,0.07,decimal_rate,interestadual 7%,,1989-05-19,,external_official,https://legis.senado.leg.br/norma/586152/publicacao/15646891,Matriz de apoio; confrontar com Dados_Tributário da Empresa 2 quando aplicável.
empresa_1,empresa_1_icms_0328,MG,AM,interestadual,icms_interstate,0.07,decimal_rate,interestadual 7%,,1989-05-19,,external_official,https://legis.senado.leg.br/norma/586152/publicacao/15646891,Matriz de apoio; confrontar com Dados_Tributário da Empresa 2 quando aplicável.
empresa_1,empresa_1_icms_0329,MG,BA,interestadual,icms_interstate,0.07,decimal_rate,interestadual 7%,,1989-05-19,,external_official,https://legis.senado.leg.br/norma/586152/publicacao/15646891,Matriz de apoio; confrontar com Dados_Tributário da Empresa 2 quando aplicável.
empresa_1,empresa_1_icms_0330,MG,CE,interestadual,icms_interstate,0.07,decimal_rate,interestadual 7%,,1989-05-19,,external_official,https://legis.senado.leg.br/norma/586152/publicacao/15646891,Matriz de apoio; confrontar com Dados_Tributário da Empresa 2 quando aplicável.
empresa_1,empresa_1_icms_0331,MG,DF,interestadual,icms_interstate,0.07,decimal_rate,interestadual 7%,,1989-05-19,,external_official,https://legis.senado.leg.br/norma/586152/publicacao/15646891,Matriz de apoio; confrontar com Dados_Tributário da Empresa 2 quando aplicável.
empresa_1,empresa_1_icms_0332,MG,ES,interestadual,icms_interstate,0.07,decimal_rate,interestadual 7%,,1989-05-19,,external_official,https://legis.senado.leg.br/norma/586152/publicacao/15646891,Matriz de apoio; confrontar com Dados_Tributário da Empresa 2 quando aplicável.
empresa_1,empresa_1_icms_0333,MG,GO,interestadual,icms_interstate,0.07,decimal_rate,interestadual 7%,,1989-05-19,,external_official,https://legis.senado.leg.br/norma/586152/publicacao/15646891,Matriz de apoio; confrontar com Dados_Tributário da Empresa 2 quando aplicável.
empresa_1,empresa_1_icms_0334,MG,MA,interestadual,icms_interstate,0.07,decimal_rate,interestadual 7%,,1989-05-19,,external_official,https://legis.senado.leg.br/norma/586152/publicacao/15646891,Matriz de apoio; confrontar com Dados_Tributário da Empresa 2 quando aplicável.
empresa_1,empresa_1_icms_0335,MG,MT,interestadual,icms_interstate,0.07,decimal_rate,interestadual 7%,,1989-05-19,,external_official,https://legis.senado.leg.br/norma/586152/publicacao/15646891,Matriz de apoio; confrontar com Dados_Tributário da Empresa 2 quando aplicável.
empresa_1,empresa_1_icms_0336,MG,MS,interestadual,icms_interstate,0.07,decimal_rate,interestadual 7%,,1989-05-19,,external_official,https://legis.senado.leg.br/norma/586152/publicacao/15646891,Matriz de apoio; confrontar com Dados_Tributário da Empresa 2 quando aplicável.
empresa_1,empresa_1_icms_0337,MG,MG,interna,icms_interstate,,decimal_rate,operação interna,,1989-05-19,,external_official,https://legis.senado.leg.br/norma/586152/publicacao/15646891,Matriz de apoio; confrontar com Dados_Tributário da Empresa 2 quando aplicável.
empresa_1,empresa_1_icms_0338,MG,PA,interestadual,icms_interstate,0.07,decimal_rate,interestadual 7%,,1989-05-19,,external_official,https://legis.senado.leg.br/norma/586152/publicacao/15646891,Matriz de apoio; confrontar com Dados_Tributário da Empresa 2 quando aplicável.
empresa_1,empresa_1_icms_0339,MG,PB,interestadual,icms_interstate,0.07,decimal_rate,interestadual 7%,,1989-05-19,,external_official,https://legis.senado.leg.br/norma/586152/publicacao/15646891,Matriz de apoio; confrontar com Dados_Tributário da Empresa 2 quando aplicável.
empresa_1,empresa_1_icms_0340,MG,PR,interestadual,icms_interstate,0.12,decimal_rate,interestadual 12%,,1989-05-19,,external_official,https://legis.senado.leg.br/norma/586152/publicacao/15646891,Matriz de apoio; confrontar com Dados_Tributário da Empresa 2 quando aplicável.
empresa_1,empresa_1_icms_0341,MG,PE,interestadual,icms_interstate,0.07,decimal_rate,interestadual 7%,,1989-05-19,,external_official,https://legis.senado.leg.br/norma/586152/publicacao/15646891,Matriz de apoio; confrontar com Dados_Tributário da Empresa 2 quando aplicável.
empresa_1,empresa_1_icms_0342,MG,PI,interestadual,icms_interstate,0.07,decimal_rate,interestadual 7%,,1989-05-19,,external_official,https://legis.senado.leg.br/norma/586152/publicacao/15646891,Matriz de apoio; confrontar com Dados_Tributário da Empresa 2 quando aplicável.
empresa_1,empresa_1_icms_0343,MG,RJ,interestadual,icms_interstate,0.12,decimal_rate,interestadual 12%,,1989-05-19,,external_official,https://legis.senado.leg.br/norma/586152/publicacao/15646891,Matriz de apoio; confrontar com Dados_Tributário da Empresa 2 quando aplicável.
empresa_1,empresa_1_icms_0344,MG,RN,interestadual,icms_interstate,0.07,decimal_rate,interestadual 7%,,1989-05-19,,external_official,https://legis.senado.leg.br/norma/586152/publicacao/15646891,Matriz de apoio; confrontar com Dados_Tributário da Empresa 2 quando aplicável.
empresa_1,empresa_1_icms_0345,MG,RS,interestadual,icms_interstate,0.12,decimal_rate,interestadual 12%,,1989-05-19,,external_official,https://legis.senado.leg.br/norma/586152/publicacao/15646891,Matriz de apoio; confrontar com Dados_Tributário da Empresa 2 quando aplicável.
empresa_1,empresa_1_icms_0346,MG,RO,interestadual,icms_interstate,0.07,decimal_rate,interestadual 7%,,1989-05-19,,external_official,https://legis.senado.leg.br/norma/586152/publicacao/15646891,Matriz de apoio; confrontar com Dados_Tributário da Empresa 2 quando aplicável.
empresa_1,empresa_1_icms_0347,MG,RR,interestadual,icms_interstate,0.07,decimal_rate,interestadual 7%,,1989-05-19,,external_official,https://legis.senado.leg.br/norma/586152/publicacao/15646891,Matriz de apoio; confrontar com Dados_Tributário da Empresa 2 quando aplicável.
empresa_1,empresa_1_icms_0348,MG,SC,interestadual,icms_interstate,0.12,decimal_rate,interestadual 12%,,1989-05-19,,external_official,https://legis.senado.leg.br/norma/586152/publicacao/15646891,Matriz de apoio; confrontar com Dados_Tributário da Empresa 2 quando aplicável.
empresa_1,empresa_1_icms_0349,MG,SP,interestadual,icms_interstate,0.12,decimal_rate,interestadual 12%,,1989-05-19,,external_official,https://legis.senado.leg.br/norma/586152/publicacao/15646891,Matriz de apoio; confrontar com Dados_Tributário da Empresa 2 quando aplicável.
empresa_1,empresa_1_icms_0350,MG,SE,interestadual,icms_interstate,0.07,decimal_rate,interestadual 7%,,1989-05-19,,external_official,https://legis.senado.leg.br/norma/586152/publicacao/15646891,Matriz de apoio; confrontar com Dados_Tributário da Empresa 2 quando aplicável.
empresa_1,empresa_1_icms_0351,MG,TO,interestadual,icms_interstate,0.07,decimal_rate,interestadual 7%,,1989-05-19,,external_official,https://legis.senado.leg.br/norma/586152/publicacao/15646891,Matriz de apoio; confrontar com Dados_Tributário da Empresa 2 quando aplicável.
empresa_1,empresa_1_icms_0352,PA,AC,interestadual,icms_interstate,0.12,decimal_rate,interestadual 12%,,1989-05-19,,external_official,https://legis.senado.leg.br/norma/586152/publicacao/15646891,Matriz de apoio; confrontar com Dados_Tributário da Empresa 2 quando aplicável.
empresa_1,empresa_1_icms_0353,PA,AL,interestadual,icms_interstate,0.12,decimal_rate,interestadual 12%,,1989-05-19,,external_official,https://legis.senado.leg.br/norma/586152/publicacao/15646891,Matriz de apoio; confrontar com Dados_Tributário da Empresa 2 quando aplicável.
empresa_1,empresa_1_icms_0354,PA,AP,interestadual,icms_interstate,0.12,decimal_rate,interestadual 12%,,1989-05-19,,external_official,https://legis.senado.leg.br/norma/586152/publicacao/15646891,Matriz de apoio; confrontar com Dados_Tributário da Empresa 2 quando aplicável.
empresa_1,empresa_1_icms_0355,PA,AM,interestadual,icms_interstate,0.12,decimal_rate,interestadual 12%,,1989-05-19,,external_official,https://legis.senado.leg.br/norma/586152/publicacao/15646891,Matriz de apoio; confrontar com Dados_Tributário da Empresa 2 quando aplicável.
empresa_1,empresa_1_icms_0356,PA,BA,interestadual,icms_interstate,0.12,decimal_rate,interestadual 12%,,1989-05-19,,external_official,https://legis.senado.leg.br/norma/586152/publicacao/15646891,Matriz de apoio; confrontar com Dados_Tributário da Empresa 2 quando aplicável.
empresa_1,empresa_1_icms_0357,PA,CE,interestadual,icms_interstate,0.12,decimal_rate,interestadual 12%,,1989-05-19,,external_official,https://legis.senado.leg.br/norma/586152/publicacao/15646891,Matriz de apoio; confrontar com Dados_Tributário da Empresa 2 quando aplicável.
empresa_1,empresa_1_icms_0358,PA,DF,interestadual,icms_interstate,0.12,decimal_rate,interestadual 12%,,1989-05-19,,external_official,https://legis.senado.leg.br/norma/586152/publicacao/15646891,Matriz de apoio; confrontar com Dados_Tributário da Empresa 2 quando aplicável.
empresa_1,empresa_1_icms_0359,PA,ES,interestadual,icms_interstate,0.12,decimal_rate,interestadual 12%,,1989-05-19,,external_official,https://legis.senado.leg.br/norma/586152/publicacao/15646891,Matriz de apoio; confrontar com Dados_Tributário da Empresa 2 quando aplicável.
empresa_1,empresa_1_icms_0360,PA,GO,interestadual,icms_interstate,0.12,decimal_rate,interestadual 12%,,1989-05-19,,external_official,https://legis.senado.leg.br/norma/586152/publicacao/15646891,Matriz de apoio; confrontar com Dados_Tributário da Empresa 2 quando aplicável.
empresa_1,empresa_1_icms_0361,PA,MA,interestadual,icms_interstate,0.12,decimal_rate,interestadual 12%,,1989-05-19,,external_official,https://legis.senado.leg.br/norma/586152/publicacao/15646891,Matriz de apoio; confrontar com Dados_Tributário da Empresa 2 quando aplicável.
empresa_1,empresa_1_icms_0362,PA,MT,interestadual,icms_interstate,0.12,decimal_rate,interestadual 12%,,1989-05-19,,external_official,https://legis.senado.leg.br/norma/586152/publicacao/15646891,Matriz de apoio; confrontar com Dados_Tributário da Empresa 2 quando aplicável.
empresa_1,empresa_1_icms_0363,PA,MS,interestadual,icms_interstate,0.12,decimal_rate,interestadual 12%,,1989-05-19,,external_official,https://legis.senado.leg.br/norma/586152/publicacao/15646891,Matriz de apoio; confrontar com Dados_Tributário da Empresa 2 quando aplicável.
empresa_1,empresa_1_icms_0364,PA,MG,interestadual,icms_interstate,0.12,decimal_rate,interestadual 12%,,1989-05-19,,external_official,https://legis.senado.leg.br/norma/586152/publicacao/15646891,Matriz de apoio; confrontar com Dados_Tributário da Empresa 2 quando aplicável.
empresa_1,empresa_1_icms_0365,PA,PA,interna,icms_interstate,,decimal_rate,operação interna,,1989-05-19,,external_official,https://legis.senado.leg.br/norma/586152/publicacao/15646891,Matriz de apoio; confrontar com Dados_Tributário da Empresa 2 quando aplicável.
empresa_1,empresa_1_icms_0366,PA,PB,interestadual,icms_interstate,0.12,decimal_rate,interestadual 12%,,1989-05-19,,external_official,https://legis.senado.leg.br/norma/586152/publicacao/15646891,Matriz de apoio; confrontar com Dados_Tributário da Empresa 2 quando aplicável.
empresa_1,empresa_1_icms_0367,PA,PR,interestadual,icms_interstate,0.12,decimal_rate,interestadual 12%,,1989-05-19,,external_official,https://legis.senado.leg.br/norma/586152/publicacao/15646891,Matriz de apoio; confrontar com Dados_Tributário da Empresa 2 quando aplicável.
empresa_1,empresa_1_icms_0368,PA,PE,interestadual,icms_interstate,0.12,decimal_rate,interestadual 12%,,1989-05-19,,external_official,https://legis.senado.leg.br/norma/586152/publicacao/15646891,Matriz de apoio; confrontar com Dados_Tributário da Empresa 2 quando aplicável.
empresa_1,empresa_1_icms_0369,PA,PI,interestadual,icms_interstate,0.12,decimal_rate,interestadual 12%,,1989-05-19,,external_official,https://legis.senado.leg.br/norma/586152/publicacao/15646891,Matriz de apoio; confrontar com Dados_Tributário da Empresa 2 quando aplicável.
empresa_1,empresa_1_icms_0370,PA,RJ,interestadual,icms_interstate,0.12,decimal_rate,interestadual 12%,,1989-05-19,,external_official,https://legis.senado.leg.br/norma/586152/publicacao/15646891,Matriz de apoio; confrontar com Dados_Tributário da Empresa 2 quando aplicável.
empresa_1,empresa_1_icms_0371,PA,RN,interestadual,icms_interstate,0.12,decimal_rate,interestadual 12%,,1989-05-19,,external_official,https://legis.senado.leg.br/norma/586152/publicacao/15646891,Matriz de apoio; confrontar com Dados_Tributário da Empresa 2 quando aplicável.
empresa_1,empresa_1_icms_0372,PA,RS,interestadual,icms_interstate,0.12,decimal_rate,interestadual 12%,,1989-05-19,,external_official,https://legis.senado.leg.br/norma/586152/publicacao/15646891,Matriz de apoio; confrontar com Dados_Tributário da Empresa 2 quando aplicável.
empresa_1,empresa_1_icms_0373,PA,RO,interestadual,icms_interstate,0.12,decimal_rate,interestadual 12%,,1989-05-19,,external_official,https://legis.senado.leg.br/norma/586152/publicacao/15646891,Matriz de apoio; confrontar com Dados_Tributário da Empresa 2 quando aplicável.
empresa_1,empresa_1_icms_0374,PA,RR,interestadual,icms_interstate,0.12,decimal_rate,interestadual 12%,,1989-05-19,,external_official,https://legis.senado.leg.br/norma/586152/publicacao/15646891,Matriz de apoio; confrontar com Dados_Tributário da Empresa 2 quando aplicável.
empresa_1,empresa_1_icms_0375,PA,SC,interestadual,icms_interstate,0.12,decimal_rate,interestadual 12%,,1989-05-19,,external_official,https://legis.senado.leg.br/norma/586152/publicacao/15646891,Matriz de apoio; confrontar com Dados_Tributário da Empresa 2 quando aplicável.
empresa_1,empresa_1_icms_0376,PA,SP,interestadual,icms_interstate,0.12,decimal_rate,interestadual 12%,,1989-05-19,,external_official,https://legis.senado.leg.br/norma/586152/publicacao/15646891,Matriz de apoio; confrontar com Dados_Tributário da Empresa 2 quando aplicável.
empresa_1,empresa_1_icms_0377,PA,SE,interestadual,icms_interstate,0.12,decimal_rate,interestadual 12%,,1989-05-19,,external_official,https://legis.senado.leg.br/norma/586152/publicacao/15646891,Matriz de apoio; confrontar com Dados_Tributário da Empresa 2 quando aplicável.
empresa_1,empresa_1_icms_0378,PA,TO,interestadual,icms_interstate,0.12,decimal_rate,interestadual 12%,,1989-05-19,,external_official,https://legis.senado.leg.br/norma/586152/publicacao/15646891,Matriz de apoio; confrontar com Dados_Tributário da Empresa 2 quando aplicável.
empresa_1,empresa_1_icms_0379,PB,AC,interestadual,icms_interstate,0.12,decimal_rate,interestadual 12%,,1989-05-19,,external_official,https://legis.senado.leg.br/norma/586152/publicacao/15646891,Matriz de apoio; confrontar com Dados_Tributário da Empresa 2 quando aplicável.
empresa_1,empresa_1_icms_0380,PB,AL,interestadual,icms_interstate,0.12,decimal_rate,interestadual 12%,,1989-05-19,,external_official,https://legis.senado.leg.br/norma/586152/publicacao/15646891,Matriz de apoio; confrontar com Dados_Tributário da Empresa 2 quando aplicável.
empresa_1,empresa_1_icms_0381,PB,AP,interestadual,icms_interstate,0.12,decimal_rate,interestadual 12%,,1989-05-19,,external_official,https://legis.senado.leg.br/norma/586152/publicacao/15646891,Matriz de apoio; confrontar com Dados_Tributário da Empresa 2 quando aplicável.
empresa_1,empresa_1_icms_0382,PB,AM,interestadual,icms_interstate,0.12,decimal_rate,interestadual 12%,,1989-05-19,,external_official,https://legis.senado.leg.br/norma/586152/publicacao/15646891,Matriz de apoio; confrontar com Dados_Tributário da Empresa 2 quando aplicável.
empresa_1,empresa_1_icms_0383,PB,BA,interestadual,icms_interstate,0.12,decimal_rate,interestadual 12%,,1989-05-19,,external_official,https://legis.senado.leg.br/norma/586152/publicacao/15646891,Matriz de apoio; confrontar com Dados_Tributário da Empresa 2 quando aplicável.
empresa_1,empresa_1_icms_0384,PB,CE,interestadual,icms_interstate,0.12,decimal_rate,interestadual 12%,,1989-05-19,,external_official,https://legis.senado.leg.br/norma/586152/publicacao/15646891,Matriz de apoio; confrontar com Dados_Tributário da Empresa 2 quando aplicável.
empresa_1,empresa_1_icms_0385,PB,DF,interestadual,icms_interstate,0.12,decimal_rate,interestadual 12%,,1989-05-19,,external_official,https://legis.senado.leg.br/norma/586152/publicacao/15646891,Matriz de apoio; confrontar com Dados_Tributário da Empresa 2 quando aplicável.
empresa_1,empresa_1_icms_0386,PB,ES,interestadual,icms_interstate,0.12,decimal_rate,interestadual 12%,,1989-05-19,,external_official,https://legis.senado.leg.br/norma/586152/publicacao/15646891,Matriz de apoio; confrontar com Dados_Tributário da Empresa 2 quando aplicável.
empresa_1,empresa_1_icms_0387,PB,GO,interestadual,icms_interstate,0.12,decimal_rate,interestadual 12%,,1989-05-19,,external_official,https://legis.senado.leg.br/norma/586152/publicacao/15646891,Matriz de apoio; confrontar com Dados_Tributário da Empresa 2 quando aplicável.
empresa_1,empresa_1_icms_0388,PB,MA,interestadual,icms_interstate,0.12,decimal_rate,interestadual 12%,,1989-05-19,,external_official,https://legis.senado.leg.br/norma/586152/publicacao/15646891,Matriz de apoio; confrontar com Dados_Tributário da Empresa 2 quando aplicável.
empresa_1,empresa_1_icms_0389,PB,MT,interestadual,icms_interstate,0.12,decimal_rate,interestadual 12%,,1989-05-19,,external_official,https://legis.senado.leg.br/norma/586152/publicacao/15646891,Matriz de apoio; confrontar com Dados_Tributário da Empresa 2 quando aplicável.
empresa_1,empresa_1_icms_0390,PB,MS,interestadual,icms_interstate,0.12,decimal_rate,interestadual 12%,,1989-05-19,,external_official,https://legis.senado.leg.br/norma/586152/publicacao/15646891,Matriz de apoio; confrontar com Dados_Tributário da Empresa 2 quando aplicável.
empresa_1,empresa_1_icms_0391,PB,MG,interestadual,icms_interstate,0.12,decimal_rate,interestadual 12%,,1989-05-19,,external_official,https://legis.senado.leg.br/norma/586152/publicacao/15646891,Matriz de apoio; confrontar com Dados_Tributário da Empresa 2 quando aplicável.
empresa_1,empresa_1_icms_0392,PB,PA,interestadual,icms_interstate,0.12,decimal_rate,interestadual 12%,,1989-05-19,,external_official,https://legis.senado.leg.br/norma/586152/publicacao/15646891,Matriz de apoio; confrontar com Dados_Tributário da Empresa 2 quando aplicável.
empresa_1,empresa_1_icms_0393,PB,PB,interna,icms_interstate,,decimal_rate,operação interna,,1989-05-19,,external_official,https://legis.senado.leg.br/norma/586152/publicacao/15646891,Matriz de apoio; confrontar com Dados_Tributário da Empresa 2 quando aplicável.
empresa_1,empresa_1_icms_0394,PB,PR,interestadual,icms_interstate,0.12,decimal_rate,interestadual 12%,,1989-05-19,,external_official,https://legis.senado.leg.br/norma/586152/publicacao/15646891,Matriz de apoio; confrontar com Dados_Tributário da Empresa 2 quando aplicável.
empresa_1,empresa_1_icms_0395,PB,PE,interestadual,icms_interstate,0.12,decimal_rate,interestadual 12%,,1989-05-19,,external_official,https://legis.senado.leg.br/norma/586152/publicacao/15646891,Matriz de apoio; confrontar com Dados_Tributário da Empresa 2 quando aplicável.
empresa_1,empresa_1_icms_0396,PB,PI,interestadual,icms_interstate,0.12,decimal_rate,interestadual 12%,,1989-05-19,,external_official,https://legis.senado.leg.br/norma/586152/publicacao/15646891,Matriz de apoio; confrontar com Dados_Tributário da Empresa 2 quando aplicável.
empresa_1,empresa_1_icms_0397,PB,RJ,interestadual,icms_interstate,0.12,decimal_rate,interestadual 12%,,1989-05-19,,external_official,https://legis.senado.leg.br/norma/586152/publicacao/15646891,Matriz de apoio; confrontar com Dados_Tributário da Empresa 2 quando aplicável.
empresa_1,empresa_1_icms_0398,PB,RN,interestadual,icms_interstate,0.12,decimal_rate,interestadual 12%,,1989-05-19,,external_official,https://legis.senado.leg.br/norma/586152/publicacao/15646891,Matriz de apoio; confrontar com Dados_Tributário da Empresa 2 quando aplicável.
empresa_1,empresa_1_icms_0399,PB,RS,interestadual,icms_interstate,0.12,decimal_rate,interestadual 12%,,1989-05-19,,external_official,https://legis.senado.leg.br/norma/586152/publicacao/15646891,Matriz de apoio; confrontar com Dados_Tributário da Empresa 2 quando aplicável.
empresa_1,empresa_1_icms_0400,PB,RO,interestadual,icms_interstate,0.12,decimal_rate,interestadual 12%,,1989-05-19,,external_official,https://legis.senado.leg.br/norma/586152/publicacao/15646891,Matriz de apoio; confrontar com Dados_Tributário da Empresa 2 quando aplicável.
empresa_1,empresa_1_icms_0401,PB,RR,interestadual,icms_interstate,0.12,decimal_rate,interestadual 12%,,1989-05-19,,external_official,https://legis.senado.leg.br/norma/586152/publicacao/15646891,Matriz de apoio; confrontar com Dados_Tributário da Empresa 2 quando aplicável.
empresa_1,empresa_1_icms_0402,PB,SC,interestadual,icms_interstate,0.12,decimal_rate,interestadual 12%,,1989-05-19,,external_official,https://legis.senado.leg.br/norma/586152/publicacao/15646891,Matriz de apoio; confrontar com Dados_Tributário da Empresa 2 quando aplicável.
empresa_1,empresa_1_icms_0403,PB,SP,interestadual,icms_interstate,0.12,decimal_rate,interestadual 12%,,1989-05-19,,external_official,https://legis.senado.leg.br/norma/586152/publicacao/15646891,Matriz de apoio; confrontar com Dados_Tributário da Empresa 2 quando aplicável.
empresa_1,empresa_1_icms_0404,PB,SE,interestadual,icms_interstate,0.12,decimal_rate,interestadual 12%,,1989-05-19,,external_official,https://legis.senado.leg.br/norma/586152/publicacao/15646891,Matriz de apoio; confrontar com Dados_Tributário da Empresa 2 quando aplicável.
empresa_1,empresa_1_icms_0405,PB,TO,interestadual,icms_interstate,0.12,decimal_rate,interestadual 12%,,1989-05-19,,external_official,https://legis.senado.leg.br/norma/586152/publicacao/15646891,Matriz de apoio; confrontar com Dados_Tributário da Empresa 2 quando aplicável.
empresa_1,empresa_1_icms_0406,PR,AC,interestadual,icms_interstate,0.07,decimal_rate,interestadual 7%,,1989-05-19,,external_official,https://legis.senado.leg.br/norma/586152/publicacao/15646891,Matriz de apoio; confrontar com Dados_Tributário da Empresa 2 quando aplicável.
empresa_1,empresa_1_icms_0407,PR,AL,interestadual,icms_interstate,0.07,decimal_rate,interestadual 7%,,1989-05-19,,external_official,https://legis.senado.leg.br/norma/586152/publicacao/15646891,Matriz de apoio; confrontar com Dados_Tributário da Empresa 2 quando aplicável.
empresa_1,empresa_1_icms_0408,PR,AP,interestadual,icms_interstate,0.07,decimal_rate,interestadual 7%,,1989-05-19,,external_official,https://legis.senado.leg.br/norma/586152/publicacao/15646891,Matriz de apoio; confrontar com Dados_Tributário da Empresa 2 quando aplicável.
empresa_1,empresa_1_icms_0409,PR,AM,interestadual,icms_interstate,0.07,decimal_rate,interestadual 7%,,1989-05-19,,external_official,https://legis.senado.leg.br/norma/586152/publicacao/15646891,Matriz de apoio; confrontar com Dados_Tributário da Empresa 2 quando aplicável.
empresa_1,empresa_1_icms_0410,PR,BA,interestadual,icms_interstate,0.07,decimal_rate,interestadual 7%,,1989-05-19,,external_official,https://legis.senado.leg.br/norma/586152/publicacao/15646891,Matriz de apoio; confrontar com Dados_Tributário da Empresa 2 quando aplicável.
empresa_1,empresa_1_icms_0411,PR,CE,interestadual,icms_interstate,0.07,decimal_rate,interestadual 7%,,1989-05-19,,external_official,https://legis.senado.leg.br/norma/586152/publicacao/15646891,Matriz de apoio; confrontar com Dados_Tributário da Empresa 2 quando aplicável.
empresa_1,empresa_1_icms_0412,PR,DF,interestadual,icms_interstate,0.07,decimal_rate,interestadual 7%,,1989-05-19,,external_official,https://legis.senado.leg.br/norma/586152/publicacao/15646891,Matriz de apoio; confrontar com Dados_Tributário da Empresa 2 quando aplicável.
empresa_1,empresa_1_icms_0413,PR,ES,interestadual,icms_interstate,0.07,decimal_rate,interestadual 7%,,1989-05-19,,external_official,https://legis.senado.leg.br/norma/586152/publicacao/15646891,Matriz de apoio; confrontar com Dados_Tributário da Empresa 2 quando aplicável.
empresa_1,empresa_1_icms_0414,PR,GO,interestadual,icms_interstate,0.07,decimal_rate,interestadual 7%,,1989-05-19,,external_official,https://legis.senado.leg.br/norma/586152/publicacao/15646891,Matriz de apoio; confrontar com Dados_Tributário da Empresa 2 quando aplicável.
empresa_1,empresa_1_icms_0415,PR,MA,interestadual,icms_interstate,0.07,decimal_rate,interestadual 7%,,1989-05-19,,external_official,https://legis.senado.leg.br/norma/586152/publicacao/15646891,Matriz de apoio; confrontar com Dados_Tributário da Empresa 2 quando aplicável.
empresa_1,empresa_1_icms_0416,PR,MT,interestadual,icms_interstate,0.07,decimal_rate,interestadual 7%,,1989-05-19,,external_official,https://legis.senado.leg.br/norma/586152/publicacao/15646891,Matriz de apoio; confrontar com Dados_Tributário da Empresa 2 quando aplicável.
empresa_1,empresa_1_icms_0417,PR,MS,interestadual,icms_interstate,0.07,decimal_rate,interestadual 7%,,1989-05-19,,external_official,https://legis.senado.leg.br/norma/586152/publicacao/15646891,Matriz de apoio; confrontar com Dados_Tributário da Empresa 2 quando aplicável.
empresa_1,empresa_1_icms_0418,PR,MG,interestadual,icms_interstate,0.12,decimal_rate,interestadual 12%,,1989-05-19,,external_official,https://legis.senado.leg.br/norma/586152/publicacao/15646891,Matriz de apoio; confrontar com Dados_Tributário da Empresa 2 quando aplicável.
empresa_1,empresa_1_icms_0419,PR,PA,interestadual,icms_interstate,0.07,decimal_rate,interestadual 7%,,1989-05-19,,external_official,https://legis.senado.leg.br/norma/586152/publicacao/15646891,Matriz de apoio; confrontar com Dados_Tributário da Empresa 2 quando aplicável.
empresa_1,empresa_1_icms_0420,PR,PB,interestadual,icms_interstate,0.07,decimal_rate,interestadual 7%,,1989-05-19,,external_official,https://legis.senado.leg.br/norma/586152/publicacao/15646891,Matriz de apoio; confrontar com Dados_Tributário da Empresa 2 quando aplicável.
empresa_1,empresa_1_icms_0421,PR,PR,interna,icms_interstate,,decimal_rate,operação interna,,1989-05-19,,external_official,https://legis.senado.leg.br/norma/586152/publicacao/15646891,Matriz de apoio; confrontar com Dados_Tributário da Empresa 2 quando aplicável.
empresa_1,empresa_1_icms_0422,PR,PE,interestadual,icms_interstate,0.07,decimal_rate,interestadual 7%,,1989-05-19,,external_official,https://legis.senado.leg.br/norma/586152/publicacao/15646891,Matriz de apoio; confrontar com Dados_Tributário da Empresa 2 quando aplicável.
empresa_1,empresa_1_icms_0423,PR,PI,interestadual,icms_interstate,0.07,decimal_rate,interestadual 7%,,1989-05-19,,external_official,https://legis.senado.leg.br/norma/586152/publicacao/15646891,Matriz de apoio; confrontar com Dados_Tributário da Empresa 2 quando aplicável.
empresa_1,empresa_1_icms_0424,PR,RJ,interestadual,icms_interstate,0.12,decimal_rate,interestadual 12%,,1989-05-19,,external_official,https://legis.senado.leg.br/norma/586152/publicacao/15646891,Matriz de apoio; confrontar com Dados_Tributário da Empresa 2 quando aplicável.
empresa_1,empresa_1_icms_0425,PR,RN,interestadual,icms_interstate,0.07,decimal_rate,interestadual 7%,,1989-05-19,,external_official,https://legis.senado.leg.br/norma/586152/publicacao/15646891,Matriz de apoio; confrontar com Dados_Tributário da Empresa 2 quando aplicável.
empresa_1,empresa_1_icms_0426,PR,RS,interestadual,icms_interstate,0.12,decimal_rate,interestadual 12%,,1989-05-19,,external_official,https://legis.senado.leg.br/norma/586152/publicacao/15646891,Matriz de apoio; confrontar com Dados_Tributário da Empresa 2 quando aplicável.
empresa_1,empresa_1_icms_0427,PR,RO,interestadual,icms_interstate,0.07,decimal_rate,interestadual 7%,,1989-05-19,,external_official,https://legis.senado.leg.br/norma/586152/publicacao/15646891,Matriz de apoio; confrontar com Dados_Tributário da Empresa 2 quando aplicável.
empresa_1,empresa_1_icms_0428,PR,RR,interestadual,icms_interstate,0.07,decimal_rate,interestadual 7%,,1989-05-19,,external_official,https://legis.senado.leg.br/norma/586152/publicacao/15646891,Matriz de apoio; confrontar com Dados_Tributário da Empresa 2 quando aplicável.
empresa_1,empresa_1_icms_0429,PR,SC,interestadual,icms_interstate,0.12,decimal_rate,interestadual 12%,,1989-05-19,,external_official,https://legis.senado.leg.br/norma/586152/publicacao/15646891,Matriz de apoio; confrontar com Dados_Tributário da Empresa 2 quando aplicável.
empresa_1,empresa_1_icms_0430,PR,SP,interestadual,icms_interstate,0.12,decimal_rate,interestadual 12%,,1989-05-19,,external_official,https://legis.senado.leg.br/norma/586152/publicacao/15646891,Matriz de apoio; confrontar com Dados_Tributário da Empresa 2 quando aplicável.
empresa_1,empresa_1_icms_0431,PR,SE,interestadual,icms_interstate,0.07,decimal_rate,interestadual 7%,,1989-05-19,,external_official,https://legis.senado.leg.br/norma/586152/publicacao/15646891,Matriz de apoio; confrontar com Dados_Tributário da Empresa 2 quando aplicável.
empresa_1,empresa_1_icms_0432,PR,TO,interestadual,icms_interstate,0.07,decimal_rate,interestadual 7%,,1989-05-19,,external_official,https://legis.senado.leg.br/norma/586152/publicacao/15646891,Matriz de apoio; confrontar com Dados_Tributário da Empresa 2 quando aplicável.
empresa_1,empresa_1_icms_0433,PE,AC,interestadual,icms_interstate,0.12,decimal_rate,interestadual 12%,,1989-05-19,,external_official,https://legis.senado.leg.br/norma/586152/publicacao/15646891,Matriz de apoio; confrontar com Dados_Tributário da Empresa 2 quando aplicável.
empresa_1,empresa_1_icms_0434,PE,AL,interestadual,icms_interstate,0.12,decimal_rate,interestadual 12%,,1989-05-19,,external_official,https://legis.senado.leg.br/norma/586152/publicacao/15646891,Matriz de apoio; confrontar com Dados_Tributário da Empresa 2 quando aplicável.
empresa_1,empresa_1_icms_0435,PE,AP,interestadual,icms_interstate,0.12,decimal_rate,interestadual 12%,,1989-05-19,,external_official,https://legis.senado.leg.br/norma/586152/publicacao/15646891,Matriz de apoio; confrontar com Dados_Tributário da Empresa 2 quando aplicável.
empresa_1,empresa_1_icms_0436,PE,AM,interestadual,icms_interstate,0.12,decimal_rate,interestadual 12%,,1989-05-19,,external_official,https://legis.senado.leg.br/norma/586152/publicacao/15646891,Matriz de apoio; confrontar com Dados_Tributário da Empresa 2 quando aplicável.
empresa_1,empresa_1_icms_0437,PE,BA,interestadual,icms_interstate,0.12,decimal_rate,interestadual 12%,,1989-05-19,,external_official,https://legis.senado.leg.br/norma/586152/publicacao/15646891,Matriz de apoio; confrontar com Dados_Tributário da Empresa 2 quando aplicável.
empresa_1,empresa_1_icms_0438,PE,CE,interestadual,icms_interstate,0.12,decimal_rate,interestadual 12%,,1989-05-19,,external_official,https://legis.senado.leg.br/norma/586152/publicacao/15646891,Matriz de apoio; confrontar com Dados_Tributário da Empresa 2 quando aplicável.
empresa_1,empresa_1_icms_0439,PE,DF,interestadual,icms_interstate,0.12,decimal_rate,interestadual 12%,,1989-05-19,,external_official,https://legis.senado.leg.br/norma/586152/publicacao/15646891,Matriz de apoio; confrontar com Dados_Tributário da Empresa 2 quando aplicável.
empresa_1,empresa_1_icms_0440,PE,ES,interestadual,icms_interstate,0.12,decimal_rate,interestadual 12%,,1989-05-19,,external_official,https://legis.senado.leg.br/norma/586152/publicacao/15646891,Matriz de apoio; confrontar com Dados_Tributário da Empresa 2 quando aplicável.
empresa_1,empresa_1_icms_0441,PE,GO,interestadual,icms_interstate,0.12,decimal_rate,interestadual 12%,,1989-05-19,,external_official,https://legis.senado.leg.br/norma/586152/publicacao/15646891,Matriz de apoio; confrontar com Dados_Tributário da Empresa 2 quando aplicável.
empresa_1,empresa_1_icms_0442,PE,MA,interestadual,icms_interstate,0.12,decimal_rate,interestadual 12%,,1989-05-19,,external_official,https://legis.senado.leg.br/norma/586152/publicacao/15646891,Matriz de apoio; confrontar com Dados_Tributário da Empresa 2 quando aplicável.
empresa_1,empresa_1_icms_0443,PE,MT,interestadual,icms_interstate,0.12,decimal_rate,interestadual 12%,,1989-05-19,,external_official,https://legis.senado.leg.br/norma/586152/publicacao/15646891,Matriz de apoio; confrontar com Dados_Tributário da Empresa 2 quando aplicável.
empresa_1,empresa_1_icms_0444,PE,MS,interestadual,icms_interstate,0.12,decimal_rate,interestadual 12%,,1989-05-19,,external_official,https://legis.senado.leg.br/norma/586152/publicacao/15646891,Matriz de apoio; confrontar com Dados_Tributário da Empresa 2 quando aplicável.
empresa_1,empresa_1_icms_0445,PE,MG,interestadual,icms_interstate,0.12,decimal_rate,interestadual 12%,,1989-05-19,,external_official,https://legis.senado.leg.br/norma/586152/publicacao/15646891,Matriz de apoio; confrontar com Dados_Tributário da Empresa 2 quando aplicável.
empresa_1,empresa_1_icms_0446,PE,PA,interestadual,icms_interstate,0.12,decimal_rate,interestadual 12%,,1989-05-19,,external_official,https://legis.senado.leg.br/norma/586152/publicacao/15646891,Matriz de apoio; confrontar com Dados_Tributário da Empresa 2 quando aplicável.
empresa_1,empresa_1_icms_0447,PE,PB,interestadual,icms_interstate,0.12,decimal_rate,interestadual 12%,,1989-05-19,,external_official,https://legis.senado.leg.br/norma/586152/publicacao/15646891,Matriz de apoio; confrontar com Dados_Tributário da Empresa 2 quando aplicável.
empresa_1,empresa_1_icms_0448,PE,PR,interestadual,icms_interstate,0.12,decimal_rate,interestadual 12%,,1989-05-19,,external_official,https://legis.senado.leg.br/norma/586152/publicacao/15646891,Matriz de apoio; confrontar com Dados_Tributário da Empresa 2 quando aplicável.
empresa_1,empresa_1_icms_0449,PE,PE,interna,icms_interstate,,decimal_rate,operação interna,,1989-05-19,,external_official,https://legis.senado.leg.br/norma/586152/publicacao/15646891,Matriz de apoio; confrontar com Dados_Tributário da Empresa 2 quando aplicável.
empresa_1,empresa_1_icms_0450,PE,PI,interestadual,icms_interstate,0.12,decimal_rate,interestadual 12%,,1989-05-19,,external_official,https://legis.senado.leg.br/norma/586152/publicacao/15646891,Matriz de apoio; confrontar com Dados_Tributário da Empresa 2 quando aplicável.
empresa_1,empresa_1_icms_0451,PE,RJ,interestadual,icms_interstate,0.12,decimal_rate,interestadual 12%,,1989-05-19,,external_official,https://legis.senado.leg.br/norma/586152/publicacao/15646891,Matriz de apoio; confrontar com Dados_Tributário da Empresa 2 quando aplicável.
empresa_1,empresa_1_icms_0452,PE,RN,interestadual,icms_interstate,0.12,decimal_rate,interestadual 12%,,1989-05-19,,external_official,https://legis.senado.leg.br/norma/586152/publicacao/15646891,Matriz de apoio; confrontar com Dados_Tributário da Empresa 2 quando aplicável.
empresa_1,empresa_1_icms_0453,PE,RS,interestadual,icms_interstate,0.12,decimal_rate,interestadual 12%,,1989-05-19,,external_official,https://legis.senado.leg.br/norma/586152/publicacao/15646891,Matriz de apoio; confrontar com Dados_Tributário da Empresa 2 quando aplicável.
empresa_1,empresa_1_icms_0454,PE,RO,interestadual,icms_interstate,0.12,decimal_rate,interestadual 12%,,1989-05-19,,external_official,https://legis.senado.leg.br/norma/586152/publicacao/15646891,Matriz de apoio; confrontar com Dados_Tributário da Empresa 2 quando aplicável.
empresa_1,empresa_1_icms_0455,PE,RR,interestadual,icms_interstate,0.12,decimal_rate,interestadual 12%,,1989-05-19,,external_official,https://legis.senado.leg.br/norma/586152/publicacao/15646891,Matriz de apoio; confrontar com Dados_Tributário da Empresa 2 quando aplicável.
empresa_1,empresa_1_icms_0456,PE,SC,interestadual,icms_interstate,0.12,decimal_rate,interestadual 12%,,1989-05-19,,external_official,https://legis.senado.leg.br/norma/586152/publicacao/15646891,Matriz de apoio; confrontar com Dados_Tributário da Empresa 2 quando aplicável.
empresa_1,empresa_1_icms_0457,PE,SP,interestadual,icms_interstate,0.12,decimal_rate,interestadual 12%,,1989-05-19,,external_official,https://legis.senado.leg.br/norma/586152/publicacao/15646891,Matriz de apoio; confrontar com Dados_Tributário da Empresa 2 quando aplicável.
empresa_1,empresa_1_icms_0458,PE,SE,interestadual,icms_interstate,0.12,decimal_rate,interestadual 12%,,1989-05-19,,external_official,https://legis.senado.leg.br/norma/586152/publicacao/15646891,Matriz de apoio; confrontar com Dados_Tributário da Empresa 2 quando aplicável.
empresa_1,empresa_1_icms_0459,PE,TO,interestadual,icms_interstate,0.12,decimal_rate,interestadual 12%,,1989-05-19,,external_official,https://legis.senado.leg.br/norma/586152/publicacao/15646891,Matriz de apoio; confrontar com Dados_Tributário da Empresa 2 quando aplicável.
empresa_1,empresa_1_icms_0460,PI,AC,interestadual,icms_interstate,0.12,decimal_rate,interestadual 12%,,1989-05-19,,external_official,https://legis.senado.leg.br/norma/586152/publicacao/15646891,Matriz de apoio; confrontar com Dados_Tributário da Empresa 2 quando aplicável.
empresa_1,empresa_1_icms_0461,PI,AL,interestadual,icms_interstate,0.12,decimal_rate,interestadual 12%,,1989-05-19,,external_official,https://legis.senado.leg.br/norma/586152/publicacao/15646891,Matriz de apoio; confrontar com Dados_Tributário da Empresa 2 quando aplicável.
empresa_1,empresa_1_icms_0462,PI,AP,interestadual,icms_interstate,0.12,decimal_rate,interestadual 12%,,1989-05-19,,external_official,https://legis.senado.leg.br/norma/586152/publicacao/15646891,Matriz de apoio; confrontar com Dados_Tributário da Empresa 2 quando aplicável.
empresa_1,empresa_1_icms_0463,PI,AM,interestadual,icms_interstate,0.12,decimal_rate,interestadual 12%,,1989-05-19,,external_official,https://legis.senado.leg.br/norma/586152/publicacao/15646891,Matriz de apoio; confrontar com Dados_Tributário da Empresa 2 quando aplicável.
empresa_1,empresa_1_icms_0464,PI,BA,interestadual,icms_interstate,0.12,decimal_rate,interestadual 12%,,1989-05-19,,external_official,https://legis.senado.leg.br/norma/586152/publicacao/15646891,Matriz de apoio; confrontar com Dados_Tributário da Empresa 2 quando aplicável.
empresa_1,empresa_1_icms_0465,PI,CE,interestadual,icms_interstate,0.12,decimal_rate,interestadual 12%,,1989-05-19,,external_official,https://legis.senado.leg.br/norma/586152/publicacao/15646891,Matriz de apoio; confrontar com Dados_Tributário da Empresa 2 quando aplicável.
empresa_1,empresa_1_icms_0466,PI,DF,interestadual,icms_interstate,0.12,decimal_rate,interestadual 12%,,1989-05-19,,external_official,https://legis.senado.leg.br/norma/586152/publicacao/15646891,Matriz de apoio; confrontar com Dados_Tributário da Empresa 2 quando aplicável.
empresa_1,empresa_1_icms_0467,PI,ES,interestadual,icms_interstate,0.12,decimal_rate,interestadual 12%,,1989-05-19,,external_official,https://legis.senado.leg.br/norma/586152/publicacao/15646891,Matriz de apoio; confrontar com Dados_Tributário da Empresa 2 quando aplicável.
empresa_1,empresa_1_icms_0468,PI,GO,interestadual,icms_interstate,0.12,decimal_rate,interestadual 12%,,1989-05-19,,external_official,https://legis.senado.leg.br/norma/586152/publicacao/15646891,Matriz de apoio; confrontar com Dados_Tributário da Empresa 2 quando aplicável.
empresa_1,empresa_1_icms_0469,PI,MA,interestadual,icms_interstate,0.12,decimal_rate,interestadual 12%,,1989-05-19,,external_official,https://legis.senado.leg.br/norma/586152/publicacao/15646891,Matriz de apoio; confrontar com Dados_Tributário da Empresa 2 quando aplicável.
empresa_1,empresa_1_icms_0470,PI,MT,interestadual,icms_interstate,0.12,decimal_rate,interestadual 12%,,1989-05-19,,external_official,https://legis.senado.leg.br/norma/586152/publicacao/15646891,Matriz de apoio; confrontar com Dados_Tributário da Empresa 2 quando aplicável.
empresa_1,empresa_1_icms_0471,PI,MS,interestadual,icms_interstate,0.12,decimal_rate,interestadual 12%,,1989-05-19,,external_official,https://legis.senado.leg.br/norma/586152/publicacao/15646891,Matriz de apoio; confrontar com Dados_Tributário da Empresa 2 quando aplicável.
empresa_1,empresa_1_icms_0472,PI,MG,interestadual,icms_interstate,0.12,decimal_rate,interestadual 12%,,1989-05-19,,external_official,https://legis.senado.leg.br/norma/586152/publicacao/15646891,Matriz de apoio; confrontar com Dados_Tributário da Empresa 2 quando aplicável.
empresa_1,empresa_1_icms_0473,PI,PA,interestadual,icms_interstate,0.12,decimal_rate,interestadual 12%,,1989-05-19,,external_official,https://legis.senado.leg.br/norma/586152/publicacao/15646891,Matriz de apoio; confrontar com Dados_Tributário da Empresa 2 quando aplicável.
empresa_1,empresa_1_icms_0474,PI,PB,interestadual,icms_interstate,0.12,decimal_rate,interestadual 12%,,1989-05-19,,external_official,https://legis.senado.leg.br/norma/586152/publicacao/15646891,Matriz de apoio; confrontar com Dados_Tributário da Empresa 2 quando aplicável.
empresa_1,empresa_1_icms_0475,PI,PR,interestadual,icms_interstate,0.12,decimal_rate,interestadual 12%,,1989-05-19,,external_official,https://legis.senado.leg.br/norma/586152/publicacao/15646891,Matriz de apoio; confrontar com Dados_Tributário da Empresa 2 quando aplicável.
empresa_1,empresa_1_icms_0476,PI,PE,interestadual,icms_interstate,0.12,decimal_rate,interestadual 12%,,1989-05-19,,external_official,https://legis.senado.leg.br/norma/586152/publicacao/15646891,Matriz de apoio; confrontar com Dados_Tributário da Empresa 2 quando aplicável.
empresa_1,empresa_1_icms_0477,PI,PI,interna,icms_interstate,,decimal_rate,operação interna,,1989-05-19,,external_official,https://legis.senado.leg.br/norma/586152/publicacao/15646891,Matriz de apoio; confrontar com Dados_Tributário da Empresa 2 quando aplicável.
empresa_1,empresa_1_icms_0478,PI,RJ,interestadual,icms_interstate,0.12,decimal_rate,interestadual 12%,,1989-05-19,,external_official,https://legis.senado.leg.br/norma/586152/publicacao/15646891,Matriz de apoio; confrontar com Dados_Tributário da Empresa 2 quando aplicável.
empresa_1,empresa_1_icms_0479,PI,RN,interestadual,icms_interstate,0.12,decimal_rate,interestadual 12%,,1989-05-19,,external_official,https://legis.senado.leg.br/norma/586152/publicacao/15646891,Matriz de apoio; confrontar com Dados_Tributário da Empresa 2 quando aplicável.
empresa_1,empresa_1_icms_0480,PI,RS,interestadual,icms_interstate,0.12,decimal_rate,interestadual 12%,,1989-05-19,,external_official,https://legis.senado.leg.br/norma/586152/publicacao/15646891,Matriz de apoio; confrontar com Dados_Tributário da Empresa 2 quando aplicável.
empresa_1,empresa_1_icms_0481,PI,RO,interestadual,icms_interstate,0.12,decimal_rate,interestadual 12%,,1989-05-19,,external_official,https://legis.senado.leg.br/norma/586152/publicacao/15646891,Matriz de apoio; confrontar com Dados_Tributário da Empresa 2 quando aplicável.
empresa_1,empresa_1_icms_0482,PI,RR,interestadual,icms_interstate,0.12,decimal_rate,interestadual 12%,,1989-05-19,,external_official,https://legis.senado.leg.br/norma/586152/publicacao/15646891,Matriz de apoio; confrontar com Dados_Tributário da Empresa 2 quando aplicável.
empresa_1,empresa_1_icms_0483,PI,SC,interestadual,icms_interstate,0.12,decimal_rate,interestadual 12%,,1989-05-19,,external_official,https://legis.senado.leg.br/norma/586152/publicacao/15646891,Matriz de apoio; confrontar com Dados_Tributário da Empresa 2 quando aplicável.
empresa_1,empresa_1_icms_0484,PI,SP,interestadual,icms_interstate,0.12,decimal_rate,interestadual 12%,,1989-05-19,,external_official,https://legis.senado.leg.br/norma/586152/publicacao/15646891,Matriz de apoio; confrontar com Dados_Tributário da Empresa 2 quando aplicável.
empresa_1,empresa_1_icms_0485,PI,SE,interestadual,icms_interstate,0.12,decimal_rate,interestadual 12%,,1989-05-19,,external_official,https://legis.senado.leg.br/norma/586152/publicacao/15646891,Matriz de apoio; confrontar com Dados_Tributário da Empresa 2 quando aplicável.
empresa_1,empresa_1_icms_0486,PI,TO,interestadual,icms_interstate,0.12,decimal_rate,interestadual 12%,,1989-05-19,,external_official,https://legis.senado.leg.br/norma/586152/publicacao/15646891,Matriz de apoio; confrontar com Dados_Tributário da Empresa 2 quando aplicável.
empresa_1,empresa_1_icms_0487,RJ,AC,interestadual,icms_interstate,0.07,decimal_rate,interestadual 7%,,1989-05-19,,external_official,https://legis.senado.leg.br/norma/586152/publicacao/15646891,Matriz de apoio; confrontar com Dados_Tributário da Empresa 2 quando aplicável.
empresa_1,empresa_1_icms_0488,RJ,AL,interestadual,icms_interstate,0.07,decimal_rate,interestadual 7%,,1989-05-19,,external_official,https://legis.senado.leg.br/norma/586152/publicacao/15646891,Matriz de apoio; confrontar com Dados_Tributário da Empresa 2 quando aplicável.
empresa_1,empresa_1_icms_0489,RJ,AP,interestadual,icms_interstate,0.07,decimal_rate,interestadual 7%,,1989-05-19,,external_official,https://legis.senado.leg.br/norma/586152/publicacao/15646891,Matriz de apoio; confrontar com Dados_Tributário da Empresa 2 quando aplicável.
empresa_1,empresa_1_icms_0490,RJ,AM,interestadual,icms_interstate,0.07,decimal_rate,interestadual 7%,,1989-05-19,,external_official,https://legis.senado.leg.br/norma/586152/publicacao/15646891,Matriz de apoio; confrontar com Dados_Tributário da Empresa 2 quando aplicável.
empresa_1,empresa_1_icms_0491,RJ,BA,interestadual,icms_interstate,0.07,decimal_rate,interestadual 7%,,1989-05-19,,external_official,https://legis.senado.leg.br/norma/586152/publicacao/15646891,Matriz de apoio; confrontar com Dados_Tributário da Empresa 2 quando aplicável.
empresa_1,empresa_1_icms_0492,RJ,CE,interestadual,icms_interstate,0.07,decimal_rate,interestadual 7%,,1989-05-19,,external_official,https://legis.senado.leg.br/norma/586152/publicacao/15646891,Matriz de apoio; confrontar com Dados_Tributário da Empresa 2 quando aplicável.
empresa_1,empresa_1_icms_0493,RJ,DF,interestadual,icms_interstate,0.07,decimal_rate,interestadual 7%,,1989-05-19,,external_official,https://legis.senado.leg.br/norma/586152/publicacao/15646891,Matriz de apoio; confrontar com Dados_Tributário da Empresa 2 quando aplicável.
empresa_1,empresa_1_icms_0494,RJ,ES,interestadual,icms_interstate,0.07,decimal_rate,interestadual 7%,,1989-05-19,,external_official,https://legis.senado.leg.br/norma/586152/publicacao/15646891,Matriz de apoio; confrontar com Dados_Tributário da Empresa 2 quando aplicável.
empresa_1,empresa_1_icms_0495,RJ,GO,interestadual,icms_interstate,0.07,decimal_rate,interestadual 7%,,1989-05-19,,external_official,https://legis.senado.leg.br/norma/586152/publicacao/15646891,Matriz de apoio; confrontar com Dados_Tributário da Empresa 2 quando aplicável.
empresa_1,empresa_1_icms_0496,RJ,MA,interestadual,icms_interstate,0.07,decimal_rate,interestadual 7%,,1989-05-19,,external_official,https://legis.senado.leg.br/norma/586152/publicacao/15646891,Matriz de apoio; confrontar com Dados_Tributário da Empresa 2 quando aplicável.
empresa_1,empresa_1_icms_0497,RJ,MT,interestadual,icms_interstate,0.07,decimal_rate,interestadual 7%,,1989-05-19,,external_official,https://legis.senado.leg.br/norma/586152/publicacao/15646891,Matriz de apoio; confrontar com Dados_Tributário da Empresa 2 quando aplicável.
empresa_1,empresa_1_icms_0498,RJ,MS,interestadual,icms_interstate,0.07,decimal_rate,interestadual 7%,,1989-05-19,,external_official,https://legis.senado.leg.br/norma/586152/publicacao/15646891,Matriz de apoio; confrontar com Dados_Tributário da Empresa 2 quando aplicável.
empresa_1,empresa_1_icms_0499,RJ,MG,interestadual,icms_interstate,0.12,decimal_rate,interestadual 12%,,1989-05-19,,external_official,https://legis.senado.leg.br/norma/586152/publicacao/15646891,Matriz de apoio; confrontar com Dados_Tributário da Empresa 2 quando aplicável.
empresa_1,empresa_1_icms_0500,RJ,PA,interestadual,icms_interstate,0.07,decimal_rate,interestadual 7%,,1989-05-19,,external_official,https://legis.senado.leg.br/norma/586152/publicacao/15646891,Matriz de apoio; confrontar com Dados_Tributário da Empresa 2 quando aplicável.
empresa_1,empresa_1_icms_0501,RJ,PB,interestadual,icms_interstate,0.07,decimal_rate,interestadual 7%,,1989-05-19,,external_official,https://legis.senado.leg.br/norma/586152/publicacao/15646891,Matriz de apoio; confrontar com Dados_Tributário da Empresa 2 quando aplicável.
empresa_1,empresa_1_icms_0502,RJ,PR,interestadual,icms_interstate,0.12,decimal_rate,interestadual 12%,,1989-05-19,,external_official,https://legis.senado.leg.br/norma/586152/publicacao/15646891,Matriz de apoio; confrontar com Dados_Tributário da Empresa 2 quando aplicável.
empresa_1,empresa_1_icms_0503,RJ,PE,interestadual,icms_interstate,0.07,decimal_rate,interestadual 7%,,1989-05-19,,external_official,https://legis.senado.leg.br/norma/586152/publicacao/15646891,Matriz de apoio; confrontar com Dados_Tributário da Empresa 2 quando aplicável.
empresa_1,empresa_1_icms_0504,RJ,PI,interestadual,icms_interstate,0.07,decimal_rate,interestadual 7%,,1989-05-19,,external_official,https://legis.senado.leg.br/norma/586152/publicacao/15646891,Matriz de apoio; confrontar com Dados_Tributário da Empresa 2 quando aplicável.
empresa_1,empresa_1_icms_0505,RJ,RJ,interna,icms_interstate,,decimal_rate,operação interna,,1989-05-19,,external_official,https://legis.senado.leg.br/norma/586152/publicacao/15646891,Matriz de apoio; confrontar com Dados_Tributário da Empresa 2 quando aplicável.
empresa_1,empresa_1_icms_0506,RJ,RN,interestadual,icms_interstate,0.07,decimal_rate,interestadual 7%,,1989-05-19,,external_official,https://legis.senado.leg.br/norma/586152/publicacao/15646891,Matriz de apoio; confrontar com Dados_Tributário da Empresa 2 quando aplicável.
empresa_1,empresa_1_icms_0507,RJ,RS,interestadual,icms_interstate,0.12,decimal_rate,interestadual 12%,,1989-05-19,,external_official,https://legis.senado.leg.br/norma/586152/publicacao/15646891,Matriz de apoio; confrontar com Dados_Tributário da Empresa 2 quando aplicável.
empresa_1,empresa_1_icms_0508,RJ,RO,interestadual,icms_interstate,0.07,decimal_rate,interestadual 7%,,1989-05-19,,external_official,https://legis.senado.leg.br/norma/586152/publicacao/15646891,Matriz de apoio; confrontar com Dados_Tributário da Empresa 2 quando aplicável.
empresa_1,empresa_1_icms_0509,RJ,RR,interestadual,icms_interstate,0.07,decimal_rate,interestadual 7%,,1989-05-19,,external_official,https://legis.senado.leg.br/norma/586152/publicacao/15646891,Matriz de apoio; confrontar com Dados_Tributário da Empresa 2 quando aplicável.
empresa_1,empresa_1_icms_0510,RJ,SC,interestadual,icms_interstate,0.12,decimal_rate,interestadual 12%,,1989-05-19,,external_official,https://legis.senado.leg.br/norma/586152/publicacao/15646891,Matriz de apoio; confrontar com Dados_Tributário da Empresa 2 quando aplicável.
empresa_1,empresa_1_icms_0511,RJ,SP,interestadual,icms_interstate,0.12,decimal_rate,interestadual 12%,,1989-05-19,,external_official,https://legis.senado.leg.br/norma/586152/publicacao/15646891,Matriz de apoio; confrontar com Dados_Tributário da Empresa 2 quando aplicável.
empresa_1,empresa_1_icms_0512,RJ,SE,interestadual,icms_interstate,0.07,decimal_rate,interestadual 7%,,1989-05-19,,external_official,https://legis.senado.leg.br/norma/586152/publicacao/15646891,Matriz de apoio; confrontar com Dados_Tributário da Empresa 2 quando aplicável.
empresa_1,empresa_1_icms_0513,RJ,TO,interestadual,icms_interstate,0.07,decimal_rate,interestadual 7%,,1989-05-19,,external_official,https://legis.senado.leg.br/norma/586152/publicacao/15646891,Matriz de apoio; confrontar com Dados_Tributário da Empresa 2 quando aplicável.
empresa_1,empresa_1_icms_0514,RN,AC,interestadual,icms_interstate,0.12,decimal_rate,interestadual 12%,,1989-05-19,,external_official,https://legis.senado.leg.br/norma/586152/publicacao/15646891,Matriz de apoio; confrontar com Dados_Tributário da Empresa 2 quando aplicável.
empresa_1,empresa_1_icms_0515,RN,AL,interestadual,icms_interstate,0.12,decimal_rate,interestadual 12%,,1989-05-19,,external_official,https://legis.senado.leg.br/norma/586152/publicacao/15646891,Matriz de apoio; confrontar com Dados_Tributário da Empresa 2 quando aplicável.
empresa_1,empresa_1_icms_0516,RN,AP,interestadual,icms_interstate,0.12,decimal_rate,interestadual 12%,,1989-05-19,,external_official,https://legis.senado.leg.br/norma/586152/publicacao/15646891,Matriz de apoio; confrontar com Dados_Tributário da Empresa 2 quando aplicável.
empresa_1,empresa_1_icms_0517,RN,AM,interestadual,icms_interstate,0.12,decimal_rate,interestadual 12%,,1989-05-19,,external_official,https://legis.senado.leg.br/norma/586152/publicacao/15646891,Matriz de apoio; confrontar com Dados_Tributário da Empresa 2 quando aplicável.
empresa_1,empresa_1_icms_0518,RN,BA,interestadual,icms_interstate,0.12,decimal_rate,interestadual 12%,,1989-05-19,,external_official,https://legis.senado.leg.br/norma/586152/publicacao/15646891,Matriz de apoio; confrontar com Dados_Tributário da Empresa 2 quando aplicável.
empresa_1,empresa_1_icms_0519,RN,CE,interestadual,icms_interstate,0.12,decimal_rate,interestadual 12%,,1989-05-19,,external_official,https://legis.senado.leg.br/norma/586152/publicacao/15646891,Matriz de apoio; confrontar com Dados_Tributário da Empresa 2 quando aplicável.
empresa_1,empresa_1_icms_0520,RN,DF,interestadual,icms_interstate,0.12,decimal_rate,interestadual 12%,,1989-05-19,,external_official,https://legis.senado.leg.br/norma/586152/publicacao/15646891,Matriz de apoio; confrontar com Dados_Tributário da Empresa 2 quando aplicável.
empresa_1,empresa_1_icms_0521,RN,ES,interestadual,icms_interstate,0.12,decimal_rate,interestadual 12%,,1989-05-19,,external_official,https://legis.senado.leg.br/norma/586152/publicacao/15646891,Matriz de apoio; confrontar com Dados_Tributário da Empresa 2 quando aplicável.
empresa_1,empresa_1_icms_0522,RN,GO,interestadual,icms_interstate,0.12,decimal_rate,interestadual 12%,,1989-05-19,,external_official,https://legis.senado.leg.br/norma/586152/publicacao/15646891,Matriz de apoio; confrontar com Dados_Tributário da Empresa 2 quando aplicável.
empresa_1,empresa_1_icms_0523,RN,MA,interestadual,icms_interstate,0.12,decimal_rate,interestadual 12%,,1989-05-19,,external_official,https://legis.senado.leg.br/norma/586152/publicacao/15646891,Matriz de apoio; confrontar com Dados_Tributário da Empresa 2 quando aplicável.
empresa_1,empresa_1_icms_0524,RN,MT,interestadual,icms_interstate,0.12,decimal_rate,interestadual 12%,,1989-05-19,,external_official,https://legis.senado.leg.br/norma/586152/publicacao/15646891,Matriz de apoio; confrontar com Dados_Tributário da Empresa 2 quando aplicável.
empresa_1,empresa_1_icms_0525,RN,MS,interestadual,icms_interstate,0.12,decimal_rate,interestadual 12%,,1989-05-19,,external_official,https://legis.senado.leg.br/norma/586152/publicacao/15646891,Matriz de apoio; confrontar com Dados_Tributário da Empresa 2 quando aplicável.
empresa_1,empresa_1_icms_0526,RN,MG,interestadual,icms_interstate,0.12,decimal_rate,interestadual 12%,,1989-05-19,,external_official,https://legis.senado.leg.br/norma/586152/publicacao/15646891,Matriz de apoio; confrontar com Dados_Tributário da Empresa 2 quando aplicável.
empresa_1,empresa_1_icms_0527,RN,PA,interestadual,icms_interstate,0.12,decimal_rate,interestadual 12%,,1989-05-19,,external_official,https://legis.senado.leg.br/norma/586152/publicacao/15646891,Matriz de apoio; confrontar com Dados_Tributário da Empresa 2 quando aplicável.
empresa_1,empresa_1_icms_0528,RN,PB,interestadual,icms_interstate,0.12,decimal_rate,interestadual 12%,,1989-05-19,,external_official,https://legis.senado.leg.br/norma/586152/publicacao/15646891,Matriz de apoio; confrontar com Dados_Tributário da Empresa 2 quando aplicável.
empresa_1,empresa_1_icms_0529,RN,PR,interestadual,icms_interstate,0.12,decimal_rate,interestadual 12%,,1989-05-19,,external_official,https://legis.senado.leg.br/norma/586152/publicacao/15646891,Matriz de apoio; confrontar com Dados_Tributário da Empresa 2 quando aplicável.
empresa_1,empresa_1_icms_0530,RN,PE,interestadual,icms_interstate,0.12,decimal_rate,interestadual 12%,,1989-05-19,,external_official,https://legis.senado.leg.br/norma/586152/publicacao/15646891,Matriz de apoio; confrontar com Dados_Tributário da Empresa 2 quando aplicável.
empresa_1,empresa_1_icms_0531,RN,PI,interestadual,icms_interstate,0.12,decimal_rate,interestadual 12%,,1989-05-19,,external_official,https://legis.senado.leg.br/norma/586152/publicacao/15646891,Matriz de apoio; confrontar com Dados_Tributário da Empresa 2 quando aplicável.
empresa_1,empresa_1_icms_0532,RN,RJ,interestadual,icms_interstate,0.12,decimal_rate,interestadual 12%,,1989-05-19,,external_official,https://legis.senado.leg.br/norma/586152/publicacao/15646891,Matriz de apoio; confrontar com Dados_Tributário da Empresa 2 quando aplicável.
empresa_1,empresa_1_icms_0533,RN,RN,interna,icms_interstate,,decimal_rate,operação interna,,1989-05-19,,external_official,https://legis.senado.leg.br/norma/586152/publicacao/15646891,Matriz de apoio; confrontar com Dados_Tributário da Empresa 2 quando aplicável.
empresa_1,empresa_1_icms_0534,RN,RS,interestadual,icms_interstate,0.12,decimal_rate,interestadual 12%,,1989-05-19,,external_official,https://legis.senado.leg.br/norma/586152/publicacao/15646891,Matriz de apoio; confrontar com Dados_Tributário da Empresa 2 quando aplicável.
empresa_1,empresa_1_icms_0535,RN,RO,interestadual,icms_interstate,0.12,decimal_rate,interestadual 12%,,1989-05-19,,external_official,https://legis.senado.leg.br/norma/586152/publicacao/15646891,Matriz de apoio; confrontar com Dados_Tributário da Empresa 2 quando aplicável.
empresa_1,empresa_1_icms_0536,RN,RR,interestadual,icms_interstate,0.12,decimal_rate,interestadual 12%,,1989-05-19,,external_official,https://legis.senado.leg.br/norma/586152/publicacao/15646891,Matriz de apoio; confrontar com Dados_Tributário da Empresa 2 quando aplicável.
empresa_1,empresa_1_icms_0537,RN,SC,interestadual,icms_interstate,0.12,decimal_rate,interestadual 12%,,1989-05-19,,external_official,https://legis.senado.leg.br/norma/586152/publicacao/15646891,Matriz de apoio; confrontar com Dados_Tributário da Empresa 2 quando aplicável.
empresa_1,empresa_1_icms_0538,RN,SP,interestadual,icms_interstate,0.12,decimal_rate,interestadual 12%,,1989-05-19,,external_official,https://legis.senado.leg.br/norma/586152/publicacao/15646891,Matriz de apoio; confrontar com Dados_Tributário da Empresa 2 quando aplicável.
empresa_1,empresa_1_icms_0539,RN,SE,interestadual,icms_interstate,0.12,decimal_rate,interestadual 12%,,1989-05-19,,external_official,https://legis.senado.leg.br/norma/586152/publicacao/15646891,Matriz de apoio; confrontar com Dados_Tributário da Empresa 2 quando aplicável.
empresa_1,empresa_1_icms_0540,RN,TO,interestadual,icms_interstate,0.12,decimal_rate,interestadual 12%,,1989-05-19,,external_official,https://legis.senado.leg.br/norma/586152/publicacao/15646891,Matriz de apoio; confrontar com Dados_Tributário da Empresa 2 quando aplicável.
empresa_1,empresa_1_icms_0541,RS,AC,interestadual,icms_interstate,0.07,decimal_rate,interestadual 7%,,1989-05-19,,external_official,https://legis.senado.leg.br/norma/586152/publicacao/15646891,Matriz de apoio; confrontar com Dados_Tributário da Empresa 2 quando aplicável.
empresa_1,empresa_1_icms_0542,RS,AL,interestadual,icms_interstate,0.07,decimal_rate,interestadual 7%,,1989-05-19,,external_official,https://legis.senado.leg.br/norma/586152/publicacao/15646891,Matriz de apoio; confrontar com Dados_Tributário da Empresa 2 quando aplicável.
empresa_1,empresa_1_icms_0543,RS,AP,interestadual,icms_interstate,0.07,decimal_rate,interestadual 7%,,1989-05-19,,external_official,https://legis.senado.leg.br/norma/586152/publicacao/15646891,Matriz de apoio; confrontar com Dados_Tributário da Empresa 2 quando aplicável.
empresa_1,empresa_1_icms_0544,RS,AM,interestadual,icms_interstate,0.07,decimal_rate,interestadual 7%,,1989-05-19,,external_official,https://legis.senado.leg.br/norma/586152/publicacao/15646891,Matriz de apoio; confrontar com Dados_Tributário da Empresa 2 quando aplicável.
empresa_1,empresa_1_icms_0545,RS,BA,interestadual,icms_interstate,0.07,decimal_rate,interestadual 7%,,1989-05-19,,external_official,https://legis.senado.leg.br/norma/586152/publicacao/15646891,Matriz de apoio; confrontar com Dados_Tributário da Empresa 2 quando aplicável.
empresa_1,empresa_1_icms_0546,RS,CE,interestadual,icms_interstate,0.07,decimal_rate,interestadual 7%,,1989-05-19,,external_official,https://legis.senado.leg.br/norma/586152/publicacao/15646891,Matriz de apoio; confrontar com Dados_Tributário da Empresa 2 quando aplicável.
empresa_1,empresa_1_icms_0547,RS,DF,interestadual,icms_interstate,0.07,decimal_rate,interestadual 7%,,1989-05-19,,external_official,https://legis.senado.leg.br/norma/586152/publicacao/15646891,Matriz de apoio; confrontar com Dados_Tributário da Empresa 2 quando aplicável.
empresa_1,empresa_1_icms_0548,RS,ES,interestadual,icms_interstate,0.07,decimal_rate,interestadual 7%,,1989-05-19,,external_official,https://legis.senado.leg.br/norma/586152/publicacao/15646891,Matriz de apoio; confrontar com Dados_Tributário da Empresa 2 quando aplicável.
empresa_1,empresa_1_icms_0549,RS,GO,interestadual,icms_interstate,0.07,decimal_rate,interestadual 7%,,1989-05-19,,external_official,https://legis.senado.leg.br/norma/586152/publicacao/15646891,Matriz de apoio; confrontar com Dados_Tributário da Empresa 2 quando aplicável.
empresa_1,empresa_1_icms_0550,RS,MA,interestadual,icms_interstate,0.07,decimal_rate,interestadual 7%,,1989-05-19,,external_official,https://legis.senado.leg.br/norma/586152/publicacao/15646891,Matriz de apoio; confrontar com Dados_Tributário da Empresa 2 quando aplicável.
empresa_1,empresa_1_icms_0551,RS,MT,interestadual,icms_interstate,0.07,decimal_rate,interestadual 7%,,1989-05-19,,external_official,https://legis.senado.leg.br/norma/586152/publicacao/15646891,Matriz de apoio; confrontar com Dados_Tributário da Empresa 2 quando aplicável.
empresa_1,empresa_1_icms_0552,RS,MS,interestadual,icms_interstate,0.07,decimal_rate,interestadual 7%,,1989-05-19,,external_official,https://legis.senado.leg.br/norma/586152/publicacao/15646891,Matriz de apoio; confrontar com Dados_Tributário da Empresa 2 quando aplicável.
empresa_1,empresa_1_icms_0553,RS,MG,interestadual,icms_interstate,0.12,decimal_rate,interestadual 12%,,1989-05-19,,external_official,https://legis.senado.leg.br/norma/586152/publicacao/15646891,Matriz de apoio; confrontar com Dados_Tributário da Empresa 2 quando aplicável.
empresa_1,empresa_1_icms_0554,RS,PA,interestadual,icms_interstate,0.07,decimal_rate,interestadual 7%,,1989-05-19,,external_official,https://legis.senado.leg.br/norma/586152/publicacao/15646891,Matriz de apoio; confrontar com Dados_Tributário da Empresa 2 quando aplicável.
empresa_1,empresa_1_icms_0555,RS,PB,interestadual,icms_interstate,0.07,decimal_rate,interestadual 7%,,1989-05-19,,external_official,https://legis.senado.leg.br/norma/586152/publicacao/15646891,Matriz de apoio; confrontar com Dados_Tributário da Empresa 2 quando aplicável.
empresa_1,empresa_1_icms_0556,RS,PR,interestadual,icms_interstate,0.12,decimal_rate,interestadual 12%,,1989-05-19,,external_official,https://legis.senado.leg.br/norma/586152/publicacao/15646891,Matriz de apoio; confrontar com Dados_Tributário da Empresa 2 quando aplicável.
empresa_1,empresa_1_icms_0557,RS,PE,interestadual,icms_interstate,0.07,decimal_rate,interestadual 7%,,1989-05-19,,external_official,https://legis.senado.leg.br/norma/586152/publicacao/15646891,Matriz de apoio; confrontar com Dados_Tributário da Empresa 2 quando aplicável.
empresa_1,empresa_1_icms_0558,RS,PI,interestadual,icms_interstate,0.07,decimal_rate,interestadual 7%,,1989-05-19,,external_official,https://legis.senado.leg.br/norma/586152/publicacao/15646891,Matriz de apoio; confrontar com Dados_Tributário da Empresa 2 quando aplicável.
empresa_1,empresa_1_icms_0559,RS,RJ,interestadual,icms_interstate,0.12,decimal_rate,interestadual 12%,,1989-05-19,,external_official,https://legis.senado.leg.br/norma/586152/publicacao/15646891,Matriz de apoio; confrontar com Dados_Tributário da Empresa 2 quando aplicável.
empresa_1,empresa_1_icms_0560,RS,RN,interestadual,icms_interstate,0.07,decimal_rate,interestadual 7%,,1989-05-19,,external_official,https://legis.senado.leg.br/norma/586152/publicacao/15646891,Matriz de apoio; confrontar com Dados_Tributário da Empresa 2 quando aplicável.
empresa_1,empresa_1_icms_0561,RS,RS,interna,icms_interstate,,decimal_rate,operação interna,,1989-05-19,,external_official,https://legis.senado.leg.br/norma/586152/publicacao/15646891,Matriz de apoio; confrontar com Dados_Tributário da Empresa 2 quando aplicável.
empresa_1,empresa_1_icms_0562,RS,RO,interestadual,icms_interstate,0.07,decimal_rate,interestadual 7%,,1989-05-19,,external_official,https://legis.senado.leg.br/norma/586152/publicacao/15646891,Matriz de apoio; confrontar com Dados_Tributário da Empresa 2 quando aplicável.
empresa_1,empresa_1_icms_0563,RS,RR,interestadual,icms_interstate,0.07,decimal_rate,interestadual 7%,,1989-05-19,,external_official,https://legis.senado.leg.br/norma/586152/publicacao/15646891,Matriz de apoio; confrontar com Dados_Tributário da Empresa 2 quando aplicável.
empresa_1,empresa_1_icms_0564,RS,SC,interestadual,icms_interstate,0.12,decimal_rate,interestadual 12%,,1989-05-19,,external_official,https://legis.senado.leg.br/norma/586152/publicacao/15646891,Matriz de apoio; confrontar com Dados_Tributário da Empresa 2 quando aplicável.
empresa_1,empresa_1_icms_0565,RS,SP,interestadual,icms_interstate,0.12,decimal_rate,interestadual 12%,,1989-05-19,,external_official,https://legis.senado.leg.br/norma/586152/publicacao/15646891,Matriz de apoio; confrontar com Dados_Tributário da Empresa 2 quando aplicável.
empresa_1,empresa_1_icms_0566,RS,SE,interestadual,icms_interstate,0.07,decimal_rate,interestadual 7%,,1989-05-19,,external_official,https://legis.senado.leg.br/norma/586152/publicacao/15646891,Matriz de apoio; confrontar com Dados_Tributário da Empresa 2 quando aplicável.
empresa_1,empresa_1_icms_0567,RS,TO,interestadual,icms_interstate,0.07,decimal_rate,interestadual 7%,,1989-05-19,,external_official,https://legis.senado.leg.br/norma/586152/publicacao/15646891,Matriz de apoio; confrontar com Dados_Tributário da Empresa 2 quando aplicável.
empresa_1,empresa_1_icms_0568,RO,AC,interestadual,icms_interstate,0.12,decimal_rate,interestadual 12%,,1989-05-19,,external_official,https://legis.senado.leg.br/norma/586152/publicacao/15646891,Matriz de apoio; confrontar com Dados_Tributário da Empresa 2 quando aplicável.
empresa_1,empresa_1_icms_0569,RO,AL,interestadual,icms_interstate,0.12,decimal_rate,interestadual 12%,,1989-05-19,,external_official,https://legis.senado.leg.br/norma/586152/publicacao/15646891,Matriz de apoio; confrontar com Dados_Tributário da Empresa 2 quando aplicável.
empresa_1,empresa_1_icms_0570,RO,AP,interestadual,icms_interstate,0.12,decimal_rate,interestadual 12%,,1989-05-19,,external_official,https://legis.senado.leg.br/norma/586152/publicacao/15646891,Matriz de apoio; confrontar com Dados_Tributário da Empresa 2 quando aplicável.
empresa_1,empresa_1_icms_0571,RO,AM,interestadual,icms_interstate,0.12,decimal_rate,interestadual 12%,,1989-05-19,,external_official,https://legis.senado.leg.br/norma/586152/publicacao/15646891,Matriz de apoio; confrontar com Dados_Tributário da Empresa 2 quando aplicável.
empresa_1,empresa_1_icms_0572,RO,BA,interestadual,icms_interstate,0.12,decimal_rate,interestadual 12%,,1989-05-19,,external_official,https://legis.senado.leg.br/norma/586152/publicacao/15646891,Matriz de apoio; confrontar com Dados_Tributário da Empresa 2 quando aplicável.
empresa_1,empresa_1_icms_0573,RO,CE,interestadual,icms_interstate,0.12,decimal_rate,interestadual 12%,,1989-05-19,,external_official,https://legis.senado.leg.br/norma/586152/publicacao/15646891,Matriz de apoio; confrontar com Dados_Tributário da Empresa 2 quando aplicável.
empresa_1,empresa_1_icms_0574,RO,DF,interestadual,icms_interstate,0.12,decimal_rate,interestadual 12%,,1989-05-19,,external_official,https://legis.senado.leg.br/norma/586152/publicacao/15646891,Matriz de apoio; confrontar com Dados_Tributário da Empresa 2 quando aplicável.
empresa_1,empresa_1_icms_0575,RO,ES,interestadual,icms_interstate,0.12,decimal_rate,interestadual 12%,,1989-05-19,,external_official,https://legis.senado.leg.br/norma/586152/publicacao/15646891,Matriz de apoio; confrontar com Dados_Tributário da Empresa 2 quando aplicável.
empresa_1,empresa_1_icms_0576,RO,GO,interestadual,icms_interstate,0.12,decimal_rate,interestadual 12%,,1989-05-19,,external_official,https://legis.senado.leg.br/norma/586152/publicacao/15646891,Matriz de apoio; confrontar com Dados_Tributário da Empresa 2 quando aplicável.
empresa_1,empresa_1_icms_0577,RO,MA,interestadual,icms_interstate,0.12,decimal_rate,interestadual 12%,,1989-05-19,,external_official,https://legis.senado.leg.br/norma/586152/publicacao/15646891,Matriz de apoio; confrontar com Dados_Tributário da Empresa 2 quando aplicável.
empresa_1,empresa_1_icms_0578,RO,MT,interestadual,icms_interstate,0.12,decimal_rate,interestadual 12%,,1989-05-19,,external_official,https://legis.senado.leg.br/norma/586152/publicacao/15646891,Matriz de apoio; confrontar com Dados_Tributário da Empresa 2 quando aplicável.
empresa_1,empresa_1_icms_0579,RO,MS,interestadual,icms_interstate,0.12,decimal_rate,interestadual 12%,,1989-05-19,,external_official,https://legis.senado.leg.br/norma/586152/publicacao/15646891,Matriz de apoio; confrontar com Dados_Tributário da Empresa 2 quando aplicável.
empresa_1,empresa_1_icms_0580,RO,MG,interestadual,icms_interstate,0.12,decimal_rate,interestadual 12%,,1989-05-19,,external_official,https://legis.senado.leg.br/norma/586152/publicacao/15646891,Matriz de apoio; confrontar com Dados_Tributário da Empresa 2 quando aplicável.
empresa_1,empresa_1_icms_0581,RO,PA,interestadual,icms_interstate,0.12,decimal_rate,interestadual 12%,,1989-05-19,,external_official,https://legis.senado.leg.br/norma/586152/publicacao/15646891,Matriz de apoio; confrontar com Dados_Tributário da Empresa 2 quando aplicável.
empresa_1,empresa_1_icms_0582,RO,PB,interestadual,icms_interstate,0.12,decimal_rate,interestadual 12%,,1989-05-19,,external_official,https://legis.senado.leg.br/norma/586152/publicacao/15646891,Matriz de apoio; confrontar com Dados_Tributário da Empresa 2 quando aplicável.
empresa_1,empresa_1_icms_0583,RO,PR,interestadual,icms_interstate,0.12,decimal_rate,interestadual 12%,,1989-05-19,,external_official,https://legis.senado.leg.br/norma/586152/publicacao/15646891,Matriz de apoio; confrontar com Dados_Tributário da Empresa 2 quando aplicável.
empresa_1,empresa_1_icms_0584,RO,PE,interestadual,icms_interstate,0.12,decimal_rate,interestadual 12%,,1989-05-19,,external_official,https://legis.senado.leg.br/norma/586152/publicacao/15646891,Matriz de apoio; confrontar com Dados_Tributário da Empresa 2 quando aplicável.
empresa_1,empresa_1_icms_0585,RO,PI,interestadual,icms_interstate,0.12,decimal_rate,interestadual 12%,,1989-05-19,,external_official,https://legis.senado.leg.br/norma/586152/publicacao/15646891,Matriz de apoio; confrontar com Dados_Tributário da Empresa 2 quando aplicável.
empresa_1,empresa_1_icms_0586,RO,RJ,interestadual,icms_interstate,0.12,decimal_rate,interestadual 12%,,1989-05-19,,external_official,https://legis.senado.leg.br/norma/586152/publicacao/15646891,Matriz de apoio; confrontar com Dados_Tributário da Empresa 2 quando aplicável.
empresa_1,empresa_1_icms_0587,RO,RN,interestadual,icms_interstate,0.12,decimal_rate,interestadual 12%,,1989-05-19,,external_official,https://legis.senado.leg.br/norma/586152/publicacao/15646891,Matriz de apoio; confrontar com Dados_Tributário da Empresa 2 quando aplicável.
empresa_1,empresa_1_icms_0588,RO,RS,interestadual,icms_interstate,0.12,decimal_rate,interestadual 12%,,1989-05-19,,external_official,https://legis.senado.leg.br/norma/586152/publicacao/15646891,Matriz de apoio; confrontar com Dados_Tributário da Empresa 2 quando aplicável.
empresa_1,empresa_1_icms_0589,RO,RO,interna,icms_interstate,,decimal_rate,operação interna,,1989-05-19,,external_official,https://legis.senado.leg.br/norma/586152/publicacao/15646891,Matriz de apoio; confrontar com Dados_Tributário da Empresa 2 quando aplicável.
empresa_1,empresa_1_icms_0590,RO,RR,interestadual,icms_interstate,0.12,decimal_rate,interestadual 12%,,1989-05-19,,external_official,https://legis.senado.leg.br/norma/586152/publicacao/15646891,Matriz de apoio; confrontar com Dados_Tributário da Empresa 2 quando aplicável.
empresa_1,empresa_1_icms_0591,RO,SC,interestadual,icms_interstate,0.12,decimal_rate,interestadual 12%,,1989-05-19,,external_official,https://legis.senado.leg.br/norma/586152/publicacao/15646891,Matriz de apoio; confrontar com Dados_Tributário da Empresa 2 quando aplicável.
empresa_1,empresa_1_icms_0592,RO,SP,interestadual,icms_interstate,0.12,decimal_rate,interestadual 12%,,1989-05-19,,external_official,https://legis.senado.leg.br/norma/586152/publicacao/15646891,Matriz de apoio; confrontar com Dados_Tributário da Empresa 2 quando aplicável.
empresa_1,empresa_1_icms_0593,RO,SE,interestadual,icms_interstate,0.12,decimal_rate,interestadual 12%,,1989-05-19,,external_official,https://legis.senado.leg.br/norma/586152/publicacao/15646891,Matriz de apoio; confrontar com Dados_Tributário da Empresa 2 quando aplicável.
empresa_1,empresa_1_icms_0594,RO,TO,interestadual,icms_interstate,0.12,decimal_rate,interestadual 12%,,1989-05-19,,external_official,https://legis.senado.leg.br/norma/586152/publicacao/15646891,Matriz de apoio; confrontar com Dados_Tributário da Empresa 2 quando aplicável.
empresa_1,empresa_1_icms_0595,RR,AC,interestadual,icms_interstate,0.12,decimal_rate,interestadual 12%,,1989-05-19,,external_official,https://legis.senado.leg.br/norma/586152/publicacao/15646891,Matriz de apoio; confrontar com Dados_Tributário da Empresa 2 quando aplicável.
empresa_1,empresa_1_icms_0596,RR,AL,interestadual,icms_interstate,0.12,decimal_rate,interestadual 12%,,1989-05-19,,external_official,https://legis.senado.leg.br/norma/586152/publicacao/15646891,Matriz de apoio; confrontar com Dados_Tributário da Empresa 2 quando aplicável.
empresa_1,empresa_1_icms_0597,RR,AP,interestadual,icms_interstate,0.12,decimal_rate,interestadual 12%,,1989-05-19,,external_official,https://legis.senado.leg.br/norma/586152/publicacao/15646891,Matriz de apoio; confrontar com Dados_Tributário da Empresa 2 quando aplicável.
empresa_1,empresa_1_icms_0598,RR,AM,interestadual,icms_interstate,0.12,decimal_rate,interestadual 12%,,1989-05-19,,external_official,https://legis.senado.leg.br/norma/586152/publicacao/15646891,Matriz de apoio; confrontar com Dados_Tributário da Empresa 2 quando aplicável.
empresa_1,empresa_1_icms_0599,RR,BA,interestadual,icms_interstate,0.12,decimal_rate,interestadual 12%,,1989-05-19,,external_official,https://legis.senado.leg.br/norma/586152/publicacao/15646891,Matriz de apoio; confrontar com Dados_Tributário da Empresa 2 quando aplicável.
empresa_1,empresa_1_icms_0600,RR,CE,interestadual,icms_interstate,0.12,decimal_rate,interestadual 12%,,1989-05-19,,external_official,https://legis.senado.leg.br/norma/586152/publicacao/15646891,Matriz de apoio; confrontar com Dados_Tributário da Empresa 2 quando aplicável.
empresa_1,empresa_1_icms_0601,RR,DF,interestadual,icms_interstate,0.12,decimal_rate,interestadual 12%,,1989-05-19,,external_official,https://legis.senado.leg.br/norma/586152/publicacao/15646891,Matriz de apoio; confrontar com Dados_Tributário da Empresa 2 quando aplicável.
empresa_1,empresa_1_icms_0602,RR,ES,interestadual,icms_interstate,0.12,decimal_rate,interestadual 12%,,1989-05-19,,external_official,https://legis.senado.leg.br/norma/586152/publicacao/15646891,Matriz de apoio; confrontar com Dados_Tributário da Empresa 2 quando aplicável.
empresa_1,empresa_1_icms_0603,RR,GO,interestadual,icms_interstate,0.12,decimal_rate,interestadual 12%,,1989-05-19,,external_official,https://legis.senado.leg.br/norma/586152/publicacao/15646891,Matriz de apoio; confrontar com Dados_Tributário da Empresa 2 quando aplicável.
empresa_1,empresa_1_icms_0604,RR,MA,interestadual,icms_interstate,0.12,decimal_rate,interestadual 12%,,1989-05-19,,external_official,https://legis.senado.leg.br/norma/586152/publicacao/15646891,Matriz de apoio; confrontar com Dados_Tributário da Empresa 2 quando aplicável.
empresa_1,empresa_1_icms_0605,RR,MT,interestadual,icms_interstate,0.12,decimal_rate,interestadual 12%,,1989-05-19,,external_official,https://legis.senado.leg.br/norma/586152/publicacao/15646891,Matriz de apoio; confrontar com Dados_Tributário da Empresa 2 quando aplicável.
empresa_1,empresa_1_icms_0606,RR,MS,interestadual,icms_interstate,0.12,decimal_rate,interestadual 12%,,1989-05-19,,external_official,https://legis.senado.leg.br/norma/586152/publicacao/15646891,Matriz de apoio; confrontar com Dados_Tributário da Empresa 2 quando aplicável.
empresa_1,empresa_1_icms_0607,RR,MG,interestadual,icms_interstate,0.12,decimal_rate,interestadual 12%,,1989-05-19,,external_official,https://legis.senado.leg.br/norma/586152/publicacao/15646891,Matriz de apoio; confrontar com Dados_Tributário da Empresa 2 quando aplicável.
empresa_1,empresa_1_icms_0608,RR,PA,interestadual,icms_interstate,0.12,decimal_rate,interestadual 12%,,1989-05-19,,external_official,https://legis.senado.leg.br/norma/586152/publicacao/15646891,Matriz de apoio; confrontar com Dados_Tributário da Empresa 2 quando aplicável.
empresa_1,empresa_1_icms_0609,RR,PB,interestadual,icms_interstate,0.12,decimal_rate,interestadual 12%,,1989-05-19,,external_official,https://legis.senado.leg.br/norma/586152/publicacao/15646891,Matriz de apoio; confrontar com Dados_Tributário da Empresa 2 quando aplicável.
empresa_1,empresa_1_icms_0610,RR,PR,interestadual,icms_interstate,0.12,decimal_rate,interestadual 12%,,1989-05-19,,external_official,https://legis.senado.leg.br/norma/586152/publicacao/15646891,Matriz de apoio; confrontar com Dados_Tributário da Empresa 2 quando aplicável.
empresa_1,empresa_1_icms_0611,RR,PE,interestadual,icms_interstate,0.12,decimal_rate,interestadual 12%,,1989-05-19,,external_official,https://legis.senado.leg.br/norma/586152/publicacao/15646891,Matriz de apoio; confrontar com Dados_Tributário da Empresa 2 quando aplicável.
empresa_1,empresa_1_icms_0612,RR,PI,interestadual,icms_interstate,0.12,decimal_rate,interestadual 12%,,1989-05-19,,external_official,https://legis.senado.leg.br/norma/586152/publicacao/15646891,Matriz de apoio; confrontar com Dados_Tributário da Empresa 2 quando aplicável.
empresa_1,empresa_1_icms_0613,RR,RJ,interestadual,icms_interstate,0.12,decimal_rate,interestadual 12%,,1989-05-19,,external_official,https://legis.senado.leg.br/norma/586152/publicacao/15646891,Matriz de apoio; confrontar com Dados_Tributário da Empresa 2 quando aplicável.
empresa_1,empresa_1_icms_0614,RR,RN,interestadual,icms_interstate,0.12,decimal_rate,interestadual 12%,,1989-05-19,,external_official,https://legis.senado.leg.br/norma/586152/publicacao/15646891,Matriz de apoio; confrontar com Dados_Tributário da Empresa 2 quando aplicável.
empresa_1,empresa_1_icms_0615,RR,RS,interestadual,icms_interstate,0.12,decimal_rate,interestadual 12%,,1989-05-19,,external_official,https://legis.senado.leg.br/norma/586152/publicacao/15646891,Matriz de apoio; confrontar com Dados_Tributário da Empresa 2 quando aplicável.
empresa_1,empresa_1_icms_0616,RR,RO,interestadual,icms_interstate,0.12,decimal_rate,interestadual 12%,,1989-05-19,,external_official,https://legis.senado.leg.br/norma/586152/publicacao/15646891,Matriz de apoio; confrontar com Dados_Tributário da Empresa 2 quando aplicável.
empresa_1,empresa_1_icms_0617,RR,RR,interna,icms_interstate,,decimal_rate,operação interna,,1989-05-19,,external_official,https://legis.senado.leg.br/norma/586152/publicacao/15646891,Matriz de apoio; confrontar com Dados_Tributário da Empresa 2 quando aplicável.
empresa_1,empresa_1_icms_0618,RR,SC,interestadual,icms_interstate,0.12,decimal_rate,interestadual 12%,,1989-05-19,,external_official,https://legis.senado.leg.br/norma/586152/publicacao/15646891,Matriz de apoio; confrontar com Dados_Tributário da Empresa 2 quando aplicável.
empresa_1,empresa_1_icms_0619,RR,SP,interestadual,icms_interstate,0.12,decimal_rate,interestadual 12%,,1989-05-19,,external_official,https://legis.senado.leg.br/norma/586152/publicacao/15646891,Matriz de apoio; confrontar com Dados_Tributário da Empresa 2 quando aplicável.
empresa_1,empresa_1_icms_0620,RR,SE,interestadual,icms_interstate,0.12,decimal_rate,interestadual 12%,,1989-05-19,,external_official,https://legis.senado.leg.br/norma/586152/publicacao/15646891,Matriz de apoio; confrontar com Dados_Tributário da Empresa 2 quando aplicável.
empresa_1,empresa_1_icms_0621,RR,TO,interestadual,icms_interstate,0.12,decimal_rate,interestadual 12%,,1989-05-19,,external_official,https://legis.senado.leg.br/norma/586152/publicacao/15646891,Matriz de apoio; confrontar com Dados_Tributário da Empresa 2 quando aplicável.
empresa_1,empresa_1_icms_0622,SC,AC,interestadual,icms_interstate,0.07,decimal_rate,interestadual 7%,,1989-05-19,,external_official,https://legis.senado.leg.br/norma/586152/publicacao/15646891,Matriz de apoio; confrontar com Dados_Tributário da Empresa 2 quando aplicável.
empresa_1,empresa_1_icms_0623,SC,AL,interestadual,icms_interstate,0.07,decimal_rate,interestadual 7%,,1989-05-19,,external_official,https://legis.senado.leg.br/norma/586152/publicacao/15646891,Matriz de apoio; confrontar com Dados_Tributário da Empresa 2 quando aplicável.
empresa_1,empresa_1_icms_0624,SC,AP,interestadual,icms_interstate,0.07,decimal_rate,interestadual 7%,,1989-05-19,,external_official,https://legis.senado.leg.br/norma/586152/publicacao/15646891,Matriz de apoio; confrontar com Dados_Tributário da Empresa 2 quando aplicável.
empresa_1,empresa_1_icms_0625,SC,AM,interestadual,icms_interstate,0.07,decimal_rate,interestadual 7%,,1989-05-19,,external_official,https://legis.senado.leg.br/norma/586152/publicacao/15646891,Matriz de apoio; confrontar com Dados_Tributário da Empresa 2 quando aplicável.
empresa_1,empresa_1_icms_0626,SC,BA,interestadual,icms_interstate,0.07,decimal_rate,interestadual 7%,,1989-05-19,,external_official,https://legis.senado.leg.br/norma/586152/publicacao/15646891,Matriz de apoio; confrontar com Dados_Tributário da Empresa 2 quando aplicável.
empresa_1,empresa_1_icms_0627,SC,CE,interestadual,icms_interstate,0.07,decimal_rate,interestadual 7%,,1989-05-19,,external_official,https://legis.senado.leg.br/norma/586152/publicacao/15646891,Matriz de apoio; confrontar com Dados_Tributário da Empresa 2 quando aplicável.
empresa_1,empresa_1_icms_0628,SC,DF,interestadual,icms_interstate,0.07,decimal_rate,interestadual 7%,,1989-05-19,,external_official,https://legis.senado.leg.br/norma/586152/publicacao/15646891,Matriz de apoio; confrontar com Dados_Tributário da Empresa 2 quando aplicável.
empresa_1,empresa_1_icms_0629,SC,ES,interestadual,icms_interstate,0.07,decimal_rate,interestadual 7%,,1989-05-19,,external_official,https://legis.senado.leg.br/norma/586152/publicacao/15646891,Matriz de apoio; confrontar com Dados_Tributário da Empresa 2 quando aplicável.
empresa_1,empresa_1_icms_0630,SC,GO,interestadual,icms_interstate,0.07,decimal_rate,interestadual 7%,,1989-05-19,,external_official,https://legis.senado.leg.br/norma/586152/publicacao/15646891,Matriz de apoio; confrontar com Dados_Tributário da Empresa 2 quando aplicável.
empresa_1,empresa_1_icms_0631,SC,MA,interestadual,icms_interstate,0.07,decimal_rate,interestadual 7%,,1989-05-19,,external_official,https://legis.senado.leg.br/norma/586152/publicacao/15646891,Matriz de apoio; confrontar com Dados_Tributário da Empresa 2 quando aplicável.
empresa_1,empresa_1_icms_0632,SC,MT,interestadual,icms_interstate,0.07,decimal_rate,interestadual 7%,,1989-05-19,,external_official,https://legis.senado.leg.br/norma/586152/publicacao/15646891,Matriz de apoio; confrontar com Dados_Tributário da Empresa 2 quando aplicável.
empresa_1,empresa_1_icms_0633,SC,MS,interestadual,icms_interstate,0.07,decimal_rate,interestadual 7%,,1989-05-19,,external_official,https://legis.senado.leg.br/norma/586152/publicacao/15646891,Matriz de apoio; confrontar com Dados_Tributário da Empresa 2 quando aplicável.
empresa_1,empresa_1_icms_0634,SC,MG,interestadual,icms_interstate,0.12,decimal_rate,interestadual 12%,,1989-05-19,,external_official,https://legis.senado.leg.br/norma/586152/publicacao/15646891,Matriz de apoio; confrontar com Dados_Tributário da Empresa 2 quando aplicável.
empresa_1,empresa_1_icms_0635,SC,PA,interestadual,icms_interstate,0.07,decimal_rate,interestadual 7%,,1989-05-19,,external_official,https://legis.senado.leg.br/norma/586152/publicacao/15646891,Matriz de apoio; confrontar com Dados_Tributário da Empresa 2 quando aplicável.
empresa_1,empresa_1_icms_0636,SC,PB,interestadual,icms_interstate,0.07,decimal_rate,interestadual 7%,,1989-05-19,,external_official,https://legis.senado.leg.br/norma/586152/publicacao/15646891,Matriz de apoio; confrontar com Dados_Tributário da Empresa 2 quando aplicável.
empresa_1,empresa_1_icms_0637,SC,PR,interestadual,icms_interstate,0.12,decimal_rate,interestadual 12%,,1989-05-19,,external_official,https://legis.senado.leg.br/norma/586152/publicacao/15646891,Matriz de apoio; confrontar com Dados_Tributário da Empresa 2 quando aplicável.
empresa_1,empresa_1_icms_0638,SC,PE,interestadual,icms_interstate,0.07,decimal_rate,interestadual 7%,,1989-05-19,,external_official,https://legis.senado.leg.br/norma/586152/publicacao/15646891,Matriz de apoio; confrontar com Dados_Tributário da Empresa 2 quando aplicável.
empresa_1,empresa_1_icms_0639,SC,PI,interestadual,icms_interstate,0.07,decimal_rate,interestadual 7%,,1989-05-19,,external_official,https://legis.senado.leg.br/norma/586152/publicacao/15646891,Matriz de apoio; confrontar com Dados_Tributário da Empresa 2 quando aplicável.
empresa_1,empresa_1_icms_0640,SC,RJ,interestadual,icms_interstate,0.12,decimal_rate,interestadual 12%,,1989-05-19,,external_official,https://legis.senado.leg.br/norma/586152/publicacao/15646891,Matriz de apoio; confrontar com Dados_Tributário da Empresa 2 quando aplicável.
empresa_1,empresa_1_icms_0641,SC,RN,interestadual,icms_interstate,0.07,decimal_rate,interestadual 7%,,1989-05-19,,external_official,https://legis.senado.leg.br/norma/586152/publicacao/15646891,Matriz de apoio; confrontar com Dados_Tributário da Empresa 2 quando aplicável.
empresa_1,empresa_1_icms_0642,SC,RS,interestadual,icms_interstate,0.12,decimal_rate,interestadual 12%,,1989-05-19,,external_official,https://legis.senado.leg.br/norma/586152/publicacao/15646891,Matriz de apoio; confrontar com Dados_Tributário da Empresa 2 quando aplicável.
empresa_1,empresa_1_icms_0643,SC,RO,interestadual,icms_interstate,0.07,decimal_rate,interestadual 7%,,1989-05-19,,external_official,https://legis.senado.leg.br/norma/586152/publicacao/15646891,Matriz de apoio; confrontar com Dados_Tributário da Empresa 2 quando aplicável.
empresa_1,empresa_1_icms_0644,SC,RR,interestadual,icms_interstate,0.07,decimal_rate,interestadual 7%,,1989-05-19,,external_official,https://legis.senado.leg.br/norma/586152/publicacao/15646891,Matriz de apoio; confrontar com Dados_Tributário da Empresa 2 quando aplicável.
empresa_1,empresa_1_icms_0645,SC,SC,interna,icms_interstate,,decimal_rate,operação interna,,1989-05-19,,external_official,https://legis.senado.leg.br/norma/586152/publicacao/15646891,Matriz de apoio; confrontar com Dados_Tributário da Empresa 2 quando aplicável.
empresa_1,empresa_1_icms_0646,SC,SP,interestadual,icms_interstate,0.12,decimal_rate,interestadual 12%,,1989-05-19,,external_official,https://legis.senado.leg.br/norma/586152/publicacao/15646891,Matriz de apoio; confrontar com Dados_Tributário da Empresa 2 quando aplicável.
empresa_1,empresa_1_icms_0647,SC,SE,interestadual,icms_interstate,0.07,decimal_rate,interestadual 7%,,1989-05-19,,external_official,https://legis.senado.leg.br/norma/586152/publicacao/15646891,Matriz de apoio; confrontar com Dados_Tributário da Empresa 2 quando aplicável.
empresa_1,empresa_1_icms_0648,SC,TO,interestadual,icms_interstate,0.07,decimal_rate,interestadual 7%,,1989-05-19,,external_official,https://legis.senado.leg.br/norma/586152/publicacao/15646891,Matriz de apoio; confrontar com Dados_Tributário da Empresa 2 quando aplicável.
empresa_1,empresa_1_icms_0649,SP,AC,interestadual,icms_interstate,0.07,decimal_rate,interestadual 7%,,1989-05-19,,external_official,https://legis.senado.leg.br/norma/586152/publicacao/15646891,Matriz de apoio; confrontar com Dados_Tributário da Empresa 2 quando aplicável.
empresa_1,empresa_1_icms_0650,SP,AL,interestadual,icms_interstate,0.07,decimal_rate,interestadual 7%,,1989-05-19,,external_official,https://legis.senado.leg.br/norma/586152/publicacao/15646891,Matriz de apoio; confrontar com Dados_Tributário da Empresa 2 quando aplicável.
empresa_1,empresa_1_icms_0651,SP,AP,interestadual,icms_interstate,0.07,decimal_rate,interestadual 7%,,1989-05-19,,external_official,https://legis.senado.leg.br/norma/586152/publicacao/15646891,Matriz de apoio; confrontar com Dados_Tributário da Empresa 2 quando aplicável.
empresa_1,empresa_1_icms_0652,SP,AM,interestadual,icms_interstate,0.07,decimal_rate,interestadual 7%,,1989-05-19,,external_official,https://legis.senado.leg.br/norma/586152/publicacao/15646891,Matriz de apoio; confrontar com Dados_Tributário da Empresa 2 quando aplicável.
empresa_1,empresa_1_icms_0653,SP,BA,interestadual,icms_interstate,0.07,decimal_rate,interestadual 7%,,1989-05-19,,external_official,https://legis.senado.leg.br/norma/586152/publicacao/15646891,Matriz de apoio; confrontar com Dados_Tributário da Empresa 2 quando aplicável.
empresa_1,empresa_1_icms_0654,SP,CE,interestadual,icms_interstate,0.07,decimal_rate,interestadual 7%,,1989-05-19,,external_official,https://legis.senado.leg.br/norma/586152/publicacao/15646891,Matriz de apoio; confrontar com Dados_Tributário da Empresa 2 quando aplicável.
empresa_1,empresa_1_icms_0655,SP,DF,interestadual,icms_interstate,0.07,decimal_rate,interestadual 7%,,1989-05-19,,external_official,https://legis.senado.leg.br/norma/586152/publicacao/15646891,Matriz de apoio; confrontar com Dados_Tributário da Empresa 2 quando aplicável.
empresa_1,empresa_1_icms_0656,SP,ES,interestadual,icms_interstate,0.07,decimal_rate,interestadual 7%,,1989-05-19,,external_official,https://legis.senado.leg.br/norma/586152/publicacao/15646891,Matriz de apoio; confrontar com Dados_Tributário da Empresa 2 quando aplicável.
empresa_1,empresa_1_icms_0657,SP,GO,interestadual,icms_interstate,0.07,decimal_rate,interestadual 7%,,1989-05-19,,external_official,https://legis.senado.leg.br/norma/586152/publicacao/15646891,Matriz de apoio; confrontar com Dados_Tributário da Empresa 2 quando aplicável.
empresa_1,empresa_1_icms_0658,SP,MA,interestadual,icms_interstate,0.07,decimal_rate,interestadual 7%,,1989-05-19,,external_official,https://legis.senado.leg.br/norma/586152/publicacao/15646891,Matriz de apoio; confrontar com Dados_Tributário da Empresa 2 quando aplicável.
empresa_1,empresa_1_icms_0659,SP,MT,interestadual,icms_interstate,0.07,decimal_rate,interestadual 7%,,1989-05-19,,external_official,https://legis.senado.leg.br/norma/586152/publicacao/15646891,Matriz de apoio; confrontar com Dados_Tributário da Empresa 2 quando aplicável.
empresa_1,empresa_1_icms_0660,SP,MS,interestadual,icms_interstate,0.07,decimal_rate,interestadual 7%,,1989-05-19,,external_official,https://legis.senado.leg.br/norma/586152/publicacao/15646891,Matriz de apoio; confrontar com Dados_Tributário da Empresa 2 quando aplicável.
empresa_1,empresa_1_icms_0661,SP,MG,interestadual,icms_interstate,0.12,decimal_rate,interestadual 12%,,1989-05-19,,external_official,https://legis.senado.leg.br/norma/586152/publicacao/15646891,Matriz de apoio; confrontar com Dados_Tributário da Empresa 2 quando aplicável.
empresa_1,empresa_1_icms_0662,SP,PA,interestadual,icms_interstate,0.07,decimal_rate,interestadual 7%,,1989-05-19,,external_official,https://legis.senado.leg.br/norma/586152/publicacao/15646891,Matriz de apoio; confrontar com Dados_Tributário da Empresa 2 quando aplicável.
empresa_1,empresa_1_icms_0663,SP,PB,interestadual,icms_interstate,0.07,decimal_rate,interestadual 7%,,1989-05-19,,external_official,https://legis.senado.leg.br/norma/586152/publicacao/15646891,Matriz de apoio; confrontar com Dados_Tributário da Empresa 2 quando aplicável.
empresa_1,empresa_1_icms_0664,SP,PR,interestadual,icms_interstate,0.12,decimal_rate,interestadual 12%,,1989-05-19,,external_official,https://legis.senado.leg.br/norma/586152/publicacao/15646891,Matriz de apoio; confrontar com Dados_Tributário da Empresa 2 quando aplicável.
empresa_1,empresa_1_icms_0665,SP,PE,interestadual,icms_interstate,0.07,decimal_rate,interestadual 7%,,1989-05-19,,external_official,https://legis.senado.leg.br/norma/586152/publicacao/15646891,Matriz de apoio; confrontar com Dados_Tributário da Empresa 2 quando aplicável.
empresa_1,empresa_1_icms_0666,SP,PI,interestadual,icms_interstate,0.07,decimal_rate,interestadual 7%,,1989-05-19,,external_official,https://legis.senado.leg.br/norma/586152/publicacao/15646891,Matriz de apoio; confrontar com Dados_Tributário da Empresa 2 quando aplicável.
empresa_1,empresa_1_icms_0667,SP,RJ,interestadual,icms_interstate,0.12,decimal_rate,interestadual 12%,,1989-05-19,,external_official,https://legis.senado.leg.br/norma/586152/publicacao/15646891,Matriz de apoio; confrontar com Dados_Tributário da Empresa 2 quando aplicável.
empresa_1,empresa_1_icms_0668,SP,RN,interestadual,icms_interstate,0.07,decimal_rate,interestadual 7%,,1989-05-19,,external_official,https://legis.senado.leg.br/norma/586152/publicacao/15646891,Matriz de apoio; confrontar com Dados_Tributário da Empresa 2 quando aplicável.
empresa_1,empresa_1_icms_0669,SP,RS,interestadual,icms_interstate,0.12,decimal_rate,interestadual 12%,,1989-05-19,,external_official,https://legis.senado.leg.br/norma/586152/publicacao/15646891,Matriz de apoio; confrontar com Dados_Tributário da Empresa 2 quando aplicável.
empresa_1,empresa_1_icms_0670,SP,RO,interestadual,icms_interstate,0.07,decimal_rate,interestadual 7%,,1989-05-19,,external_official,https://legis.senado.leg.br/norma/586152/publicacao/15646891,Matriz de apoio; confrontar com Dados_Tributário da Empresa 2 quando aplicável.
empresa_1,empresa_1_icms_0671,SP,RR,interestadual,icms_interstate,0.07,decimal_rate,interestadual 7%,,1989-05-19,,external_official,https://legis.senado.leg.br/norma/586152/publicacao/15646891,Matriz de apoio; confrontar com Dados_Tributário da Empresa 2 quando aplicável.
empresa_1,empresa_1_icms_0672,SP,SC,interestadual,icms_interstate,0.12,decimal_rate,interestadual 12%,,1989-05-19,,external_official,https://legis.senado.leg.br/norma/586152/publicacao/15646891,Matriz de apoio; confrontar com Dados_Tributário da Empresa 2 quando aplicável.
empresa_1,empresa_1_icms_0673,SP,SP,interna,icms_interstate,,decimal_rate,operação interna,,1989-05-19,,external_official,https://legis.senado.leg.br/norma/586152/publicacao/15646891,Matriz de apoio; confrontar com Dados_Tributário da Empresa 2 quando aplicável.
empresa_1,empresa_1_icms_0674,SP,SE,interestadual,icms_interstate,0.07,decimal_rate,interestadual 7%,,1989-05-19,,external_official,https://legis.senado.leg.br/norma/586152/publicacao/15646891,Matriz de apoio; confrontar com Dados_Tributário da Empresa 2 quando aplicável.
empresa_1,empresa_1_icms_0675,SP,TO,interestadual,icms_interstate,0.07,decimal_rate,interestadual 7%,,1989-05-19,,external_official,https://legis.senado.leg.br/norma/586152/publicacao/15646891,Matriz de apoio; confrontar com Dados_Tributário da Empresa 2 quando aplicável.
empresa_1,empresa_1_icms_0676,SE,AC,interestadual,icms_interstate,0.12,decimal_rate,interestadual 12%,,1989-05-19,,external_official,https://legis.senado.leg.br/norma/586152/publicacao/15646891,Matriz de apoio; confrontar com Dados_Tributário da Empresa 2 quando aplicável.
empresa_1,empresa_1_icms_0677,SE,AL,interestadual,icms_interstate,0.12,decimal_rate,interestadual 12%,,1989-05-19,,external_official,https://legis.senado.leg.br/norma/586152/publicacao/15646891,Matriz de apoio; confrontar com Dados_Tributário da Empresa 2 quando aplicável.
empresa_1,empresa_1_icms_0678,SE,AP,interestadual,icms_interstate,0.12,decimal_rate,interestadual 12%,,1989-05-19,,external_official,https://legis.senado.leg.br/norma/586152/publicacao/15646891,Matriz de apoio; confrontar com Dados_Tributário da Empresa 2 quando aplicável.
empresa_1,empresa_1_icms_0679,SE,AM,interestadual,icms_interstate,0.12,decimal_rate,interestadual 12%,,1989-05-19,,external_official,https://legis.senado.leg.br/norma/586152/publicacao/15646891,Matriz de apoio; confrontar com Dados_Tributário da Empresa 2 quando aplicável.
empresa_1,empresa_1_icms_0680,SE,BA,interestadual,icms_interstate,0.12,decimal_rate,interestadual 12%,,1989-05-19,,external_official,https://legis.senado.leg.br/norma/586152/publicacao/15646891,Matriz de apoio; confrontar com Dados_Tributário da Empresa 2 quando aplicável.
empresa_1,empresa_1_icms_0681,SE,CE,interestadual,icms_interstate,0.12,decimal_rate,interestadual 12%,,1989-05-19,,external_official,https://legis.senado.leg.br/norma/586152/publicacao/15646891,Matriz de apoio; confrontar com Dados_Tributário da Empresa 2 quando aplicável.
empresa_1,empresa_1_icms_0682,SE,DF,interestadual,icms_interstate,0.12,decimal_rate,interestadual 12%,,1989-05-19,,external_official,https://legis.senado.leg.br/norma/586152/publicacao/15646891,Matriz de apoio; confrontar com Dados_Tributário da Empresa 2 quando aplicável.
empresa_1,empresa_1_icms_0683,SE,ES,interestadual,icms_interstate,0.12,decimal_rate,interestadual 12%,,1989-05-19,,external_official,https://legis.senado.leg.br/norma/586152/publicacao/15646891,Matriz de apoio; confrontar com Dados_Tributário da Empresa 2 quando aplicável.
empresa_1,empresa_1_icms_0684,SE,GO,interestadual,icms_interstate,0.12,decimal_rate,interestadual 12%,,1989-05-19,,external_official,https://legis.senado.leg.br/norma/586152/publicacao/15646891,Matriz de apoio; confrontar com Dados_Tributário da Empresa 2 quando aplicável.
empresa_1,empresa_1_icms_0685,SE,MA,interestadual,icms_interstate,0.12,decimal_rate,interestadual 12%,,1989-05-19,,external_official,https://legis.senado.leg.br/norma/586152/publicacao/15646891,Matriz de apoio; confrontar com Dados_Tributário da Empresa 2 quando aplicável.
empresa_1,empresa_1_icms_0686,SE,MT,interestadual,icms_interstate,0.12,decimal_rate,interestadual 12%,,1989-05-19,,external_official,https://legis.senado.leg.br/norma/586152/publicacao/15646891,Matriz de apoio; confrontar com Dados_Tributário da Empresa 2 quando aplicável.
empresa_1,empresa_1_icms_0687,SE,MS,interestadual,icms_interstate,0.12,decimal_rate,interestadual 12%,,1989-05-19,,external_official,https://legis.senado.leg.br/norma/586152/publicacao/15646891,Matriz de apoio; confrontar com Dados_Tributário da Empresa 2 quando aplicável.
empresa_1,empresa_1_icms_0688,SE,MG,interestadual,icms_interstate,0.12,decimal_rate,interestadual 12%,,1989-05-19,,external_official,https://legis.senado.leg.br/norma/586152/publicacao/15646891,Matriz de apoio; confrontar com Dados_Tributário da Empresa 2 quando aplicável.
empresa_1,empresa_1_icms_0689,SE,PA,interestadual,icms_interstate,0.12,decimal_rate,interestadual 12%,,1989-05-19,,external_official,https://legis.senado.leg.br/norma/586152/publicacao/15646891,Matriz de apoio; confrontar com Dados_Tributário da Empresa 2 quando aplicável.
empresa_1,empresa_1_icms_0690,SE,PB,interestadual,icms_interstate,0.12,decimal_rate,interestadual 12%,,1989-05-19,,external_official,https://legis.senado.leg.br/norma/586152/publicacao/15646891,Matriz de apoio; confrontar com Dados_Tributário da Empresa 2 quando aplicável.
empresa_1,empresa_1_icms_0691,SE,PR,interestadual,icms_interstate,0.12,decimal_rate,interestadual 12%,,1989-05-19,,external_official,https://legis.senado.leg.br/norma/586152/publicacao/15646891,Matriz de apoio; confrontar com Dados_Tributário da Empresa 2 quando aplicável.
empresa_1,empresa_1_icms_0692,SE,PE,interestadual,icms_interstate,0.12,decimal_rate,interestadual 12%,,1989-05-19,,external_official,https://legis.senado.leg.br/norma/586152/publicacao/15646891,Matriz de apoio; confrontar com Dados_Tributário da Empresa 2 quando aplicável.
empresa_1,empresa_1_icms_0693,SE,PI,interestadual,icms_interstate,0.12,decimal_rate,interestadual 12%,,1989-05-19,,external_official,https://legis.senado.leg.br/norma/586152/publicacao/15646891,Matriz de apoio; confrontar com Dados_Tributário da Empresa 2 quando aplicável.
empresa_1,empresa_1_icms_0694,SE,RJ,interestadual,icms_interstate,0.12,decimal_rate,interestadual 12%,,1989-05-19,,external_official,https://legis.senado.leg.br/norma/586152/publicacao/15646891,Matriz de apoio; confrontar com Dados_Tributário da Empresa 2 quando aplicável.
empresa_1,empresa_1_icms_0695,SE,RN,interestadual,icms_interstate,0.12,decimal_rate,interestadual 12%,,1989-05-19,,external_official,https://legis.senado.leg.br/norma/586152/publicacao/15646891,Matriz de apoio; confrontar com Dados_Tributário da Empresa 2 quando aplicável.
empresa_1,empresa_1_icms_0696,SE,RS,interestadual,icms_interstate,0.12,decimal_rate,interestadual 12%,,1989-05-19,,external_official,https://legis.senado.leg.br/norma/586152/publicacao/15646891,Matriz de apoio; confrontar com Dados_Tributário da Empresa 2 quando aplicável.
empresa_1,empresa_1_icms_0697,SE,RO,interestadual,icms_interstate,0.12,decimal_rate,interestadual 12%,,1989-05-19,,external_official,https://legis.senado.leg.br/norma/586152/publicacao/15646891,Matriz de apoio; confrontar com Dados_Tributário da Empresa 2 quando aplicável.
empresa_1,empresa_1_icms_0698,SE,RR,interestadual,icms_interstate,0.12,decimal_rate,interestadual 12%,,1989-05-19,,external_official,https://legis.senado.leg.br/norma/586152/publicacao/15646891,Matriz de apoio; confrontar com Dados_Tributário da Empresa 2 quando aplicável.
empresa_1,empresa_1_icms_0699,SE,SC,interestadual,icms_interstate,0.12,decimal_rate,interestadual 12%,,1989-05-19,,external_official,https://legis.senado.leg.br/norma/586152/publicacao/15646891,Matriz de apoio; confrontar com Dados_Tributário da Empresa 2 quando aplicável.
empresa_1,empresa_1_icms_0700,SE,SP,interestadual,icms_interstate,0.12,decimal_rate,interestadual 12%,,1989-05-19,,external_official,https://legis.senado.leg.br/norma/586152/publicacao/15646891,Matriz de apoio; confrontar com Dados_Tributário da Empresa 2 quando aplicável.
empresa_1,empresa_1_icms_0701,SE,SE,interna,icms_interstate,,decimal_rate,operação interna,,1989-05-19,,external_official,https://legis.senado.leg.br/norma/586152/publicacao/15646891,Matriz de apoio; confrontar com Dados_Tributário da Empresa 2 quando aplicável.
empresa_1,empresa_1_icms_0702,SE,TO,interestadual,icms_interstate,0.12,decimal_rate,interestadual 12%,,1989-05-19,,external_official,https://legis.senado.leg.br/norma/586152/publicacao/15646891,Matriz de apoio; confrontar com Dados_Tributário da Empresa 2 quando aplicável.
empresa_1,empresa_1_icms_0703,TO,AC,interestadual,icms_interstate,0.12,decimal_rate,interestadual 12%,,1989-05-19,,external_official,https://legis.senado.leg.br/norma/586152/publicacao/15646891,Matriz de apoio; confrontar com Dados_Tributário da Empresa 2 quando aplicável.
empresa_1,empresa_1_icms_0704,TO,AL,interestadual,icms_interstate,0.12,decimal_rate,interestadual 12%,,1989-05-19,,external_official,https://legis.senado.leg.br/norma/586152/publicacao/15646891,Matriz de apoio; confrontar com Dados_Tributário da Empresa 2 quando aplicável.
empresa_1,empresa_1_icms_0705,TO,AP,interestadual,icms_interstate,0.12,decimal_rate,interestadual 12%,,1989-05-19,,external_official,https://legis.senado.leg.br/norma/586152/publicacao/15646891,Matriz de apoio; confrontar com Dados_Tributário da Empresa 2 quando aplicável.
empresa_1,empresa_1_icms_0706,TO,AM,interestadual,icms_interstate,0.12,decimal_rate,interestadual 12%,,1989-05-19,,external_official,https://legis.senado.leg.br/norma/586152/publicacao/15646891,Matriz de apoio; confrontar com Dados_Tributário da Empresa 2 quando aplicável.
empresa_1,empresa_1_icms_0707,TO,BA,interestadual,icms_interstate,0.12,decimal_rate,interestadual 12%,,1989-05-19,,external_official,https://legis.senado.leg.br/norma/586152/publicacao/15646891,Matriz de apoio; confrontar com Dados_Tributário da Empresa 2 quando aplicável.
empresa_1,empresa_1_icms_0708,TO,CE,interestadual,icms_interstate,0.12,decimal_rate,interestadual 12%,,1989-05-19,,external_official,https://legis.senado.leg.br/norma/586152/publicacao/15646891,Matriz de apoio; confrontar com Dados_Tributário da Empresa 2 quando aplicável.
empresa_1,empresa_1_icms_0709,TO,DF,interestadual,icms_interstate,0.12,decimal_rate,interestadual 12%,,1989-05-19,,external_official,https://legis.senado.leg.br/norma/586152/publicacao/15646891,Matriz de apoio; confrontar com Dados_Tributário da Empresa 2 quando aplicável.
empresa_1,empresa_1_icms_0710,TO,ES,interestadual,icms_interstate,0.12,decimal_rate,interestadual 12%,,1989-05-19,,external_official,https://legis.senado.leg.br/norma/586152/publicacao/15646891,Matriz de apoio; confrontar com Dados_Tributário da Empresa 2 quando aplicável.
empresa_1,empresa_1_icms_0711,TO,GO,interestadual,icms_interstate,0.12,decimal_rate,interestadual 12%,,1989-05-19,,external_official,https://legis.senado.leg.br/norma/586152/publicacao/15646891,Matriz de apoio; confrontar com Dados_Tributário da Empresa 2 quando aplicável.
empresa_1,empresa_1_icms_0712,TO,MA,interestadual,icms_interstate,0.12,decimal_rate,interestadual 12%,,1989-05-19,,external_official,https://legis.senado.leg.br/norma/586152/publicacao/15646891,Matriz de apoio; confrontar com Dados_Tributário da Empresa 2 quando aplicável.
empresa_1,empresa_1_icms_0713,TO,MT,interestadual,icms_interstate,0.12,decimal_rate,interestadual 12%,,1989-05-19,,external_official,https://legis.senado.leg.br/norma/586152/publicacao/15646891,Matriz de apoio; confrontar com Dados_Tributário da Empresa 2 quando aplicável.
empresa_1,empresa_1_icms_0714,TO,MS,interestadual,icms_interstate,0.12,decimal_rate,interestadual 12%,,1989-05-19,,external_official,https://legis.senado.leg.br/norma/586152/publicacao/15646891,Matriz de apoio; confrontar com Dados_Tributário da Empresa 2 quando aplicável.
empresa_1,empresa_1_icms_0715,TO,MG,interestadual,icms_interstate,0.12,decimal_rate,interestadual 12%,,1989-05-19,,external_official,https://legis.senado.leg.br/norma/586152/publicacao/15646891,Matriz de apoio; confrontar com Dados_Tributário da Empresa 2 quando aplicável.
empresa_1,empresa_1_icms_0716,TO,PA,interestadual,icms_interstate,0.12,decimal_rate,interestadual 12%,,1989-05-19,,external_official,https://legis.senado.leg.br/norma/586152/publicacao/15646891,Matriz de apoio; confrontar com Dados_Tributário da Empresa 2 quando aplicável.
empresa_1,empresa_1_icms_0717,TO,PB,interestadual,icms_interstate,0.12,decimal_rate,interestadual 12%,,1989-05-19,,external_official,https://legis.senado.leg.br/norma/586152/publicacao/15646891,Matriz de apoio; confrontar com Dados_Tributário da Empresa 2 quando aplicável.
empresa_1,empresa_1_icms_0718,TO,PR,interestadual,icms_interstate,0.12,decimal_rate,interestadual 12%,,1989-05-19,,external_official,https://legis.senado.leg.br/norma/586152/publicacao/15646891,Matriz de apoio; confrontar com Dados_Tributário da Empresa 2 quando aplicável.
empresa_1,empresa_1_icms_0719,TO,PE,interestadual,icms_interstate,0.12,decimal_rate,interestadual 12%,,1989-05-19,,external_official,https://legis.senado.leg.br/norma/586152/publicacao/15646891,Matriz de apoio; confrontar com Dados_Tributário da Empresa 2 quando aplicável.
empresa_1,empresa_1_icms_0720,TO,PI,interestadual,icms_interstate,0.12,decimal_rate,interestadual 12%,,1989-05-19,,external_official,https://legis.senado.leg.br/norma/586152/publicacao/15646891,Matriz de apoio; confrontar com Dados_Tributário da Empresa 2 quando aplicável.
empresa_1,empresa_1_icms_0721,TO,RJ,interestadual,icms_interstate,0.12,decimal_rate,interestadual 12%,,1989-05-19,,external_official,https://legis.senado.leg.br/norma/586152/publicacao/15646891,Matriz de apoio; confrontar com Dados_Tributário da Empresa 2 quando aplicável.
empresa_1,empresa_1_icms_0722,TO,RN,interestadual,icms_interstate,0.12,decimal_rate,interestadual 12%,,1989-05-19,,external_official,https://legis.senado.leg.br/norma/586152/publicacao/15646891,Matriz de apoio; confrontar com Dados_Tributário da Empresa 2 quando aplicável.
empresa_1,empresa_1_icms_0723,TO,RS,interestadual,icms_interstate,0.12,decimal_rate,interestadual 12%,,1989-05-19,,external_official,https://legis.senado.leg.br/norma/586152/publicacao/15646891,Matriz de apoio; confrontar com Dados_Tributário da Empresa 2 quando aplicável.
empresa_1,empresa_1_icms_0724,TO,RO,interestadual,icms_interstate,0.12,decimal_rate,interestadual 12%,,1989-05-19,,external_official,https://legis.senado.leg.br/norma/586152/publicacao/15646891,Matriz de apoio; confrontar com Dados_Tributário da Empresa 2 quando aplicável.
empresa_1,empresa_1_icms_0725,TO,RR,interestadual,icms_interstate,0.12,decimal_rate,interestadual 12%,,1989-05-19,,external_official,https://legis.senado.leg.br/norma/586152/publicacao/15646891,Matriz de apoio; confrontar com Dados_Tributário da Empresa 2 quando aplicável.
empresa_1,empresa_1_icms_0726,TO,SC,interestadual,icms_interstate,0.12,decimal_rate,interestadual 12%,,1989-05-19,,external_official,https://legis.senado.leg.br/norma/586152/publicacao/15646891,Matriz de apoio; confrontar com Dados_Tributário da Empresa 2 quando aplicável.
empresa_1,empresa_1_icms_0727,TO,SP,interestadual,icms_interstate,0.12,decimal_rate,interestadual 12%,,1989-05-19,,external_official,https://legis.senado.leg.br/norma/586152/publicacao/15646891,Matriz de apoio; confrontar com Dados_Tributário da Empresa 2 quando aplicável.
empresa_1,empresa_1_icms_0728,TO,SE,interestadual,icms_interstate,0.12,decimal_rate,interestadual 12%,,1989-05-19,,external_official,https://legis.senado.leg.br/norma/586152/publicacao/15646891,Matriz de apoio; confrontar com Dados_Tributário da Empresa 2 quando aplicável.
empresa_1,empresa_1_icms_0729,TO,TO,interna,icms_interstate,,decimal_rate,operação interna,,1989-05-19,,external_official,https://legis.senado.leg.br/norma/586152/publicacao/15646891,Matriz de apoio; confrontar com Dados_Tributário da Empresa 2 quando aplicável.
