uf_origem,regiao_origem,uf_destino,regiao_destino,tipo_operacao,aliquota_icms_interestadual_base,regra_resolucao_22_1989,aliquota_importado_resolucao_13_2012,aplica_importado_se_bem_importado,fonte_regra_base,fonte_regra_importado,observacao_modelagem
AC,Norte,AC,Norte,interna,,operação interna,,"Sim, se o produto/mercadoria se enquadrar na Resolução 13/2012; caso contrário, não aplicar.",https://legis.senado.leg.br/norma/586152/publicacao/15646891,https://legis.senado.leg.br/norma/586999,Usar alíquota interna da UF/dado da empresa; não aplicar regra interestadual.
AC,Norte,AL,Nordeste,interestadual,0.12,interestadual 12%,0.04,"Sim, se o produto/mercadoria se enquadrar na Resolução 13/2012; caso contrário, não aplicar.",https://legis.senado.leg.br/norma/586152/publicacao/15646891,https://legis.senado.leg.br/norma/586999,Regra geral interestadual.
AC,Norte,AP,Norte,interestadual,0.12,interestadual 12%,0.04,"Sim, se o produto/mercadoria se enquadrar na Resolução 13/2012; caso contrário, não aplicar.",https://legis.senado.leg.br/norma/586152/publicacao/15646891,https://legis.senado.leg.br/norma/586999,Regra geral interestadual.
AC,Norte,AM,Norte,interestadual,0.12,interestadual 12%,0.04,"Sim, se o produto/mercadoria se enquadrar na Resolução 13/2012; caso contrário, não aplicar.",https://legis.senado.leg.br/norma/586152/publicacao/15646891,https://legis.senado.leg.br/norma/586999,Regra geral interestadual.
AC,Norte,BA,Nordeste,interestadual,0.12,interestadual 12%,0.04,"Sim, se o produto/mercadoria se enquadrar na Resolução 13/2012; caso contrário, não aplicar.",https://legis.senado.leg.br/norma/586152/publicacao/15646891,https://legis.senado.leg.br/norma/586999,Regra geral interestadual.
AC,Norte,CE,Nordeste,interestadual,0.12,interestadual 12%,0.04,"Sim, se o produto/mercadoria se enquadrar na Resolução 13/2012; caso contrário, não aplicar.",https://legis.senado.leg.br/norma/586152/publicacao/15646891,https://legis.senado.leg.br/norma/586999,Regra geral interestadual.
AC,Norte,DF,Centro-Oeste,interestadual,0.12,interestadual 12%,0.04,"Sim, se o produto/mercadoria se enquadrar na Resolução 13/2012; caso contrário, não aplicar.",https://legis.senado.leg.br/norma/586152/publicacao/15646891,https://legis.senado.leg.br/norma/586999,Regra geral interestadual.
AC,Norte,ES,Sudeste,interestadual,0.12,interestadual 12%,0.04,"Sim, se o produto/mercadoria se enquadrar na Resolução 13/2012; caso contrário, não aplicar.",https://legis.senado.leg.br/norma/586152/publicacao/15646891,https://legis.senado.leg.br/norma/586999,Regra geral interestadual.
AC,Norte,GO,Centro-Oeste,interestadual,0.12,interestadual 12%,0.04,"Sim, se o produto/mercadoria se enquadrar na Resolução 13/2012; caso contrário, não aplicar.",https://legis.senado.leg.br/norma/586152/publicacao/15646891,https://legis.senado.leg.br/norma/586999,Regra geral interestadual.
AC,Norte,MA,Nordeste,interestadual,0.12,interestadual 12%,0.04,"Sim, se o produto/mercadoria se enquadrar na Resolução 13/2012; caso contrário, não aplicar.",https://legis.senado.leg.br/norma/586152/publicacao/15646891,https://legis.senado.leg.br/norma/586999,Regra geral interestadual.
AC,Norte,MT,Centro-Oeste,interestadual,0.12,interestadual 12%,0.04,"Sim, se o produto/mercadoria se enquadrar na Resolução 13/2012; caso contrário, não aplicar.",https://legis.senado.leg.br/norma/586152/publicacao/15646891,https://legis.senado.leg.br/norma/586999,Regra geral interestadual.
AC,Norte,MS,Centro-Oeste,interestadual,0.12,interestadual 12%,0.04,"Sim, se o produto/mercadoria se enquadrar na Resolução 13/2012; caso contrário, não aplicar.",https://legis.senado.leg.br/norma/586152/publicacao/15646891,https://legis.senado.leg.br/norma/586999,Regra geral interestadual.
AC,Norte,MG,Sudeste,interestadual,0.12,interestadual 12%,0.04,"Sim, se o produto/mercadoria se enquadrar na Resolução 13/2012; caso contrário, não aplicar.",https://legis.senado.leg.br/norma/586152/publicacao/15646891,https://legis.senado.leg.br/norma/586999,Regra geral interestadual.
AC,Norte,PA,Norte,interestadual,0.12,interestadual 12%,0.04,"Sim, se o produto/mercadoria se enquadrar na Resolução 13/2012; caso contrário, não aplicar.",https://legis.senado.leg.br/norma/586152/publicacao/15646891,https://legis.senado.leg.br/norma/586999,Regra geral interestadual.
AC,Norte,PB,Nordeste,interestadual,0.12,interestadual 12%,0.04,"Sim, se o produto/mercadoria se enquadrar na Resolução 13/2012; caso contrário, não aplicar.",https://legis.senado.leg.br/norma/586152/publicacao/15646891,https://legis.senado.leg.br/norma/586999,Regra geral interestadual.
AC,Norte,PR,Sul,interestadual,0.12,interestadual 12%,0.04,"Sim, se o produto/mercadoria se enquadrar na Resolução 13/2012; caso contrário, não aplicar.",https://legis.senado.leg.br/norma/586152/publicacao/15646891,https://legis.senado.leg.br/norma/586999,Regra geral interestadual.
AC,Norte,PE,Nordeste,interestadual,0.12,interestadual 12%,0.04,"Sim, se o produto/mercadoria se enquadrar na Resolução 13/2012; caso contrário, não aplicar.",https://legis.senado.leg.br/norma/586152/publicacao/15646891,https://legis.senado.leg.br/norma/586999,Regra geral interestadual.
AC,Norte,PI,Nordeste,interestadual,0.12,interestadual 12%,0.04,"Sim, se o produto/mercadoria se enquadrar na Resolução 13/2012; caso contrário, não aplicar.",https://legis.senado.leg.br/norma/586152/publicacao/15646891,https://legis.senado.leg.br/norma/586999,Regra geral interestadual.
AC,Norte,RJ,Sudeste,interestadual,0.12,interestadual 12%,0.04,"Sim, se o produto/mercadoria se enquadrar na Resolução 13/2012; caso contrário, não aplicar.",https://legis.senado.leg.br/norma/586152/publicacao/15646891,https://legis.senado.leg.br/norma/586999,Regra geral interestadual.
AC,Norte,RN,Nordeste,interestadual,0.12,interestadual 12%,0.04,"Sim, se o produto/mercadoria se enquadrar na Resolução 13/2012; caso contrário, não aplicar.",https://legis.senado.leg.br/norma/586152/publicacao/15646891,https://legis.senado.leg.br/norma/586999,Regra geral interestadual.
AC,Norte,RS,Sul,interestadual,0.12,interestadual 12%,0.04,"Sim, se o produto/mercadoria se enquadrar na Resolução 13/2012; caso contrário, não aplicar.",https://legis.senado.leg.br/norma/586152/publicacao/15646891,https://legis.senado.leg.br/norma/586999,Regra geral interestadual.
AC,Norte,RO,Norte,interestadual,0.12,interestadual 12%,0.04,"Sim, se o produto/mercadoria se enquadrar na Resolução 13/2012; caso contrário, não aplicar.",https://legis.senado.leg.br/norma/586152/publicacao/15646891,https://legis.senado.leg.br/norma/586999,Regra geral interestadual.
AC,Norte,RR,Norte,interestadual,0.12,interestadual 12%,0.04,"Sim, se o produto/mercadoria se enquadrar na Resolução 13/2012; caso contrário, não aplicar.",https://legis.senado.leg.br/norma/586152/publicacao/15646891,https://legis.senado.leg.br/norma/586999,Regra geral interestadual.
AC,Norte,SC,Sul,interestadual,0.12,interestadual 12%,0.04,"Sim, se o produto/mercadoria se enquadrar na Resolução 13/2012; caso contrário, não aplicar.",https://legis.senado.leg.br/norma/586152/publicacao/15646891,https://legis.senado.leg.br/norma/586999,Regra geral interestadual.
AC,Norte,SP,Sudeste,interestadual,0.12,interestadual 12%,0.04,"Sim, se o produto/mercadoria se enquadrar na Resolução 13/2012; caso contrário, não aplicar.",https://legis.senado.leg.br/norma/586152/publicacao/15646891,https://legis.senado.leg.br/norma/586999,Regra geral interestadual.
AC,Norte,SE,Nordeste,interestadual,0.12,interestadual 12%,0.04,"Sim, se o produto/mercadoria se enquadrar na Resolução 13/2012; caso contrário, não aplicar.",https://legis.senado.leg.br/norma/586152/publicacao/15646891,https://legis.senado.leg.br/norma/586999,Regra geral interestadual.
AC,Norte,TO,Norte,interestadual,0.12,interestadual 12%,0.04,"Sim, se o produto/mercadoria se enquadrar na Resolução 13/2012; caso contrário, não aplicar.",https://legis.senado.leg.br/norma/586152/publicacao/15646891,https://legis.senado.leg.br/norma/586999,Regra geral interestadual.
AL,Nordeste,AC,Norte,interestadual,0.12,interestadual 12%,0.04,"Sim, se o produto/mercadoria se enquadrar na Resolução 13/2012; caso contrário, não aplicar.",https://legis.senado.leg.br/norma/586152/publicacao/15646891,https://legis.senado.leg.br/norma/586999,Regra geral interestadual.
AL,Nordeste,AL,Nordeste,interna,,operação interna,,"Sim, se o produto/mercadoria se enquadrar na Resolução 13/2012; caso contrário, não aplicar.",https://legis.senado.leg.br/norma/586152/publicacao/15646891,https://legis.senado.leg.br/norma/586999,Usar alíquota interna da UF/dado da empresa; não aplicar regra interestadual.
AL,Nordeste,AP,Norte,interestadual,0.12,interestadual 12%,0.04,"Sim, se o produto/mercadoria se enquadrar na Resolução 13/2012; caso contrário, não aplicar.",https://legis.senado.leg.br/norma/586152/publicacao/15646891,https://legis.senado.leg.br/norma/586999,Regra geral interestadual.
AL,Nordeste,AM,Norte,interestadual,0.12,interestadual 12%,0.04,"Sim, se o produto/mercadoria se enquadrar na Resolução 13/2012; caso contrário, não aplicar.",https://legis.senado.leg.br/norma/586152/publicacao/15646891,https://legis.senado.leg.br/norma/586999,Regra geral interestadual.
AL,Nordeste,BA,Nordeste,interestadual,0.12,interestadual 12%,0.04,"Sim, se o produto/mercadoria se enquadrar na Resolução 13/2012; caso contrário, não aplicar.",https://legis.senado.leg.br/norma/586152/publicacao/15646891,https://legis.senado.leg.br/norma/586999,Regra geral interestadual.
AL,Nordeste,CE,Nordeste,interestadual,0.12,interestadual 12%,0.04,"Sim, se o produto/mercadoria se enquadrar na Resolução 13/2012; caso contrário, não aplicar.",https://legis.senado.leg.br/norma/586152/publicacao/15646891,https://legis.senado.leg.br/norma/586999,Regra geral interestadual.
AL,Nordeste,DF,Centro-Oeste,interestadual,0.12,interestadual 12%,0.04,"Sim, se o produto/mercadoria se enquadrar na Resolução 13/2012; caso contrário, não aplicar.",https://legis.senado.leg.br/norma/586152/publicacao/15646891,https://legis.senado.leg.br/norma/586999,Regra geral interestadual.
AL,Nordeste,ES,Sudeste,interestadual,0.12,interestadual 12%,0.04,"Sim, se o produto/mercadoria se enquadrar na Resolução 13/2012; caso contrário, não aplicar.",https://legis.senado.leg.br/norma/586152/publicacao/15646891,https://legis.senado.leg.br/norma/586999,Regra geral interestadual.
AL,Nordeste,GO,Centro-Oeste,interestadual,0.12,interestadual 12%,0.04,"Sim, se o produto/mercadoria se enquadrar na Resolução 13/2012; caso contrário, não aplicar.",https://legis.senado.leg.br/norma/586152/publicacao/15646891,https://legis.senado.leg.br/norma/586999,Regra geral interestadual.
AL,Nordeste,MA,Nordeste,interestadual,0.12,interestadual 12%,0.04,"Sim, se o produto/mercadoria se enquadrar na Resolução 13/2012; caso contrário, não aplicar.",https://legis.senado.leg.br/norma/586152/publicacao/15646891,https://legis.senado.leg.br/norma/586999,Regra geral interestadual.
AL,Nordeste,MT,Centro-Oeste,interestadual,0.12,interestadual 12%,0.04,"Sim, se o produto/mercadoria se enquadrar na Resolução 13/2012; caso contrário, não aplicar.",https://legis.senado.leg.br/norma/586152/publicacao/15646891,https://legis.senado.leg.br/norma/586999,Regra geral interestadual.
AL,Nordeste,MS,Centro-Oeste,interestadual,0.12,interestadual 12%,0.04,"Sim, se o produto/mercadoria se enquadrar na Resolução 13/2012; caso contrário, não aplicar.",https://legis.senado.leg.br/norma/586152/publicacao/15646891,https://legis.senado.leg.br/norma/586999,Regra geral interestadual.
AL,Nordeste,MG,Sudeste,interestadual,0.12,interestadual 12%,0.04,"Sim, se o produto/mercadoria se enquadrar na Resolução 13/2012; caso contrário, não aplicar.",https://legis.senado.leg.br/norma/586152/publicacao/15646891,https://legis.senado.leg.br/norma/586999,Regra geral interestadual.
AL,Nordeste,PA,Norte,interestadual,0.12,interestadual 12%,0.04,"Sim, se o produto/mercadoria se enquadrar na Resolução 13/2012; caso contrário, não aplicar.",https://legis.senado.leg.br/norma/586152/publicacao/15646891,https://legis.senado.leg.br/norma/586999,Regra geral interestadual.
AL,Nordeste,PB,Nordeste,interestadual,0.12,interestadual 12%,0.04,"Sim, se o produto/mercadoria se enquadrar na Resolução 13/2012; caso contrário, não aplicar.",https://legis.senado.leg.br/norma/586152/publicacao/15646891,https://legis.senado.leg.br/norma/586999,Regra geral interestadual.
AL,Nordeste,PR,Sul,interestadual,0.12,interestadual 12%,0.04,"Sim, se o produto/mercadoria se enquadrar na Resolução 13/2012; caso contrário, não aplicar.",https://legis.senado.leg.br/norma/586152/publicacao/15646891,https://legis.senado.leg.br/norma/586999,Regra geral interestadual.
AL,Nordeste,PE,Nordeste,interestadual,0.12,interestadual 12%,0.04,"Sim, se o produto/mercadoria se enquadrar na Resolução 13/2012; caso contrário, não aplicar.",https://legis.senado.leg.br/norma/586152/publicacao/15646891,https://legis.senado.leg.br/norma/586999,Regra geral interestadual.
AL,Nordeste,PI,Nordeste,interestadual,0.12,interestadual 12%,0.04,"Sim, se o produto/mercadoria se enquadrar na Resolução 13/2012; caso contrário, não aplicar.",https://legis.senado.leg.br/norma/586152/publicacao/15646891,https://legis.senado.leg.br/norma/586999,Regra geral interestadual.
AL,Nordeste,RJ,Sudeste,interestadual,0.12,interestadual 12%,0.04,"Sim, se o produto/mercadoria se enquadrar na Resolução 13/2012; caso contrário, não aplicar.",https://legis.senado.leg.br/norma/586152/publicacao/15646891,https://legis.senado.leg.br/norma/586999,Regra geral interestadual.
AL,Nordeste,RN,Nordeste,interestadual,0.12,interestadual 12%,0.04,"Sim, se o produto/mercadoria se enquadrar na Resolução 13/2012; caso contrário, não aplicar.",https://legis.senado.leg.br/norma/586152/publicacao/15646891,https://legis.senado.leg.br/norma/586999,Regra geral interestadual.
AL,Nordeste,RS,Sul,interestadual,0.12,interestadual 12%,0.04,"Sim, se o produto/mercadoria se enquadrar na Resolução 13/2012; caso contrário, não aplicar.",https://legis.senado.leg.br/norma/586152/publicacao/15646891,https://legis.senado.leg.br/norma/586999,Regra geral interestadual.
AL,Nordeste,RO,Norte,interestadual,0.12,interestadual 12%,0.04,"Sim, se o produto/mercadoria se enquadrar na Resolução 13/2012; caso contrário, não aplicar.",https://legis.senado.leg.br/norma/586152/publicacao/15646891,https://legis.senado.leg.br/norma/586999,Regra geral interestadual.
AL,Nordeste,RR,Norte,interestadual,0.12,interestadual 12%,0.04,"Sim, se o produto/mercadoria se enquadrar na Resolução 13/2012; caso contrário, não aplicar.",https://legis.senado.leg.br/norma/586152/publicacao/15646891,https://legis.senado.leg.br/norma/586999,Regra geral interestadual.
AL,Nordeste,SC,Sul,interestadual,0.12,interestadual 12%,0.04,"Sim, se o produto/mercadoria se enquadrar na Resolução 13/2012; caso contrário, não aplicar.",https://legis.senado.leg.br/norma/586152/publicacao/15646891,https://legis.senado.leg.br/norma/586999,Regra geral interestadual.
AL,Nordeste,SP,Sudeste,interestadual,0.12,interestadual 12%,0.04,"Sim, se o produto/mercadoria se enquadrar na Resolução 13/2012; caso contrário, não aplicar.",https://legis.senado.leg.br/norma/586152/publicacao/15646891,https://legis.senado.leg.br/norma/586999,Regra geral interestadual.
AL,Nordeste,SE,Nordeste,interestadual,0.12,interestadual 12%,0.04,"Sim, se o produto/mercadoria se enquadrar na Resolução 13/2012; caso contrário, não aplicar.",https://legis.senado.leg.br/norma/586152/publicacao/15646891,https://legis.senado.leg.br/norma/586999,Regra geral interestadual.
AL,Nordeste,TO,Norte,interestadual,0.12,interestadual 12%,0.04,"Sim, se o produto/mercadoria se enquadrar na Resolução 13/2012; caso contrário, não aplicar.",https://legis.senado.leg.br/norma/586152/publicacao/15646891,https://legis.senado.leg.br/norma/586999,Regra geral interestadual.
AP,Norte,AC,Norte,interestadual,0.12,interestadual 12%,0.04,"Sim, se o produto/mercadoria se enquadrar na Resolução 13/2012; caso contrário, não aplicar.",https://legis.senado.leg.br/norma/586152/publicacao/15646891,https://legis.senado.leg.br/norma/586999,Regra geral interestadual.
AP,Norte,AL,Nordeste,interestadual,0.12,interestadual 12%,0.04,"Sim, se o produto/mercadoria se enquadrar na Resolução 13/2012; caso contrário, não aplicar.",https://legis.senado.leg.br/norma/586152/publicacao/15646891,https://legis.senado.leg.br/norma/586999,Regra geral interestadual.
AP,Norte,AP,Norte,interna,,operação interna,,"Sim, se o produto/mercadoria se enquadrar na Resolução 13/2012; caso contrário, não aplicar.",https://legis.senado.leg.br/norma/586152/publicacao/15646891,https://legis.senado.leg.br/norma/586999,Usar alíquota interna da UF/dado da empresa; não aplicar regra interestadual.
AP,Norte,AM,Norte,interestadual,0.12,interestadual 12%,0.04,"Sim, se o produto/mercadoria se enquadrar na Resolução 13/2012; caso contrário, não aplicar.",https://legis.senado.leg.br/norma/586152/publicacao/15646891,https://legis.senado.leg.br/norma/586999,Regra geral interestadual.
AP,Norte,BA,Nordeste,interestadual,0.12,interestadual 12%,0.04,"Sim, se o produto/mercadoria se enquadrar na Resolução 13/2012; caso contrário, não aplicar.",https://legis.senado.leg.br/norma/586152/publicacao/15646891,https://legis.senado.leg.br/norma/586999,Regra geral interestadual.
AP,Norte,CE,Nordeste,interestadual,0.12,interestadual 12%,0.04,"Sim, se o produto/mercadoria se enquadrar na Resolução 13/2012; caso contrário, não aplicar.",https://legis.senado.leg.br/norma/586152/publicacao/15646891,https://legis.senado.leg.br/norma/586999,Regra geral interestadual.
AP,Norte,DF,Centro-Oeste,interestadual,0.12,interestadual 12%,0.04,"Sim, se o produto/mercadoria se enquadrar na Resolução 13/2012; caso contrário, não aplicar.",https://legis.senado.leg.br/norma/586152/publicacao/15646891,https://legis.senado.leg.br/norma/586999,Regra geral interestadual.
AP,Norte,ES,Sudeste,interestadual,0.12,interestadual 12%,0.04,"Sim, se o produto/mercadoria se enquadrar na Resolução 13/2012; caso contrário, não aplicar.",https://legis.senado.leg.br/norma/586152/publicacao/15646891,https://legis.senado.leg.br/norma/586999,Regra geral interestadual.
AP,Norte,GO,Centro-Oeste,interestadual,0.12,interestadual 12%,0.04,"Sim, se o produto/mercadoria se enquadrar na Resolução 13/2012; caso contrário, não aplicar.",https://legis.senado.leg.br/norma/586152/publicacao/15646891,https://legis.senado.leg.br/norma/586999,Regra geral interestadual.
AP,Norte,MA,Nordeste,interestadual,0.12,interestadual 12%,0.04,"Sim, se o produto/mercadoria se enquadrar na Resolução 13/2012; caso contrário, não aplicar.",https://legis.senado.leg.br/norma/586152/publicacao/15646891,https://legis.senado.leg.br/norma/586999,Regra geral interestadual.
AP,Norte,MT,Centro-Oeste,interestadual,0.12,interestadual 12%,0.04,"Sim, se o produto/mercadoria se enquadrar na Resolução 13/2012; caso contrário, não aplicar.",https://legis.senado.leg.br/norma/586152/publicacao/15646891,https://legis.senado.leg.br/norma/586999,Regra geral interestadual.
AP,Norte,MS,Centro-Oeste,interestadual,0.12,interestadual 12%,0.04,"Sim, se o produto/mercadoria se enquadrar na Resolução 13/2012; caso contrário, não aplicar.",https://legis.senado.leg.br/norma/586152/publicacao/15646891,https://legis.senado.leg.br/norma/586999,Regra geral interestadual.
AP,Norte,MG,Sudeste,interestadual,0.12,interestadual 12%,0.04,"Sim, se o produto/mercadoria se enquadrar na Resolução 13/2012; caso contrário, não aplicar.",https://legis.senado.leg.br/norma/586152/publicacao/15646891,https://legis.senado.leg.br/norma/586999,Regra geral interestadual.
AP,Norte,PA,Norte,interestadual,0.12,interestadual 12%,0.04,"Sim, se o produto/mercadoria se enquadrar na Resolução 13/2012; caso contrário, não aplicar.",https://legis.senado.leg.br/norma/586152/publicacao/15646891,https://legis.senado.leg.br/norma/586999,Regra geral interestadual.
AP,Norte,PB,Nordeste,interestadual,0.12,interestadual 12%,0.04,"Sim, se o produto/mercadoria se enquadrar na Resolução 13/2012; caso contrário, não aplicar.",https://legis.senado.leg.br/norma/586152/publicacao/15646891,https://legis.senado.leg.br/norma/586999,Regra geral interestadual.
AP,Norte,PR,Sul,interestadual,0.12,interestadual 12%,0.04,"Sim, se o produto/mercadoria se enquadrar na Resolução 13/2012; caso contrário, não aplicar.",https://legis.senado.leg.br/norma/586152/publicacao/15646891,https://legis.senado.leg.br/norma/586999,Regra geral interestadual.
AP,Norte,PE,Nordeste,interestadual,0.12,interestadual 12%,0.04,"Sim, se o produto/mercadoria se enquadrar na Resolução 13/2012; caso contrário, não aplicar.",https://legis.senado.leg.br/norma/586152/publicacao/15646891,https://legis.senado.leg.br/norma/586999,Regra geral interestadual.
AP,Norte,PI,Nordeste,interestadual,0.12,interestadual 12%,0.04,"Sim, se o produto/mercadoria se enquadrar na Resolução 13/2012; caso contrário, não aplicar.",https://legis.senado.leg.br/norma/586152/publicacao/15646891,https://legis.senado.leg.br/norma/586999,Regra geral interestadual.
AP,Norte,RJ,Sudeste,interestadual,0.12,interestadual 12%,0.04,"Sim, se o produto/mercadoria se enquadrar na Resolução 13/2012; caso contrário, não aplicar.",https://legis.senado.leg.br/norma/586152/publicacao/15646891,https://legis.senado.leg.br/norma/586999,Regra geral interestadual.
AP,Norte,RN,Nordeste,interestadual,0.12,interestadual 12%,0.04,"Sim, se o produto/mercadoria se enquadrar na Resolução 13/2012; caso contrário, não aplicar.",https://legis.senado.leg.br/norma/586152/publicacao/15646891,https://legis.senado.leg.br/norma/586999,Regra geral interestadual.
AP,Norte,RS,Sul,interestadual,0.12,interestadual 12%,0.04,"Sim, se o produto/mercadoria se enquadrar na Resolução 13/2012; caso contrário, não aplicar.",https://legis.senado.leg.br/norma/586152/publicacao/15646891,https://legis.senado.leg.br/norma/586999,Regra geral interestadual.
AP,Norte,RO,Norte,interestadual,0.12,interestadual 12%,0.04,"Sim, se o produto/mercadoria se enquadrar na Resolução 13/2012; caso contrário, não aplicar.",https://legis.senado.leg.br/norma/586152/publicacao/15646891,https://legis.senado.leg.br/norma/586999,Regra geral interestadual.
AP,Norte,RR,Norte,interestadual,0.12,interestadual 12%,0.04,"Sim, se o produto/mercadoria se enquadrar na Resolução 13/2012; caso contrário, não aplicar.",https://legis.senado.leg.br/norma/586152/publicacao/15646891,https://legis.senado.leg.br/norma/586999,Regra geral interestadual.
AP,Norte,SC,Sul,interestadual,0.12,interestadual 12%,0.04,"Sim, se o produto/mercadoria se enquadrar na Resolução 13/2012; caso contrário, não aplicar.",https://legis.senado.leg.br/norma/586152/publicacao/15646891,https://legis.senado.leg.br/norma/586999,Regra geral interestadual.
AP,Norte,SP,Sudeste,interestadual,0.12,interestadual 12%,0.04,"Sim, se o produto/mercadoria se enquadrar na Resolução 13/2012; caso contrário, não aplicar.",https://legis.senado.leg.br/norma/586152/publicacao/15646891,https://legis.senado.leg.br/norma/586999,Regra geral interestadual.
AP,Norte,SE,Nordeste,interestadual,0.12,interestadual 12%,0.04,"Sim, se o produto/mercadoria se enquadrar na Resolução 13/2012; caso contrário, não aplicar.",https://legis.senado.leg.br/norma/586152/publicacao/15646891,https://legis.senado.leg.br/norma/586999,Regra geral interestadual.
AP,Norte,TO,Norte,interestadual,0.12,interestadual 12%,0.04,"Sim, se o produto/mercadoria se enquadrar na Resolução 13/2012; caso contrário, não aplicar.",https://legis.senado.leg.br/norma/586152/publicacao/15646891,https://legis.senado.leg.br/norma/586999,Regra geral interestadual.
AM,Norte,AC,Norte,interestadual,0.12,interestadual 12%,0.04,"Sim, se o produto/mercadoria se enquadrar na Resolução 13/2012; caso contrário, não aplicar.",https://legis.senado.leg.br/norma/586152/publicacao/15646891,https://legis.senado.leg.br/norma/586999,Regra geral interestadual.
AM,Norte,AL,Nordeste,interestadual,0.12,interestadual 12%,0.04,"Sim, se o produto/mercadoria se enquadrar na Resolução 13/2012; caso contrário, não aplicar.",https://legis.senado.leg.br/norma/586152/publicacao/15646891,https://legis.senado.leg.br/norma/586999,Regra geral interestadual.
AM,Norte,AP,Norte,interestadual,0.12,interestadual 12%,0.04,"Sim, se o produto/mercadoria se enquadrar na Resolução 13/2012; caso contrário, não aplicar.",https://legis.senado.leg.br/norma/586152/publicacao/15646891,https://legis.senado.leg.br/norma/586999,Regra geral interestadual.
AM,Norte,AM,Norte,interna,,operação interna,,"Sim, se o produto/mercadoria se enquadrar na Resolução 13/2012; caso contrário, não aplicar.",https://legis.senado.leg.br/norma/586152/publicacao/15646891,https://legis.senado.leg.br/norma/586999,Usar alíquota interna da UF/dado da empresa; não aplicar regra interestadual.
AM,Norte,BA,Nordeste,interestadual,0.12,interestadual 12%,0.04,"Sim, se o produto/mercadoria se enquadrar na Resolução 13/2012; caso contrário, não aplicar.",https://legis.senado.leg.br/norma/586152/publicacao/15646891,https://legis.senado.leg.br/norma/586999,Regra geral interestadual.
AM,Norte,CE,Nordeste,interestadual,0.12,interestadual 12%,0.04,"Sim, se o produto/mercadoria se enquadrar na Resolução 13/2012; caso contrário, não aplicar.",https://legis.senado.leg.br/norma/586152/publicacao/15646891,https://legis.senado.leg.br/norma/586999,Regra geral interestadual.
AM,Norte,DF,Centro-Oeste,interestadual,0.12,interestadual 12%,0.04,"Sim, se o produto/mercadoria se enquadrar na Resolução 13/2012; caso contrário, não aplicar.",https://legis.senado.leg.br/norma/586152/publicacao/15646891,https://legis.senado.leg.br/norma/586999,Regra geral interestadual.
AM,Norte,ES,Sudeste,interestadual,0.12,interestadual 12%,0.04,"Sim, se o produto/mercadoria se enquadrar na Resolução 13/2012; caso contrário, não aplicar.",https://legis.senado.leg.br/norma/586152/publicacao/15646891,https://legis.senado.leg.br/norma/586999,Regra geral interestadual.
AM,Norte,GO,Centro-Oeste,interestadual,0.12,interestadual 12%,0.04,"Sim, se o produto/mercadoria se enquadrar na Resolução 13/2012; caso contrário, não aplicar.",https://legis.senado.leg.br/norma/586152/publicacao/15646891,https://legis.senado.leg.br/norma/586999,Regra geral interestadual.
AM,Norte,MA,Nordeste,interestadual,0.12,interestadual 12%,0.04,"Sim, se o produto/mercadoria se enquadrar na Resolução 13/2012; caso contrário, não aplicar.",https://legis.senado.leg.br/norma/586152/publicacao/15646891,https://legis.senado.leg.br/norma/586999,Regra geral interestadual.
AM,Norte,MT,Centro-Oeste,interestadual,0.12,interestadual 12%,0.04,"Sim, se o produto/mercadoria se enquadrar na Resolução 13/2012; caso contrário, não aplicar.",https://legis.senado.leg.br/norma/586152/publicacao/15646891,https://legis.senado.leg.br/norma/586999,Regra geral interestadual.
AM,Norte,MS,Centro-Oeste,interestadual,0.12,interestadual 12%,0.04,"Sim, se o produto/mercadoria se enquadrar na Resolução 13/2012; caso contrário, não aplicar.",https://legis.senado.leg.br/norma/586152/publicacao/15646891,https://legis.senado.leg.br/norma/586999,Regra geral interestadual.
AM,Norte,MG,Sudeste,interestadual,0.12,interestadual 12%,0.04,"Sim, se o produto/mercadoria se enquadrar na Resolução 13/2012; caso contrário, não aplicar.",https://legis.senado.leg.br/norma/586152/publicacao/15646891,https://legis.senado.leg.br/norma/586999,Regra geral interestadual.
AM,Norte,PA,Norte,interestadual,0.12,interestadual 12%,0.04,"Sim, se o produto/mercadoria se enquadrar na Resolução 13/2012; caso contrário, não aplicar.",https://legis.senado.leg.br/norma/586152/publicacao/15646891,https://legis.senado.leg.br/norma/586999,Regra geral interestadual.
AM,Norte,PB,Nordeste,interestadual,0.12,interestadual 12%,0.04,"Sim, se o produto/mercadoria se enquadrar na Resolução 13/2012; caso contrário, não aplicar.",https://legis.senado.leg.br/norma/586152/publicacao/15646891,https://legis.senado.leg.br/norma/586999,Regra geral interestadual.
AM,Norte,PR,Sul,interestadual,0.12,interestadual 12%,0.04,"Sim, se o produto/mercadoria se enquadrar na Resolução 13/2012; caso contrário, não aplicar.",https://legis.senado.leg.br/norma/586152/publicacao/15646891,https://legis.senado.leg.br/norma/586999,Regra geral interestadual.
AM,Norte,PE,Nordeste,interestadual,0.12,interestadual 12%,0.04,"Sim, se o produto/mercadoria se enquadrar na Resolução 13/2012; caso contrário, não aplicar.",https://legis.senado.leg.br/norma/586152/publicacao/15646891,https://legis.senado.leg.br/norma/586999,Regra geral interestadual.
AM,Norte,PI,Nordeste,interestadual,0.12,interestadual 12%,0.04,"Sim, se o produto/mercadoria se enquadrar na Resolução 13/2012; caso contrário, não aplicar.",https://legis.senado.leg.br/norma/586152/publicacao/15646891,https://legis.senado.leg.br/norma/586999,Regra geral interestadual.
AM,Norte,RJ,Sudeste,interestadual,0.12,interestadual 12%,0.04,"Sim, se o produto/mercadoria se enquadrar na Resolução 13/2012; caso contrário, não aplicar.",https://legis.senado.leg.br/norma/586152/publicacao/15646891,https://legis.senado.leg.br/norma/586999,Regra geral interestadual.
AM,Norte,RN,Nordeste,interestadual,0.12,interestadual 12%,0.04,"Sim, se o produto/mercadoria se enquadrar na Resolução 13/2012; caso contrário, não aplicar.",https://legis.senado.leg.br/norma/586152/publicacao/15646891,https://legis.senado.leg.br/norma/586999,Regra geral interestadual.
AM,Norte,RS,Sul,interestadual,0.12,interestadual 12%,0.04,"Sim, se o produto/mercadoria se enquadrar na Resolução 13/2012; caso contrário, não aplicar.",https://legis.senado.leg.br/norma/586152/publicacao/15646891,https://legis.senado.leg.br/norma/586999,Regra geral interestadual.
AM,Norte,RO,Norte,interestadual,0.12,interestadual 12%,0.04,"Sim, se o produto/mercadoria se enquadrar na Resolução 13/2012; caso contrário, não aplicar.",https://legis.senado.leg.br/norma/586152/publicacao/15646891,https://legis.senado.leg.br/norma/586999,Regra geral interestadual.
AM,Norte,RR,Norte,interestadual,0.12,interestadual 12%,0.04,"Sim, se o produto/mercadoria se enquadrar na Resolução 13/2012; caso contrário, não aplicar.",https://legis.senado.leg.br/norma/586152/publicacao/15646891,https://legis.senado.leg.br/norma/586999,Regra geral interestadual.
AM,Norte,SC,Sul,interestadual,0.12,interestadual 12%,0.04,"Sim, se o produto/mercadoria se enquadrar na Resolução 13/2012; caso contrário, não aplicar.",https://legis.senado.leg.br/norma/586152/publicacao/15646891,https://legis.senado.leg.br/norma/586999,Regra geral interestadual.
AM,Norte,SP,Sudeste,interestadual,0.12,interestadual 12%,0.04,"Sim, se o produto/mercadoria se enquadrar na Resolução 13/2012; caso contrário, não aplicar.",https://legis.senado.leg.br/norma/586152/publicacao/15646891,https://legis.senado.leg.br/norma/586999,Regra geral interestadual.
AM,Norte,SE,Nordeste,interestadual,0.12,interestadual 12%,0.04,"Sim, se o produto/mercadoria se enquadrar na Resolução 13/2012; caso contrário, não aplicar.",https://legis.senado.leg.br/norma/586152/publicacao/15646891,https://legis.senado.leg.br/norma/586999,Regra geral interestadual.
AM,Norte,TO,Norte,interestadual,0.12,interestadual 12%,0.04,"Sim, se o produto/mercadoria se enquadrar na Resolução 13/2012; caso contrário, não aplicar.",https://legis.senado.leg.br/norma/586152/publicacao/15646891,https://legis.senado.leg.br/norma/586999,Regra geral interestadual.
BA,Nordeste,AC,Norte,interestadual,0.12,interestadual 12%,0.04,"Sim, se o produto/mercadoria se enquadrar na Resolução 13/2012; caso contrário, não aplicar.",https://legis.senado.leg.br/norma/586152/publicacao/15646891,https://legis.senado.leg.br/norma/586999,Regra geral interestadual.
BA,Nordeste,AL,Nordeste,interestadual,0.12,interestadual 12%,0.04,"Sim, se o produto/mercadoria se enquadrar na Resolução 13/2012; caso contrário, não aplicar.",https://legis.senado.leg.br/norma/586152/publicacao/15646891,https://legis.senado.leg.br/norma/586999,Regra geral interestadual.
BA,Nordeste,AP,Norte,interestadual,0.12,interestadual 12%,0.04,"Sim, se o produto/mercadoria se enquadrar na Resolução 13/2012; caso contrário, não aplicar.",https://legis.senado.leg.br/norma/586152/publicacao/15646891,https://legis.senado.leg.br/norma/586999,Regra geral interestadual.
BA,Nordeste,AM,Norte,interestadual,0.12,interestadual 12%,0.04,"Sim, se o produto/mercadoria se enquadrar na Resolução 13/2012; caso contrário, não aplicar.",https://legis.senado.leg.br/norma/586152/publicacao/15646891,https://legis.senado.leg.br/norma/586999,Regra geral interestadual.
BA,Nordeste,BA,Nordeste,interna,,operação interna,,"Sim, se o produto/mercadoria se enquadrar na Resolução 13/2012; caso contrário, não aplicar.",https://legis.senado.leg.br/norma/586152/publicacao/15646891,https://legis.senado.leg.br/norma/586999,Usar alíquota interna da UF/dado da empresa; não aplicar regra interestadual.
BA,Nordeste,CE,Nordeste,interestadual,0.12,interestadual 12%,0.04,"Sim, se o produto/mercadoria se enquadrar na Resolução 13/2012; caso contrário, não aplicar.",https://legis.senado.leg.br/norma/586152/publicacao/15646891,https://legis.senado.leg.br/norma/586999,Regra geral interestadual.
BA,Nordeste,DF,Centro-Oeste,interestadual,0.12,interestadual 12%,0.04,"Sim, se o produto/mercadoria se enquadrar na Resolução 13/2012; caso contrário, não aplicar.",https://legis.senado.leg.br/norma/586152/publicacao/15646891,https://legis.senado.leg.br/norma/586999,Regra geral interestadual.
BA,Nordeste,ES,Sudeste,interestadual,0.12,interestadual 12%,0.04,"Sim, se o produto/mercadoria se enquadrar na Resolução 13/2012; caso contrário, não aplicar.",https://legis.senado.leg.br/norma/586152/publicacao/15646891,https://legis.senado.leg.br/norma/586999,Regra geral interestadual.
BA,Nordeste,GO,Centro-Oeste,interestadual,0.12,interestadual 12%,0.04,"Sim, se o produto/mercadoria se enquadrar na Resolução 13/2012; caso contrário, não aplicar.",https://legis.senado.leg.br/norma/586152/publicacao/15646891,https://legis.senado.leg.br/norma/586999,Regra geral interestadual.
BA,Nordeste,MA,Nordeste,interestadual,0.12,interestadual 12%,0.04,"Sim, se o produto/mercadoria se enquadrar na Resolução 13/2012; caso contrário, não aplicar.",https://legis.senado.leg.br/norma/586152/publicacao/15646891,https://legis.senado.leg.br/norma/586999,Regra geral interestadual.
BA,Nordeste,MT,Centro-Oeste,interestadual,0.12,interestadual 12%,0.04,"Sim, se o produto/mercadoria se enquadrar na Resolução 13/2012; caso contrário, não aplicar.",https://legis.senado.leg.br/norma/586152/publicacao/15646891,https://legis.senado.leg.br/norma/586999,Regra geral interestadual.
BA,Nordeste,MS,Centro-Oeste,interestadual,0.12,interestadual 12%,0.04,"Sim, se o produto/mercadoria se enquadrar na Resolução 13/2012; caso contrário, não aplicar.",https://legis.senado.leg.br/norma/586152/publicacao/15646891,https://legis.senado.leg.br/norma/586999,Regra geral interestadual.
BA,Nordeste,MG,Sudeste,interestadual,0.12,interestadual 12%,0.04,"Sim, se o produto/mercadoria se enquadrar na Resolução 13/2012; caso contrário, não aplicar.",https://legis.senado.leg.br/norma/586152/publicacao/15646891,https://legis.senado.leg.br/norma/586999,Regra geral interestadual.
BA,Nordeste,PA,Norte,interestadual,0.12,interestadual 12%,0.04,"Sim, se o produto/mercadoria se enquadrar na Resolução 13/2012; caso contrário, não aplicar.",https://legis.senado.leg.br/norma/586152/publicacao/15646891,https://legis.senado.leg.br/norma/586999,Regra geral interestadual.
BA,Nordeste,PB,Nordeste,interestadual,0.12,interestadual 12%,0.04,"Sim, se o produto/mercadoria se enquadrar na Resolução 13/2012; caso contrário, não aplicar.",https://legis.senado.leg.br/norma/586152/publicacao/15646891,https://legis.senado.leg.br/norma/586999,Regra geral interestadual.
BA,Nordeste,PR,Sul,interestadual,0.12,interestadual 12%,0.04,"Sim, se o produto/mercadoria se enquadrar na Resolução 13/2012; caso contrário, não aplicar.",https://legis.senado.leg.br/norma/586152/publicacao/15646891,https://legis.senado.leg.br/norma/586999,Regra geral interestadual.
BA,Nordeste,PE,Nordeste,interestadual,0.12,interestadual 12%,0.04,"Sim, se o produto/mercadoria se enquadrar na Resolução 13/2012; caso contrário, não aplicar.",https://legis.senado.leg.br/norma/586152/publicacao/15646891,https://legis.senado.leg.br/norma/586999,Regra geral interestadual.
BA,Nordeste,PI,Nordeste,interestadual,0.12,interestadual 12%,0.04,"Sim, se o produto/mercadoria se enquadrar na Resolução 13/2012; caso contrário, não aplicar.",https://legis.senado.leg.br/norma/586152/publicacao/15646891,https://legis.senado.leg.br/norma/586999,Regra geral interestadual.
BA,Nordeste,RJ,Sudeste,interestadual,0.12,interestadual 12%,0.04,"Sim, se o produto/mercadoria se enquadrar na Resolução 13/2012; caso contrário, não aplicar.",https://legis.senado.leg.br/norma/586152/publicacao/15646891,https://legis.senado.leg.br/norma/586999,Regra geral interestadual.
BA,Nordeste,RN,Nordeste,interestadual,0.12,interestadual 12%,0.04,"Sim, se o produto/mercadoria se enquadrar na Resolução 13/2012; caso contrário, não aplicar.",https://legis.senado.leg.br/norma/586152/publicacao/15646891,https://legis.senado.leg.br/norma/586999,Regra geral interestadual.
BA,Nordeste,RS,Sul,interestadual,0.12,interestadual 12%,0.04,"Sim, se o produto/mercadoria se enquadrar na Resolução 13/2012; caso contrário, não aplicar.",https://legis.senado.leg.br/norma/586152/publicacao/15646891,https://legis.senado.leg.br/norma/586999,Regra geral interestadual.
BA,Nordeste,RO,Norte,interestadual,0.12,interestadual 12%,0.04,"Sim, se o produto/mercadoria se enquadrar na Resolução 13/2012; caso contrário, não aplicar.",https://legis.senado.leg.br/norma/586152/publicacao/15646891,https://legis.senado.leg.br/norma/586999,Regra geral interestadual.
BA,Nordeste,RR,Norte,interestadual,0.12,interestadual 12%,0.04,"Sim, se o produto/mercadoria se enquadrar na Resolução 13/2012; caso contrário, não aplicar.",https://legis.senado.leg.br/norma/586152/publicacao/15646891,https://legis.senado.leg.br/norma/586999,Regra geral interestadual.
BA,Nordeste,SC,Sul,interestadual,0.12,interestadual 12%,0.04,"Sim, se o produto/mercadoria se enquadrar na Resolução 13/2012; caso contrário, não aplicar.",https://legis.senado.leg.br/norma/586152/publicacao/15646891,https://legis.senado.leg.br/norma/586999,Regra geral interestadual.
BA,Nordeste,SP,Sudeste,interestadual,0.12,interestadual 12%,0.04,"Sim, se o produto/mercadoria se enquadrar na Resolução 13/2012; caso contrário, não aplicar.",https://legis.senado.leg.br/norma/586152/publicacao/15646891,https://legis.senado.leg.br/norma/586999,Regra geral interestadual.
BA,Nordeste,SE,Nordeste,interestadual,0.12,interestadual 12%,0.04,"Sim, se o produto/mercadoria se enquadrar na Resolução 13/2012; caso contrário, não aplicar.",https://legis.senado.leg.br/norma/586152/publicacao/15646891,https://legis.senado.leg.br/norma/586999,Regra geral interestadual.
BA,Nordeste,TO,Norte,interestadual,0.12,interestadual 12%,0.04,"Sim, se o produto/mercadoria se enquadrar na Resolução 13/2012; caso contrário, não aplicar.",https://legis.senado.leg.br/norma/586152/publicacao/15646891,https://legis.senado.leg.br/norma/586999,Regra geral interestadual.
CE,Nordeste,AC,Norte,interestadual,0.12,interestadual 12%,0.04,"Sim, se o produto/mercadoria se enquadrar na Resolução 13/2012; caso contrário, não aplicar.",https://legis.senado.leg.br/norma/586152/publicacao/15646891,https://legis.senado.leg.br/norma/586999,Regra geral interestadual.
CE,Nordeste,AL,Nordeste,interestadual,0.12,interestadual 12%,0.04,"Sim, se o produto/mercadoria se enquadrar na Resolução 13/2012; caso contrário, não aplicar.",https://legis.senado.leg.br/norma/586152/publicacao/15646891,https://legis.senado.leg.br/norma/586999,Regra geral interestadual.
CE,Nordeste,AP,Norte,interestadual,0.12,interestadual 12%,0.04,"Sim, se o produto/mercadoria se enquadrar na Resolução 13/2012; caso contrário, não aplicar.",https://legis.senado.leg.br/norma/586152/publicacao/15646891,https://legis.senado.leg.br/norma/586999,Regra geral interestadual.
CE,Nordeste,AM,Norte,interestadual,0.12,interestadual 12%,0.04,"Sim, se o produto/mercadoria se enquadrar na Resolução 13/2012; caso contrário, não aplicar.",https://legis.senado.leg.br/norma/586152/publicacao/15646891,https://legis.senado.leg.br/norma/586999,Regra geral interestadual.
CE,Nordeste,BA,Nordeste,interestadual,0.12,interestadual 12%,0.04,"Sim, se o produto/mercadoria se enquadrar na Resolução 13/2012; caso contrário, não aplicar.",https://legis.senado.leg.br/norma/586152/publicacao/15646891,https://legis.senado.leg.br/norma/586999,Regra geral interestadual.
CE,Nordeste,CE,Nordeste,interna,,operação interna,,"Sim, se o produto/mercadoria se enquadrar na Resolução 13/2012; caso contrário, não aplicar.",https://legis.senado.leg.br/norma/586152/publicacao/15646891,https://legis.senado.leg.br/norma/586999,Usar alíquota interna da UF/dado da empresa; não aplicar regra interestadual.
CE,Nordeste,DF,Centro-Oeste,interestadual,0.12,interestadual 12%,0.04,"Sim, se o produto/mercadoria se enquadrar na Resolução 13/2012; caso contrário, não aplicar.",https://legis.senado.leg.br/norma/586152/publicacao/15646891,https://legis.senado.leg.br/norma/586999,Regra geral interestadual.
CE,Nordeste,ES,Sudeste,interestadual,0.12,interestadual 12%,0.04,"Sim, se o produto/mercadoria se enquadrar na Resolução 13/2012; caso contrário, não aplicar.",https://legis.senado.leg.br/norma/586152/publicacao/15646891,https://legis.senado.leg.br/norma/586999,Regra geral interestadual.
CE,Nordeste,GO,Centro-Oeste,interestadual,0.12,interestadual 12%,0.04,"Sim, se o produto/mercadoria se enquadrar na Resolução 13/2012; caso contrário, não aplicar.",https://legis.senado.leg.br/norma/586152/publicacao/15646891,https://legis.senado.leg.br/norma/586999,Regra geral interestadual.
CE,Nordeste,MA,Nordeste,interestadual,0.12,interestadual 12%,0.04,"Sim, se o produto/mercadoria se enquadrar na Resolução 13/2012; caso contrário, não aplicar.",https://legis.senado.leg.br/norma/586152/publicacao/15646891,https://legis.senado.leg.br/norma/586999,Regra geral interestadual.
CE,Nordeste,MT,Centro-Oeste,interestadual,0.12,interestadual 12%,0.04,"Sim, se o produto/mercadoria se enquadrar na Resolução 13/2012; caso contrário, não aplicar.",https://legis.senado.leg.br/norma/586152/publicacao/15646891,https://legis.senado.leg.br/norma/586999,Regra geral interestadual.
CE,Nordeste,MS,Centro-Oeste,interestadual,0.12,interestadual 12%,0.04,"Sim, se o produto/mercadoria se enquadrar na Resolução 13/2012; caso contrário, não aplicar.",https://legis.senado.leg.br/norma/586152/publicacao/15646891,https://legis.senado.leg.br/norma/586999,Regra geral interestadual.
CE,Nordeste,MG,Sudeste,interestadual,0.12,interestadual 12%,0.04,"Sim, se o produto/mercadoria se enquadrar na Resolução 13/2012; caso contrário, não aplicar.",https://legis.senado.leg.br/norma/586152/publicacao/15646891,https://legis.senado.leg.br/norma/586999,Regra geral interestadual.
CE,Nordeste,PA,Norte,interestadual,0.12,interestadual 12%,0.04,"Sim, se o produto/mercadoria se enquadrar na Resolução 13/2012; caso contrário, não aplicar.",https://legis.senado.leg.br/norma/586152/publicacao/15646891,https://legis.senado.leg.br/norma/586999,Regra geral interestadual.
CE,Nordeste,PB,Nordeste,interestadual,0.12,interestadual 12%,0.04,"Sim, se o produto/mercadoria se enquadrar na Resolução 13/2012; caso contrário, não aplicar.",https://legis.senado.leg.br/norma/586152/publicacao/15646891,https://legis.senado.leg.br/norma/586999,Regra geral interestadual.
CE,Nordeste,PR,Sul,interestadual,0.12,interestadual 12%,0.04,"Sim, se o produto/mercadoria se enquadrar na Resolução 13/2012; caso contrário, não aplicar.",https://legis.senado.leg.br/norma/586152/publicacao/15646891,https://legis.senado.leg.br/norma/586999,Regra geral interestadual.
CE,Nordeste,PE,Nordeste,interestadual,0.12,interestadual 12%,0.04,"Sim, se o produto/mercadoria se enquadrar na Resolução 13/2012; caso contrário, não aplicar.",https://legis.senado.leg.br/norma/586152/publicacao/15646891,https://legis.senado.leg.br/norma/586999,Regra geral interestadual.
CE,Nordeste,PI,Nordeste,interestadual,0.12,interestadual 12%,0.04,"Sim, se o produto/mercadoria se enquadrar na Resolução 13/2012; caso contrário, não aplicar.",https://legis.senado.leg.br/norma/586152/publicacao/15646891,https://legis.senado.leg.br/norma/586999,Regra geral interestadual.
CE,Nordeste,RJ,Sudeste,interestadual,0.12,interestadual 12%,0.04,"Sim, se o produto/mercadoria se enquadrar na Resolução 13/2012; caso contrário, não aplicar.",https://legis.senado.leg.br/norma/586152/publicacao/15646891,https://legis.senado.leg.br/norma/586999,Regra geral interestadual.
CE,Nordeste,RN,Nordeste,interestadual,0.12,interestadual 12%,0.04,"Sim, se o produto/mercadoria se enquadrar na Resolução 13/2012; caso contrário, não aplicar.",https://legis.senado.leg.br/norma/586152/publicacao/15646891,https://legis.senado.leg.br/norma/586999,Regra geral interestadual.
CE,Nordeste,RS,Sul,interestadual,0.12,interestadual 12%,0.04,"Sim, se o produto/mercadoria se enquadrar na Resolução 13/2012; caso contrário, não aplicar.",https://legis.senado.leg.br/norma/586152/publicacao/15646891,https://legis.senado.leg.br/norma/586999,Regra geral interestadual.
CE,Nordeste,RO,Norte,interestadual,0.12,interestadual 12%,0.04,"Sim, se o produto/mercadoria se enquadrar na Resolução 13/2012; caso contrário, não aplicar.",https://legis.senado.leg.br/norma/586152/publicacao/15646891,https://legis.senado.leg.br/norma/586999,Regra geral interestadual.
CE,Nordeste,RR,Norte,interestadual,0.12,interestadual 12%,0.04,"Sim, se o produto/mercadoria se enquadrar na Resolução 13/2012; caso contrário, não aplicar.",https://legis.senado.leg.br/norma/586152/publicacao/15646891,https://legis.senado.leg.br/norma/586999,Regra geral interestadual.
CE,Nordeste,SC,Sul,interestadual,0.12,interestadual 12%,0.04,"Sim, se o produto/mercadoria se enquadrar na Resolução 13/2012; caso contrário, não aplicar.",https://legis.senado.leg.br/norma/586152/publicacao/15646891,https://legis.senado.leg.br/norma/586999,Regra geral interestadual.
CE,Nordeste,SP,Sudeste,interestadual,0.12,interestadual 12%,0.04,"Sim, se o produto/mercadoria se enquadrar na Resolução 13/2012; caso contrário, não aplicar.",https://legis.senado.leg.br/norma/586152/publicacao/15646891,https://legis.senado.leg.br/norma/586999,Regra geral interestadual.
CE,Nordeste,SE,Nordeste,interestadual,0.12,interestadual 12%,0.04,"Sim, se o produto/mercadoria se enquadrar na Resolução 13/2012; caso contrário, não aplicar.",https://legis.senado.leg.br/norma/586152/publicacao/15646891,https://legis.senado.leg.br/norma/586999,Regra geral interestadual.
CE,Nordeste,TO,Norte,interestadual,0.12,interestadual 12%,0.04,"Sim, se o produto/mercadoria se enquadrar na Resolução 13/2012; caso contrário, não aplicar.",https://legis.senado.leg.br/norma/586152/publicacao/15646891,https://legis.senado.leg.br/norma/586999,Regra geral interestadual.
DF,Centro-Oeste,AC,Norte,interestadual,0.12,interestadual 12%,0.04,"Sim, se o produto/mercadoria se enquadrar na Resolução 13/2012; caso contrário, não aplicar.",https://legis.senado.leg.br/norma/586152/publicacao/15646891,https://legis.senado.leg.br/norma/586999,Regra geral interestadual.
DF,Centro-Oeste,AL,Nordeste,interestadual,0.12,interestadual 12%,0.04,"Sim, se o produto/mercadoria se enquadrar na Resolução 13/2012; caso contrário, não aplicar.",https://legis.senado.leg.br/norma/586152/publicacao/15646891,https://legis.senado.leg.br/norma/586999,Regra geral interestadual.
DF,Centro-Oeste,AP,Norte,interestadual,0.12,interestadual 12%,0.04,"Sim, se o produto/mercadoria se enquadrar na Resolução 13/2012; caso contrário, não aplicar.",https://legis.senado.leg.br/norma/586152/publicacao/15646891,https://legis.senado.leg.br/norma/586999,Regra geral interestadual.
DF,Centro-Oeste,AM,Norte,interestadual,0.12,interestadual 12%,0.04,"Sim, se o produto/mercadoria se enquadrar na Resolução 13/2012; caso contrário, não aplicar.",https://legis.senado.leg.br/norma/586152/publicacao/15646891,https://legis.senado.leg.br/norma/586999,Regra geral interestadual.
DF,Centro-Oeste,BA,Nordeste,interestadual,0.12,interestadual 12%,0.04,"Sim, se o produto/mercadoria se enquadrar na Resolução 13/2012; caso contrário, não aplicar.",https://legis.senado.leg.br/norma/586152/publicacao/15646891,https://legis.senado.leg.br/norma/586999,Regra geral interestadual.
DF,Centro-Oeste,CE,Nordeste,interestadual,0.12,interestadual 12%,0.04,"Sim, se o produto/mercadoria se enquadrar na Resolução 13/2012; caso contrário, não aplicar.",https://legis.senado.leg.br/norma/586152/publicacao/15646891,https://legis.senado.leg.br/norma/586999,Regra geral interestadual.
DF,Centro-Oeste,DF,Centro-Oeste,interna,,operação interna,,"Sim, se o produto/mercadoria se enquadrar na Resolução 13/2012; caso contrário, não aplicar.",https://legis.senado.leg.br/norma/586152/publicacao/15646891,https://legis.senado.leg.br/norma/586999,Usar alíquota interna da UF/dado da empresa; não aplicar regra interestadual.
DF,Centro-Oeste,ES,Sudeste,interestadual,0.12,interestadual 12%,0.04,"Sim, se o produto/mercadoria se enquadrar na Resolução 13/2012; caso contrário, não aplicar.",https://legis.senado.leg.br/norma/586152/publicacao/15646891,https://legis.senado.leg.br/norma/586999,Regra geral interestadual.
DF,Centro-Oeste,GO,Centro-Oeste,interestadual,0.12,interestadual 12%,0.04,"Sim, se o produto/mercadoria se enquadrar na Resolução 13/2012; caso contrário, não aplicar.",https://legis.senado.leg.br/norma/586152/publicacao/15646891,https://legis.senado.leg.br/norma/586999,Regra geral interestadual.
DF,Centro-Oeste,MA,Nordeste,interestadual,0.12,interestadual 12%,0.04,"Sim, se o produto/mercadoria se enquadrar na Resolução 13/2012; caso contrário, não aplicar.",https://legis.senado.leg.br/norma/586152/publicacao/15646891,https://legis.senado.leg.br/norma/586999,Regra geral interestadual.
DF,Centro-Oeste,MT,Centro-Oeste,interestadual,0.12,interestadual 12%,0.04,"Sim, se o produto/mercadoria se enquadrar na Resolução 13/2012; caso contrário, não aplicar.",https://legis.senado.leg.br/norma/586152/publicacao/15646891,https://legis.senado.leg.br/norma/586999,Regra geral interestadual.
DF,Centro-Oeste,MS,Centro-Oeste,interestadual,0.12,interestadual 12%,0.04,"Sim, se o produto/mercadoria se enquadrar na Resolução 13/2012; caso contrário, não aplicar.",https://legis.senado.leg.br/norma/586152/publicacao/15646891,https://legis.senado.leg.br/norma/586999,Regra geral interestadual.
DF,Centro-Oeste,MG,Sudeste,interestadual,0.12,interestadual 12%,0.04,"Sim, se o produto/mercadoria se enquadrar na Resolução 13/2012; caso contrário, não aplicar.",https://legis.senado.leg.br/norma/586152/publicacao/15646891,https://legis.senado.leg.br/norma/586999,Regra geral interestadual.
DF,Centro-Oeste,PA,Norte,interestadual,0.12,interestadual 12%,0.04,"Sim, se o produto/mercadoria se enquadrar na Resolução 13/2012; caso contrário, não aplicar.",https://legis.senado.leg.br/norma/586152/publicacao/15646891,https://legis.senado.leg.br/norma/586999,Regra geral interestadual.
DF,Centro-Oeste,PB,Nordeste,interestadual,0.12,interestadual 12%,0.04,"Sim, se o produto/mercadoria se enquadrar na Resolução 13/2012; caso contrário, não aplicar.",https://legis.senado.leg.br/norma/586152/publicacao/15646891,https://legis.senado.leg.br/norma/586999,Regra geral interestadual.
DF,Centro-Oeste,PR,Sul,interestadual,0.12,interestadual 12%,0.04,"Sim, se o produto/mercadoria se enquadrar na Resolução 13/2012; caso contrário, não aplicar.",https://legis.senado.leg.br/norma/586152/publicacao/15646891,https://legis.senado.leg.br/norma/586999,Regra geral interestadual.
DF,Centro-Oeste,PE,Nordeste,interestadual,0.12,interestadual 12%,0.04,"Sim, se o produto/mercadoria se enquadrar na Resolução 13/2012; caso contrário, não aplicar.",https://legis.senado.leg.br/norma/586152/publicacao/15646891,https://legis.senado.leg.br/norma/586999,Regra geral interestadual.
DF,Centro-Oeste,PI,Nordeste,interestadual,0.12,interestadual 12%,0.04,"Sim, se o produto/mercadoria se enquadrar na Resolução 13/2012; caso contrário, não aplicar.",https://legis.senado.leg.br/norma/586152/publicacao/15646891,https://legis.senado.leg.br/norma/586999,Regra geral interestadual.
DF,Centro-Oeste,RJ,Sudeste,interestadual,0.12,interestadual 12%,0.04,"Sim, se o produto/mercadoria se enquadrar na Resolução 13/2012; caso contrário, não aplicar.",https://legis.senado.leg.br/norma/586152/publicacao/15646891,https://legis.senado.leg.br/norma/586999,Regra geral interestadual.
DF,Centro-Oeste,RN,Nordeste,interestadual,0.12,interestadual 12%,0.04,"Sim, se o produto/mercadoria se enquadrar na Resolução 13/2012; caso contrário, não aplicar.",https://legis.senado.leg.br/norma/586152/publicacao/15646891,https://legis.senado.leg.br/norma/586999,Regra geral interestadual.
DF,Centro-Oeste,RS,Sul,interestadual,0.12,interestadual 12%,0.04,"Sim, se o produto/mercadoria se enquadrar na Resolução 13/2012; caso contrário, não aplicar.",https://legis.senado.leg.br/norma/586152/publicacao/15646891,https://legis.senado.leg.br/norma/586999,Regra geral interestadual.
DF,Centro-Oeste,RO,Norte,interestadual,0.12,interestadual 12%,0.04,"Sim, se o produto/mercadoria se enquadrar na Resolução 13/2012; caso contrário, não aplicar.",https://legis.senado.leg.br/norma/586152/publicacao/15646891,https://legis.senado.leg.br/norma/586999,Regra geral interestadual.
DF,Centro-Oeste,RR,Norte,interestadual,0.12,interestadual 12%,0.04,"Sim, se o produto/mercadoria se enquadrar na Resolução 13/2012; caso contrário, não aplicar.",https://legis.senado.leg.br/norma/586152/publicacao/15646891,https://legis.senado.leg.br/norma/586999,Regra geral interestadual.
DF,Centro-Oeste,SC,Sul,interestadual,0.12,interestadual 12%,0.04,"Sim, se o produto/mercadoria se enquadrar na Resolução 13/2012; caso contrário, não aplicar.",https://legis.senado.leg.br/norma/586152/publicacao/15646891,https://legis.senado.leg.br/norma/586999,Regra geral interestadual.
DF,Centro-Oeste,SP,Sudeste,interestadual,0.12,interestadual 12%,0.04,"Sim, se o produto/mercadoria se enquadrar na Resolução 13/2012; caso contrário, não aplicar.",https://legis.senado.leg.br/norma/586152/publicacao/15646891,https://legis.senado.leg.br/norma/586999,Regra geral interestadual.
DF,Centro-Oeste,SE,Nordeste,interestadual,0.12,interestadual 12%,0.04,"Sim, se o produto/mercadoria se enquadrar na Resolução 13/2012; caso contrário, não aplicar.",https://legis.senado.leg.br/norma/586152/publicacao/15646891,https://legis.senado.leg.br/norma/586999,Regra geral interestadual.
DF,Centro-Oeste,TO,Norte,interestadual,0.12,interestadual 12%,0.04,"Sim, se o produto/mercadoria se enquadrar na Resolução 13/2012; caso contrário, não aplicar.",https://legis.senado.leg.br/norma/586152/publicacao/15646891,https://legis.senado.leg.br/norma/586999,Regra geral interestadual.
ES,Sudeste,AC,Norte,interestadual,0.12,interestadual 12%,0.04,"Sim, se o produto/mercadoria se enquadrar na Resolução 13/2012; caso contrário, não aplicar.",https://legis.senado.leg.br/norma/586152/publicacao/15646891,https://legis.senado.leg.br/norma/586999,Regra geral interestadual.
ES,Sudeste,AL,Nordeste,interestadual,0.12,interestadual 12%,0.04,"Sim, se o produto/mercadoria se enquadrar na Resolução 13/2012; caso contrário, não aplicar.",https://legis.senado.leg.br/norma/586152/publicacao/15646891,https://legis.senado.leg.br/norma/586999,Regra geral interestadual.
ES,Sudeste,AP,Norte,interestadual,0.12,interestadual 12%,0.04,"Sim, se o produto/mercadoria se enquadrar na Resolução 13/2012; caso contrário, não aplicar.",https://legis.senado.leg.br/norma/586152/publicacao/15646891,https://legis.senado.leg.br/norma/586999,Regra geral interestadual.
ES,Sudeste,AM,Norte,interestadual,0.12,interestadual 12%,0.04,"Sim, se o produto/mercadoria se enquadrar na Resolução 13/2012; caso contrário, não aplicar.",https://legis.senado.leg.br/norma/586152/publicacao/15646891,https://legis.senado.leg.br/norma/586999,Regra geral interestadual.
ES,Sudeste,BA,Nordeste,interestadual,0.12,interestadual 12%,0.04,"Sim, se o produto/mercadoria se enquadrar na Resolução 13/2012; caso contrário, não aplicar.",https://legis.senado.leg.br/norma/586152/publicacao/15646891,https://legis.senado.leg.br/norma/586999,Regra geral interestadual.
ES,Sudeste,CE,Nordeste,interestadual,0.12,interestadual 12%,0.04,"Sim, se o produto/mercadoria se enquadrar na Resolução 13/2012; caso contrário, não aplicar.",https://legis.senado.leg.br/norma/586152/publicacao/15646891,https://legis.senado.leg.br/norma/586999,Regra geral interestadual.
ES,Sudeste,DF,Centro-Oeste,interestadual,0.12,interestadual 12%,0.04,"Sim, se o produto/mercadoria se enquadrar na Resolução 13/2012; caso contrário, não aplicar.",https://legis.senado.leg.br/norma/586152/publicacao/15646891,https://legis.senado.leg.br/norma/586999,Regra geral interestadual.
ES,Sudeste,ES,Sudeste,interna,,operação interna,,"Sim, se o produto/mercadoria se enquadrar na Resolução 13/2012; caso contrário, não aplicar.",https://legis.senado.leg.br/norma/586152/publicacao/15646891,https://legis.senado.leg.br/norma/586999,Usar alíquota interna da UF/dado da empresa; não aplicar regra interestadual.
ES,Sudeste,GO,Centro-Oeste,interestadual,0.12,interestadual 12%,0.04,"Sim, se o produto/mercadoria se enquadrar na Resolução 13/2012; caso contrário, não aplicar.",https://legis.senado.leg.br/norma/586152/publicacao/15646891,https://legis.senado.leg.br/norma/586999,Regra geral interestadual.
ES,Sudeste,MA,Nordeste,interestadual,0.12,interestadual 12%,0.04,"Sim, se o produto/mercadoria se enquadrar na Resolução 13/2012; caso contrário, não aplicar.",https://legis.senado.leg.br/norma/586152/publicacao/15646891,https://legis.senado.leg.br/norma/586999,Regra geral interestadual.
ES,Sudeste,MT,Centro-Oeste,interestadual,0.12,interestadual 12%,0.04,"Sim, se o produto/mercadoria se enquadrar na Resolução 13/2012; caso contrário, não aplicar.",https://legis.senado.leg.br/norma/586152/publicacao/15646891,https://legis.senado.leg.br/norma/586999,Regra geral interestadual.
ES,Sudeste,MS,Centro-Oeste,interestadual,0.12,interestadual 12%,0.04,"Sim, se o produto/mercadoria se enquadrar na Resolução 13/2012; caso contrário, não aplicar.",https://legis.senado.leg.br/norma/586152/publicacao/15646891,https://legis.senado.leg.br/norma/586999,Regra geral interestadual.
ES,Sudeste,MG,Sudeste,interestadual,0.12,interestadual 12%,0.04,"Sim, se o produto/mercadoria se enquadrar na Resolução 13/2012; caso contrário, não aplicar.",https://legis.senado.leg.br/norma/586152/publicacao/15646891,https://legis.senado.leg.br/norma/586999,Regra geral interestadual.
ES,Sudeste,PA,Norte,interestadual,0.12,interestadual 12%,0.04,"Sim, se o produto/mercadoria se enquadrar na Resolução 13/2012; caso contrário, não aplicar.",https://legis.senado.leg.br/norma/586152/publicacao/15646891,https://legis.senado.leg.br/norma/586999,Regra geral interestadual.
ES,Sudeste,PB,Nordeste,interestadual,0.12,interestadual 12%,0.04,"Sim, se o produto/mercadoria se enquadrar na Resolução 13/2012; caso contrário, não aplicar.",https://legis.senado.leg.br/norma/586152/publicacao/15646891,https://legis.senado.leg.br/norma/586999,Regra geral interestadual.
ES,Sudeste,PR,Sul,interestadual,0.12,interestadual 12%,0.04,"Sim, se o produto/mercadoria se enquadrar na Resolução 13/2012; caso contrário, não aplicar.",https://legis.senado.leg.br/norma/586152/publicacao/15646891,https://legis.senado.leg.br/norma/586999,Regra geral interestadual.
ES,Sudeste,PE,Nordeste,interestadual,0.12,interestadual 12%,0.04,"Sim, se o produto/mercadoria se enquadrar na Resolução 13/2012; caso contrário, não aplicar.",https://legis.senado.leg.br/norma/586152/publicacao/15646891,https://legis.senado.leg.br/norma/586999,Regra geral interestadual.
ES,Sudeste,PI,Nordeste,interestadual,0.12,interestadual 12%,0.04,"Sim, se o produto/mercadoria se enquadrar na Resolução 13/2012; caso contrário, não aplicar.",https://legis.senado.leg.br/norma/586152/publicacao/15646891,https://legis.senado.leg.br/norma/586999,Regra geral interestadual.
ES,Sudeste,RJ,Sudeste,interestadual,0.12,interestadual 12%,0.04,"Sim, se o produto/mercadoria se enquadrar na Resolução 13/2012; caso contrário, não aplicar.",https://legis.senado.leg.br/norma/586152/publicacao/15646891,https://legis.senado.leg.br/norma/586999,Regra geral interestadual.
ES,Sudeste,RN,Nordeste,interestadual,0.12,interestadual 12%,0.04,"Sim, se o produto/mercadoria se enquadrar na Resolução 13/2012; caso contrário, não aplicar.",https://legis.senado.leg.br/norma/586152/publicacao/15646891,https://legis.senado.leg.br/norma/586999,Regra geral interestadual.
ES,Sudeste,RS,Sul,interestadual,0.12,interestadual 12%,0.04,"Sim, se o produto/mercadoria se enquadrar na Resolução 13/2012; caso contrário, não aplicar.",https://legis.senado.leg.br/norma/586152/publicacao/15646891,https://legis.senado.leg.br/norma/586999,Regra geral interestadual.
ES,Sudeste,RO,Norte,interestadual,0.12,interestadual 12%,0.04,"Sim, se o produto/mercadoria se enquadrar na Resolução 13/2012; caso contrário, não aplicar.",https://legis.senado.leg.br/norma/586152/publicacao/15646891,https://legis.senado.leg.br/norma/586999,Regra geral interestadual.
ES,Sudeste,RR,Norte,interestadual,0.12,interestadual 12%,0.04,"Sim, se o produto/mercadoria se enquadrar na Resolução 13/2012; caso contrário, não aplicar.",https://legis.senado.leg.br/norma/586152/publicacao/15646891,https://legis.senado.leg.br/norma/586999,Regra geral interestadual.
ES,Sudeste,SC,Sul,interestadual,0.12,interestadual 12%,0.04,"Sim, se o produto/mercadoria se enquadrar na Resolução 13/2012; caso contrário, não aplicar.",https://legis.senado.leg.br/norma/586152/publicacao/15646891,https://legis.senado.leg.br/norma/586999,Regra geral interestadual.
ES,Sudeste,SP,Sudeste,interestadual,0.12,interestadual 12%,0.04,"Sim, se o produto/mercadoria se enquadrar na Resolução 13/2012; caso contrário, não aplicar.",https://legis.senado.leg.br/norma/586152/publicacao/15646891,https://legis.senado.leg.br/norma/586999,Regra geral interestadual.
ES,Sudeste,SE,Nordeste,interestadual,0.12,interestadual 12%,0.04,"Sim, se o produto/mercadoria se enquadrar na Resolução 13/2012; caso contrário, não aplicar.",https://legis.senado.leg.br/norma/586152/publicacao/15646891,https://legis.senado.leg.br/norma/586999,Regra geral interestadual.
ES,Sudeste,TO,Norte,interestadual,0.12,interestadual 12%,0.04,"Sim, se o produto/mercadoria se enquadrar na Resolução 13/2012; caso contrário, não aplicar.",https://legis.senado.leg.br/norma/586152/publicacao/15646891,https://legis.senado.leg.br/norma/586999,Regra geral interestadual.
GO,Centro-Oeste,AC,Norte,interestadual,0.12,interestadual 12%,0.04,"Sim, se o produto/mercadoria se enquadrar na Resolução 13/2012; caso contrário, não aplicar.",https://legis.senado.leg.br/norma/586152/publicacao/15646891,https://legis.senado.leg.br/norma/586999,Regra geral interestadual.
GO,Centro-Oeste,AL,Nordeste,interestadual,0.12,interestadual 12%,0.04,"Sim, se o produto/mercadoria se enquadrar na Resolução 13/2012; caso contrário, não aplicar.",https://legis.senado.leg.br/norma/586152/publicacao/15646891,https://legis.senado.leg.br/norma/586999,Regra geral interestadual.
GO,Centro-Oeste,AP,Norte,interestadual,0.12,interestadual 12%,0.04,"Sim, se o produto/mercadoria se enquadrar na Resolução 13/2012; caso contrário, não aplicar.",https://legis.senado.leg.br/norma/586152/publicacao/15646891,https://legis.senado.leg.br/norma/586999,Regra geral interestadual.
GO,Centro-Oeste,AM,Norte,interestadual,0.12,interestadual 12%,0.04,"Sim, se o produto/mercadoria se enquadrar na Resolução 13/2012; caso contrário, não aplicar.",https://legis.senado.leg.br/norma/586152/publicacao/15646891,https://legis.senado.leg.br/norma/586999,Regra geral interestadual.
GO,Centro-Oeste,BA,Nordeste,interestadual,0.12,interestadual 12%,0.04,"Sim, se o produto/mercadoria se enquadrar na Resolução 13/2012; caso contrário, não aplicar.",https://legis.senado.leg.br/norma/586152/publicacao/15646891,https://legis.senado.leg.br/norma/586999,Regra geral interestadual.
GO,Centro-Oeste,CE,Nordeste,interestadual,0.12,interestadual 12%,0.04,"Sim, se o produto/mercadoria se enquadrar na Resolução 13/2012; caso contrário, não aplicar.",https://legis.senado.leg.br/norma/586152/publicacao/15646891,https://legis.senado.leg.br/norma/586999,Regra geral interestadual.
GO,Centro-Oeste,DF,Centro-Oeste,interestadual,0.12,interestadual 12%,0.04,"Sim, se o produto/mercadoria se enquadrar na Resolução 13/2012; caso contrário, não aplicar.",https://legis.senado.leg.br/norma/586152/publicacao/15646891,https://legis.senado.leg.br/norma/586999,Regra geral interestadual.
GO,Centro-Oeste,ES,Sudeste,interestadual,0.12,interestadual 12%,0.04,"Sim, se o produto/mercadoria se enquadrar na Resolução 13/2012; caso contrário, não aplicar.",https://legis.senado.leg.br/norma/586152/publicacao/15646891,https://legis.senado.leg.br/norma/586999,Regra geral interestadual.
GO,Centro-Oeste,GO,Centro-Oeste,interna,,operação interna,,"Sim, se o produto/mercadoria se enquadrar na Resolução 13/2012; caso contrário, não aplicar.",https://legis.senado.leg.br/norma/586152/publicacao/15646891,https://legis.senado.leg.br/norma/586999,Usar alíquota interna da UF/dado da empresa; não aplicar regra interestadual.
GO,Centro-Oeste,MA,Nordeste,interestadual,0.12,interestadual 12%,0.04,"Sim, se o produto/mercadoria se enquadrar na Resolução 13/2012; caso contrário, não aplicar.",https://legis.senado.leg.br/norma/586152/publicacao/15646891,https://legis.senado.leg.br/norma/586999,Regra geral interestadual.
GO,Centro-Oeste,MT,Centro-Oeste,interestadual,0.12,interestadual 12%,0.04,"Sim, se o produto/mercadoria se enquadrar na Resolução 13/2012; caso contrário, não aplicar.",https://legis.senado.leg.br/norma/586152/publicacao/15646891,https://legis.senado.leg.br/norma/586999,Regra geral interestadual.
GO,Centro-Oeste,MS,Centro-Oeste,interestadual,0.12,interestadual 12%,0.04,"Sim, se o produto/mercadoria se enquadrar na Resolução 13/2012; caso contrário, não aplicar.",https://legis.senado.leg.br/norma/586152/publicacao/15646891,https://legis.senado.leg.br/norma/586999,Regra geral interestadual.
GO,Centro-Oeste,MG,Sudeste,interestadual,0.12,interestadual 12%,0.04,"Sim, se o produto/mercadoria se enquadrar na Resolução 13/2012; caso contrário, não aplicar.",https://legis.senado.leg.br/norma/586152/publicacao/15646891,https://legis.senado.leg.br/norma/586999,Regra geral interestadual.
GO,Centro-Oeste,PA,Norte,interestadual,0.12,interestadual 12%,0.04,"Sim, se o produto/mercadoria se enquadrar na Resolução 13/2012; caso contrário, não aplicar.",https://legis.senado.leg.br/norma/586152/publicacao/15646891,https://legis.senado.leg.br/norma/586999,Regra geral interestadual.
GO,Centro-Oeste,PB,Nordeste,interestadual,0.12,interestadual 12%,0.04,"Sim, se o produto/mercadoria se enquadrar na Resolução 13/2012; caso contrário, não aplicar.",https://legis.senado.leg.br/norma/586152/publicacao/15646891,https://legis.senado.leg.br/norma/586999,Regra geral interestadual.
GO,Centro-Oeste,PR,Sul,interestadual,0.12,interestadual 12%,0.04,"Sim, se o produto/mercadoria se enquadrar na Resolução 13/2012; caso contrário, não aplicar.",https://legis.senado.leg.br/norma/586152/publicacao/15646891,https://legis.senado.leg.br/norma/586999,Regra geral interestadual.
GO,Centro-Oeste,PE,Nordeste,interestadual,0.12,interestadual 12%,0.04,"Sim, se o produto/mercadoria se enquadrar na Resolução 13/2012; caso contrário, não aplicar.",https://legis.senado.leg.br/norma/586152/publicacao/15646891,https://legis.senado.leg.br/norma/586999,Regra geral interestadual.
GO,Centro-Oeste,PI,Nordeste,interestadual,0.12,interestadual 12%,0.04,"Sim, se o produto/mercadoria se enquadrar na Resolução 13/2012; caso contrário, não aplicar.",https://legis.senado.leg.br/norma/586152/publicacao/15646891,https://legis.senado.leg.br/norma/586999,Regra geral interestadual.
GO,Centro-Oeste,RJ,Sudeste,interestadual,0.12,interestadual 12%,0.04,"Sim, se o produto/mercadoria se enquadrar na Resolução 13/2012; caso contrário, não aplicar.",https://legis.senado.leg.br/norma/586152/publicacao/15646891,https://legis.senado.leg.br/norma/586999,Regra geral interestadual.
GO,Centro-Oeste,RN,Nordeste,interestadual,0.12,interestadual 12%,0.04,"Sim, se o produto/mercadoria se enquadrar na Resolução 13/2012; caso contrário, não aplicar.",https://legis.senado.leg.br/norma/586152/publicacao/15646891,https://legis.senado.leg.br/norma/586999,Regra geral interestadual.
GO,Centro-Oeste,RS,Sul,interestadual,0.12,interestadual 12%,0.04,"Sim, se o produto/mercadoria se enquadrar na Resolução 13/2012; caso contrário, não aplicar.",https://legis.senado.leg.br/norma/586152/publicacao/15646891,https://legis.senado.leg.br/norma/586999,Regra geral interestadual.
GO,Centro-Oeste,RO,Norte,interestadual,0.12,interestadual 12%,0.04,"Sim, se o produto/mercadoria se enquadrar na Resolução 13/2012; caso contrário, não aplicar.",https://legis.senado.leg.br/norma/586152/publicacao/15646891,https://legis.senado.leg.br/norma/586999,Regra geral interestadual.
GO,Centro-Oeste,RR,Norte,interestadual,0.12,interestadual 12%,0.04,"Sim, se o produto/mercadoria se enquadrar na Resolução 13/2012; caso contrário, não aplicar.",https://legis.senado.leg.br/norma/586152/publicacao/15646891,https://legis.senado.leg.br/norma/586999,Regra geral interestadual.
GO,Centro-Oeste,SC,Sul,interestadual,0.12,interestadual 12%,0.04,"Sim, se o produto/mercadoria se enquadrar na Resolução 13/2012; caso contrário, não aplicar.",https://legis.senado.leg.br/norma/586152/publicacao/15646891,https://legis.senado.leg.br/norma/586999,Regra geral interestadual.
GO,Centro-Oeste,SP,Sudeste,interestadual,0.12,interestadual 12%,0.04,"Sim, se o produto/mercadoria se enquadrar na Resolução 13/2012; caso contrário, não aplicar.",https://legis.senado.leg.br/norma/586152/publicacao/15646891,https://legis.senado.leg.br/norma/586999,Regra geral interestadual.
GO,Centro-Oeste,SE,Nordeste,interestadual,0.12,interestadual 12%,0.04,"Sim, se o produto/mercadoria se enquadrar na Resolução 13/2012; caso contrário, não aplicar.",https://legis.senado.leg.br/norma/586152/publicacao/15646891,https://legis.senado.leg.br/norma/586999,Regra geral interestadual.
GO,Centro-Oeste,TO,Norte,interestadual,0.12,interestadual 12%,0.04,"Sim, se o produto/mercadoria se enquadrar na Resolução 13/2012; caso contrário, não aplicar.",https://legis.senado.leg.br/norma/586152/publicacao/15646891,https://legis.senado.leg.br/norma/586999,Regra geral interestadual.
MA,Nordeste,AC,Norte,interestadual,0.12,interestadual 12%,0.04,"Sim, se o produto/mercadoria se enquadrar na Resolução 13/2012; caso contrário, não aplicar.",https://legis.senado.leg.br/norma/586152/publicacao/15646891,https://legis.senado.leg.br/norma/586999,Regra geral interestadual.
MA,Nordeste,AL,Nordeste,interestadual,0.12,interestadual 12%,0.04,"Sim, se o produto/mercadoria se enquadrar na Resolução 13/2012; caso contrário, não aplicar.",https://legis.senado.leg.br/norma/586152/publicacao/15646891,https://legis.senado.leg.br/norma/586999,Regra geral interestadual.
MA,Nordeste,AP,Norte,interestadual,0.12,interestadual 12%,0.04,"Sim, se o produto/mercadoria se enquadrar na Resolução 13/2012; caso contrário, não aplicar.",https://legis.senado.leg.br/norma/586152/publicacao/15646891,https://legis.senado.leg.br/norma/586999,Regra geral interestadual.
MA,Nordeste,AM,Norte,interestadual,0.12,interestadual 12%,0.04,"Sim, se o produto/mercadoria se enquadrar na Resolução 13/2012; caso contrário, não aplicar.",https://legis.senado.leg.br/norma/586152/publicacao/15646891,https://legis.senado.leg.br/norma/586999,Regra geral interestadual.
MA,Nordeste,BA,Nordeste,interestadual,0.12,interestadual 12%,0.04,"Sim, se o produto/mercadoria se enquadrar na Resolução 13/2012; caso contrário, não aplicar.",https://legis.senado.leg.br/norma/586152/publicacao/15646891,https://legis.senado.leg.br/norma/586999,Regra geral interestadual.
MA,Nordeste,CE,Nordeste,interestadual,0.12,interestadual 12%,0.04,"Sim, se o produto/mercadoria se enquadrar na Resolução 13/2012; caso contrário, não aplicar.",https://legis.senado.leg.br/norma/586152/publicacao/15646891,https://legis.senado.leg.br/norma/586999,Regra geral interestadual.
MA,Nordeste,DF,Centro-Oeste,interestadual,0.12,interestadual 12%,0.04,"Sim, se o produto/mercadoria se enquadrar na Resolução 13/2012; caso contrário, não aplicar.",https://legis.senado.leg.br/norma/586152/publicacao/15646891,https://legis.senado.leg.br/norma/586999,Regra geral interestadual.
MA,Nordeste,ES,Sudeste,interestadual,0.12,interestadual 12%,0.04,"Sim, se o produto/mercadoria se enquadrar na Resolução 13/2012; caso contrário, não aplicar.",https://legis.senado.leg.br/norma/586152/publicacao/15646891,https://legis.senado.leg.br/norma/586999,Regra geral interestadual.
MA,Nordeste,GO,Centro-Oeste,interestadual,0.12,interestadual 12%,0.04,"Sim, se o produto/mercadoria se enquadrar na Resolução 13/2012; caso contrário, não aplicar.",https://legis.senado.leg.br/norma/586152/publicacao/15646891,https://legis.senado.leg.br/norma/586999,Regra geral interestadual.
MA,Nordeste,MA,Nordeste,interna,,operação interna,,"Sim, se o produto/mercadoria se enquadrar na Resolução 13/2012; caso contrário, não aplicar.",https://legis.senado.leg.br/norma/586152/publicacao/15646891,https://legis.senado.leg.br/norma/586999,Usar alíquota interna da UF/dado da empresa; não aplicar regra interestadual.
MA,Nordeste,MT,Centro-Oeste,interestadual,0.12,interestadual 12%,0.04,"Sim, se o produto/mercadoria se enquadrar na Resolução 13/2012; caso contrário, não aplicar.",https://legis.senado.leg.br/norma/586152/publicacao/15646891,https://legis.senado.leg.br/norma/586999,Regra geral interestadual.
MA,Nordeste,MS,Centro-Oeste,interestadual,0.12,interestadual 12%,0.04,"Sim, se o produto/mercadoria se enquadrar na Resolução 13/2012; caso contrário, não aplicar.",https://legis.senado.leg.br/norma/586152/publicacao/15646891,https://legis.senado.leg.br/norma/586999,Regra geral interestadual.
MA,Nordeste,MG,Sudeste,interestadual,0.12,interestadual 12%,0.04,"Sim, se o produto/mercadoria se enquadrar na Resolução 13/2012; caso contrário, não aplicar.",https://legis.senado.leg.br/norma/586152/publicacao/15646891,https://legis.senado.leg.br/norma/586999,Regra geral interestadual.
MA,Nordeste,PA,Norte,interestadual,0.12,interestadual 12%,0.04,"Sim, se o produto/mercadoria se enquadrar na Resolução 13/2012; caso contrário, não aplicar.",https://legis.senado.leg.br/norma/586152/publicacao/15646891,https://legis.senado.leg.br/norma/586999,Regra geral interestadual.
MA,Nordeste,PB,Nordeste,interestadual,0.12,interestadual 12%,0.04,"Sim, se o produto/mercadoria se enquadrar na Resolução 13/2012; caso contrário, não aplicar.",https://legis.senado.leg.br/norma/586152/publicacao/15646891,https://legis.senado.leg.br/norma/586999,Regra geral interestadual.
MA,Nordeste,PR,Sul,interestadual,0.12,interestadual 12%,0.04,"Sim, se o produto/mercadoria se enquadrar na Resolução 13/2012; caso contrário, não aplicar.",https://legis.senado.leg.br/norma/586152/publicacao/15646891,https://legis.senado.leg.br/norma/586999,Regra geral interestadual.
MA,Nordeste,PE,Nordeste,interestadual,0.12,interestadual 12%,0.04,"Sim, se o produto/mercadoria se enquadrar na Resolução 13/2012; caso contrário, não aplicar.",https://legis.senado.leg.br/norma/586152/publicacao/15646891,https://legis.senado.leg.br/norma/586999,Regra geral interestadual.
MA,Nordeste,PI,Nordeste,interestadual,0.12,interestadual 12%,0.04,"Sim, se o produto/mercadoria se enquadrar na Resolução 13/2012; caso contrário, não aplicar.",https://legis.senado.leg.br/norma/586152/publicacao/15646891,https://legis.senado.leg.br/norma/586999,Regra geral interestadual.
MA,Nordeste,RJ,Sudeste,interestadual,0.12,interestadual 12%,0.04,"Sim, se o produto/mercadoria se enquadrar na Resolução 13/2012; caso contrário, não aplicar.",https://legis.senado.leg.br/norma/586152/publicacao/15646891,https://legis.senado.leg.br/norma/586999,Regra geral interestadual.
MA,Nordeste,RN,Nordeste,interestadual,0.12,interestadual 12%,0.04,"Sim, se o produto/mercadoria se enquadrar na Resolução 13/2012; caso contrário, não aplicar.",https://legis.senado.leg.br/norma/586152/publicacao/15646891,https://legis.senado.leg.br/norma/586999,Regra geral interestadual.
MA,Nordeste,RS,Sul,interestadual,0.12,interestadual 12%,0.04,"Sim, se o produto/mercadoria se enquadrar na Resolução 13/2012; caso contrário, não aplicar.",https://legis.senado.leg.br/norma/586152/publicacao/15646891,https://legis.senado.leg.br/norma/586999,Regra geral interestadual.
MA,Nordeste,RO,Norte,interestadual,0.12,interestadual 12%,0.04,"Sim, se o produto/mercadoria se enquadrar na Resolução 13/2012; caso contrário, não aplicar.",https://legis.senado.leg.br/norma/586152/publicacao/15646891,https://legis.senado.leg.br/norma/586999,Regra geral interestadual.
MA,Nordeste,RR,Norte,interestadual,0.12,interestadual 12%,0.04,"Sim, se o produto/mercadoria se enquadrar na Resolução 13/2012; caso contrário, não aplicar.",https://legis.senado.leg.br/norma/586152/publicacao/15646891,https://legis.senado.leg.br/norma/586999,Regra geral interestadual.
MA,Nordeste,SC,Sul,interestadual,0.12,interestadual 12%,0.04,"Sim, se o produto/mercadoria se enquadrar na Resolução 13/2012; caso contrário, não aplicar.",https://legis.senado.leg.br/norma/586152/publicacao/15646891,https://legis.senado.leg.br/norma/586999,Regra geral interestadual.
MA,Nordeste,SP,Sudeste,interestadual,0.12,interestadual 12%,0.04,"Sim, se o produto/mercadoria se enquadrar na Resolução 13/2012; caso contrário, não aplicar.",https://legis.senado.leg.br/norma/586152/publicacao/15646891,https://legis.senado.leg.br/norma/586999,Regra geral interestadual.
MA,Nordeste,SE,Nordeste,interestadual,0.12,interestadual 12%,0.04,"Sim, se o produto/mercadoria se enquadrar na Resolução 13/2012; caso contrário, não aplicar.",https://legis.senado.leg.br/norma/586152/publicacao/15646891,https://legis.senado.leg.br/norma/586999,Regra geral interestadual.
MA,Nordeste,TO,Norte,interestadual,0.12,interestadual 12%,0.04,"Sim, se o produto/mercadoria se enquadrar na Resolução 13/2012; caso contrário, não aplicar.",https://legis.senado.leg.br/norma/586152/publicacao/15646891,https://legis.senado.leg.br/norma/586999,Regra geral interestadual.
MT,Centro-Oeste,AC,Norte,interestadual,0.12,interestadual 12%,0.04,"Sim, se o produto/mercadoria se enquadrar na Resolução 13/2012; caso contrário, não aplicar.",https://legis.senado.leg.br/norma/586152/publicacao/15646891,https://legis.senado.leg.br/norma/586999,Regra geral interestadual.
MT,Centro-Oeste,AL,Nordeste,interestadual,0.12,interestadual 12%,0.04,"Sim, se o produto/mercadoria se enquadrar na Resolução 13/2012; caso contrário, não aplicar.",https://legis.senado.leg.br/norma/586152/publicacao/15646891,https://legis.senado.leg.br/norma/586999,Regra geral interestadual.
MT,Centro-Oeste,AP,Norte,interestadual,0.12,interestadual 12%,0.04,"Sim, se o produto/mercadoria se enquadrar na Resolução 13/2012; caso contrário, não aplicar.",https://legis.senado.leg.br/norma/586152/publicacao/15646891,https://legis.senado.leg.br/norma/586999,Regra geral interestadual.
MT,Centro-Oeste,AM,Norte,interestadual,0.12,interestadual 12%,0.04,"Sim, se o produto/mercadoria se enquadrar na Resolução 13/2012; caso contrário, não aplicar.",https://legis.senado.leg.br/norma/586152/publicacao/15646891,https://legis.senado.leg.br/norma/586999,Regra geral interestadual.
MT,Centro-Oeste,BA,Nordeste,interestadual,0.12,interestadual 12%,0.04,"Sim, se o produto/mercadoria se enquadrar na Resolução 13/2012; caso contrário, não aplicar.",https://legis.senado.leg.br/norma/586152/publicacao/15646891,https://legis.senado.leg.br/norma/586999,Regra geral interestadual.
MT,Centro-Oeste,CE,Nordeste,interestadual,0.12,interestadual 12%,0.04,"Sim, se o produto/mercadoria se enquadrar na Resolução 13/2012; caso contrário, não aplicar.",https://legis.senado.leg.br/norma/586152/publicacao/15646891,https://legis.senado.leg.br/norma/586999,Regra geral interestadual.
MT,Centro-Oeste,DF,Centro-Oeste,interestadual,0.12,interestadual 12%,0.04,"Sim, se o produto/mercadoria se enquadrar na Resolução 13/2012; caso contrário, não aplicar.",https://legis.senado.leg.br/norma/586152/publicacao/15646891,https://legis.senado.leg.br/norma/586999,Regra geral interestadual.
MT,Centro-Oeste,ES,Sudeste,interestadual,0.12,interestadual 12%,0.04,"Sim, se o produto/mercadoria se enquadrar na Resolução 13/2012; caso contrário, não aplicar.",https://legis.senado.leg.br/norma/586152/publicacao/15646891,https://legis.senado.leg.br/norma/586999,Regra geral interestadual.
MT,Centro-Oeste,GO,Centro-Oeste,interestadual,0.12,interestadual 12%,0.04,"Sim, se o produto/mercadoria se enquadrar na Resolução 13/2012; caso contrário, não aplicar.",https://legis.senado.leg.br/norma/586152/publicacao/15646891,https://legis.senado.leg.br/norma/586999,Regra geral interestadual.
MT,Centro-Oeste,MA,Nordeste,interestadual,0.12,interestadual 12%,0.04,"Sim, se o produto/mercadoria se enquadrar na Resolução 13/2012; caso contrário, não aplicar.",https://legis.senado.leg.br/norma/586152/publicacao/15646891,https://legis.senado.leg.br/norma/586999,Regra geral interestadual.
MT,Centro-Oeste,MT,Centro-Oeste,interna,,operação interna,,"Sim, se o produto/mercadoria se enquadrar na Resolução 13/2012; caso contrário, não aplicar.",https://legis.senado.leg.br/norma/586152/publicacao/15646891,https://legis.senado.leg.br/norma/586999,Usar alíquota interna da UF/dado da empresa; não aplicar regra interestadual.
MT,Centro-Oeste,MS,Centro-Oeste,interestadual,0.12,interestadual 12%,0.04,"Sim, se o produto/mercadoria se enquadrar na Resolução 13/2012; caso contrário, não aplicar.",https://legis.senado.leg.br/norma/586152/publicacao/15646891,https://legis.senado.leg.br/norma/586999,Regra geral interestadual.
MT,Centro-Oeste,MG,Sudeste,interestadual,0.12,interestadual 12%,0.04,"Sim, se o produto/mercadoria se enquadrar na Resolução 13/2012; caso contrário, não aplicar.",https://legis.senado.leg.br/norma/586152/publicacao/15646891,https://legis.senado.leg.br/norma/586999,Regra geral interestadual.
MT,Centro-Oeste,PA,Norte,interestadual,0.12,interestadual 12%,0.04,"Sim, se o produto/mercadoria se enquadrar na Resolução 13/2012; caso contrário, não aplicar.",https://legis.senado.leg.br/norma/586152/publicacao/15646891,https://legis.senado.leg.br/norma/586999,Regra geral interestadual.
MT,Centro-Oeste,PB,Nordeste,interestadual,0.12,interestadual 12%,0.04,"Sim, se o produto/mercadoria se enquadrar na Resolução 13/2012; caso contrário, não aplicar.",https://legis.senado.leg.br/norma/586152/publicacao/15646891,https://legis.senado.leg.br/norma/586999,Regra geral interestadual.
MT,Centro-Oeste,PR,Sul,interestadual,0.12,interestadual 12%,0.04,"Sim, se o produto/mercadoria se enquadrar na Resolução 13/2012; caso contrário, não aplicar.",https://legis.senado.leg.br/norma/586152/publicacao/15646891,https://legis.senado.leg.br/norma/586999,Regra geral interestadual.
MT,Centro-Oeste,PE,Nordeste,interestadual,0.12,interestadual 12%,0.04,"Sim, se o produto/mercadoria se enquadrar na Resolução 13/2012; caso contrário, não aplicar.",https://legis.senado.leg.br/norma/586152/publicacao/15646891,https://legis.senado.leg.br/norma/586999,Regra geral interestadual.
MT,Centro-Oeste,PI,Nordeste,interestadual,0.12,interestadual 12%,0.04,"Sim, se o produto/mercadoria se enquadrar na Resolução 13/2012; caso contrário, não aplicar.",https://legis.senado.leg.br/norma/586152/publicacao/15646891,https://legis.senado.leg.br/norma/586999,Regra geral interestadual.
MT,Centro-Oeste,RJ,Sudeste,interestadual,0.12,interestadual 12%,0.04,"Sim, se o produto/mercadoria se enquadrar na Resolução 13/2012; caso contrário, não aplicar.",https://legis.senado.leg.br/norma/586152/publicacao/15646891,https://legis.senado.leg.br/norma/586999,Regra geral interestadual.
MT,Centro-Oeste,RN,Nordeste,interestadual,0.12,interestadual 12%,0.04,"Sim, se o produto/mercadoria se enquadrar na Resolução 13/2012; caso contrário, não aplicar.",https://legis.senado.leg.br/norma/586152/publicacao/15646891,https://legis.senado.leg.br/norma/586999,Regra geral interestadual.
MT,Centro-Oeste,RS,Sul,interestadual,0.12,interestadual 12%,0.04,"Sim, se o produto/mercadoria se enquadrar na Resolução 13/2012; caso contrário, não aplicar.",https://legis.senado.leg.br/norma/586152/publicacao/15646891,https://legis.senado.leg.br/norma/586999,Regra geral interestadual.
MT,Centro-Oeste,RO,Norte,interestadual,0.12,interestadual 12%,0.04,"Sim, se o produto/mercadoria se enquadrar na Resolução 13/2012; caso contrário, não aplicar.",https://legis.senado.leg.br/norma/586152/publicacao/15646891,https://legis.senado.leg.br/norma/586999,Regra geral interestadual.
MT,Centro-Oeste,RR,Norte,interestadual,0.12,interestadual 12%,0.04,"Sim, se o produto/mercadoria se enquadrar na Resolução 13/2012; caso contrário, não aplicar.",https://legis.senado.leg.br/norma/586152/publicacao/15646891,https://legis.senado.leg.br/norma/586999,Regra geral interestadual.
MT,Centro-Oeste,SC,Sul,interestadual,0.12,interestadual 12%,0.04,"Sim, se o produto/mercadoria se enquadrar na Resolução 13/2012; caso contrário, não aplicar.",https://legis.senado.leg.br/norma/586152/publicacao/15646891,https://legis.senado.leg.br/norma/586999,Regra geral interestadual.
MT,Centro-Oeste,SP,Sudeste,interestadual,0.12,interestadual 12%,0.04,"Sim, se o produto/mercadoria se enquadrar na Resolução 13/2012; caso contrário, não aplicar.",https://legis.senado.leg.br/norma/586152/publicacao/15646891,https://legis.senado.leg.br/norma/586999,Regra geral interestadual.
MT,Centro-Oeste,SE,Nordeste,interestadual,0.12,interestadual 12%,0.04,"Sim, se o produto/mercadoria se enquadrar na Resolução 13/2012; caso contrário, não aplicar.",https://legis.senado.leg.br/norma/586152/publicacao/15646891,https://legis.senado.leg.br/norma/586999,Regra geral interestadual.
MT,Centro-Oeste,TO,Norte,interestadual,0.12,interestadual 12%,0.04,"Sim, se o produto/mercadoria se enquadrar na Resolução 13/2012; caso contrário, não aplicar.",https://legis.senado.leg.br/norma/586152/publicacao/15646891,https://legis.senado.leg.br/norma/586999,Regra geral interestadual.
MS,Centro-Oeste,AC,Norte,interestadual,0.12,interestadual 12%,0.04,"Sim, se o produto/mercadoria se enquadrar na Resolução 13/2012; caso contrário, não aplicar.",https://legis.senado.leg.br/norma/586152/publicacao/15646891,https://legis.senado.leg.br/norma/586999,Regra geral interestadual.
MS,Centro-Oeste,AL,Nordeste,interestadual,0.12,interestadual 12%,0.04,"Sim, se o produto/mercadoria se enquadrar na Resolução 13/2012; caso contrário, não aplicar.",https://legis.senado.leg.br/norma/586152/publicacao/15646891,https://legis.senado.leg.br/norma/586999,Regra geral interestadual.
MS,Centro-Oeste,AP,Norte,interestadual,0.12,interestadual 12%,0.04,"Sim, se o produto/mercadoria se enquadrar na Resolução 13/2012; caso contrário, não aplicar.",https://legis.senado.leg.br/norma/586152/publicacao/15646891,https://legis.senado.leg.br/norma/586999,Regra geral interestadual.
MS,Centro-Oeste,AM,Norte,interestadual,0.12,interestadual 12%,0.04,"Sim, se o produto/mercadoria se enquadrar na Resolução 13/2012; caso contrário, não aplicar.",https://legis.senado.leg.br/norma/586152/publicacao/15646891,https://legis.senado.leg.br/norma/586999,Regra geral interestadual.
MS,Centro-Oeste,BA,Nordeste,interestadual,0.12,interestadual 12%,0.04,"Sim, se o produto/mercadoria se enquadrar na Resolução 13/2012; caso contrário, não aplicar.",https://legis.senado.leg.br/norma/586152/publicacao/15646891,https://legis.senado.leg.br/norma/586999,Regra geral interestadual.
MS,Centro-Oeste,CE,Nordeste,interestadual,0.12,interestadual 12%,0.04,"Sim, se o produto/mercadoria se enquadrar na Resolução 13/2012; caso contrário, não aplicar.",https://legis.senado.leg.br/norma/586152/publicacao/15646891,https://legis.senado.leg.br/norma/586999,Regra geral interestadual.
MS,Centro-Oeste,DF,Centro-Oeste,interestadual,0.12,interestadual 12%,0.04,"Sim, se o produto/mercadoria se enquadrar na Resolução 13/2012; caso contrário, não aplicar.",https://legis.senado.leg.br/norma/586152/publicacao/15646891,https://legis.senado.leg.br/norma/586999,Regra geral interestadual.
MS,Centro-Oeste,ES,Sudeste,interestadual,0.12,interestadual 12%,0.04,"Sim, se o produto/mercadoria se enquadrar na Resolução 13/2012; caso contrário, não aplicar.",https://legis.senado.leg.br/norma/586152/publicacao/15646891,https://legis.senado.leg.br/norma/586999,Regra geral interestadual.
MS,Centro-Oeste,GO,Centro-Oeste,interestadual,0.12,interestadual 12%,0.04,"Sim, se o produto/mercadoria se enquadrar na Resolução 13/2012; caso contrário, não aplicar.",https://legis.senado.leg.br/norma/586152/publicacao/15646891,https://legis.senado.leg.br/norma/586999,Regra geral interestadual.
MS,Centro-Oeste,MA,Nordeste,interestadual,0.12,interestadual 12%,0.04,"Sim, se o produto/mercadoria se enquadrar na Resolução 13/2012; caso contrário, não aplicar.",https://legis.senado.leg.br/norma/586152/publicacao/15646891,https://legis.senado.leg.br/norma/586999,Regra geral interestadual.
MS,Centro-Oeste,MT,Centro-Oeste,interestadual,0.12,interestadual 12%,0.04,"Sim, se o produto/mercadoria se enquadrar na Resolução 13/2012; caso contrário, não aplicar.",https://legis.senado.leg.br/norma/586152/publicacao/15646891,https://legis.senado.leg.br/norma/586999,Regra geral interestadual.
MS,Centro-Oeste,MS,Centro-Oeste,interna,,operação interna,,"Sim, se o produto/mercadoria se enquadrar na Resolução 13/2012; caso contrário, não aplicar.",https://legis.senado.leg.br/norma/586152/publicacao/15646891,https://legis.senado.leg.br/norma/586999,Usar alíquota interna da UF/dado da empresa; não aplicar regra interestadual.
MS,Centro-Oeste,MG,Sudeste,interestadual,0.12,interestadual 12%,0.04,"Sim, se o produto/mercadoria se enquadrar na Resolução 13/2012; caso contrário, não aplicar.",https://legis.senado.leg.br/norma/586152/publicacao/15646891,https://legis.senado.leg.br/norma/586999,Regra geral interestadual.
MS,Centro-Oeste,PA,Norte,interestadual,0.12,interestadual 12%,0.04,"Sim, se o produto/mercadoria se enquadrar na Resolução 13/2012; caso contrário, não aplicar.",https://legis.senado.leg.br/norma/586152/publicacao/15646891,https://legis.senado.leg.br/norma/586999,Regra geral interestadual.
MS,Centro-Oeste,PB,Nordeste,interestadual,0.12,interestadual 12%,0.04,"Sim, se o produto/mercadoria se enquadrar na Resolução 13/2012; caso contrário, não aplicar.",https://legis.senado.leg.br/norma/586152/publicacao/15646891,https://legis.senado.leg.br/norma/586999,Regra geral interestadual.
MS,Centro-Oeste,PR,Sul,interestadual,0.12,interestadual 12%,0.04,"Sim, se o produto/mercadoria se enquadrar na Resolução 13/2012; caso contrário, não aplicar.",https://legis.senado.leg.br/norma/586152/publicacao/15646891,https://legis.senado.leg.br/norma/586999,Regra geral interestadual.
MS,Centro-Oeste,PE,Nordeste,interestadual,0.12,interestadual 12%,0.04,"Sim, se o produto/mercadoria se enquadrar na Resolução 13/2012; caso contrário, não aplicar.",https://legis.senado.leg.br/norma/586152/publicacao/15646891,https://legis.senado.leg.br/norma/586999,Regra geral interestadual.
MS,Centro-Oeste,PI,Nordeste,interestadual,0.12,interestadual 12%,0.04,"Sim, se o produto/mercadoria se enquadrar na Resolução 13/2012; caso contrário, não aplicar.",https://legis.senado.leg.br/norma/586152/publicacao/15646891,https://legis.senado.leg.br/norma/586999,Regra geral interestadual.
MS,Centro-Oeste,RJ,Sudeste,interestadual,0.12,interestadual 12%,0.04,"Sim, se o produto/mercadoria se enquadrar na Resolução 13/2012; caso contrário, não aplicar.",https://legis.senado.leg.br/norma/586152/publicacao/15646891,https://legis.senado.leg.br/norma/586999,Regra geral interestadual.
MS,Centro-Oeste,RN,Nordeste,interestadual,0.12,interestadual 12%,0.04,"Sim, se o produto/mercadoria se enquadrar na Resolução 13/2012; caso contrário, não aplicar.",https://legis.senado.leg.br/norma/586152/publicacao/15646891,https://legis.senado.leg.br/norma/586999,Regra geral interestadual.
MS,Centro-Oeste,RS,Sul,interestadual,0.12,interestadual 12%,0.04,"Sim, se o produto/mercadoria se enquadrar na Resolução 13/2012; caso contrário, não aplicar.",https://legis.senado.leg.br/norma/586152/publicacao/15646891,https://legis.senado.leg.br/norma/586999,Regra geral interestadual.
MS,Centro-Oeste,RO,Norte,interestadual,0.12,interestadual 12%,0.04,"Sim, se o produto/mercadoria se enquadrar na Resolução 13/2012; caso contrário, não aplicar.",https://legis.senado.leg.br/norma/586152/publicacao/15646891,https://legis.senado.leg.br/norma/586999,Regra geral interestadual.
MS,Centro-Oeste,RR,Norte,interestadual,0.12,interestadual 12%,0.04,"Sim, se o produto/mercadoria se enquadrar na Resolução 13/2012; caso contrário, não aplicar.",https://legis.senado.leg.br/norma/586152/publicacao/15646891,https://legis.senado.leg.br/norma/586999,Regra geral interestadual.
MS,Centro-Oeste,SC,Sul,interestadual,0.12,interestadual 12%,0.04,"Sim, se o produto/mercadoria se enquadrar na Resolução 13/2012; caso contrário, não aplicar.",https://legis.senado.leg.br/norma/586152/publicacao/15646891,https://legis.senado.leg.br/norma/586999,Regra geral interestadual.
MS,Centro-Oeste,SP,Sudeste,interestadual,0.12,interestadual 12%,0.04,"Sim, se o produto/mercadoria se enquadrar na Resolução 13/2012; caso contrário, não aplicar.",https://legis.senado.leg.br/norma/586152/publicacao/15646891,https://legis.senado.leg.br/norma/586999,Regra geral interestadual.
MS,Centro-Oeste,SE,Nordeste,interestadual,0.12,interestadual 12%,0.04,"Sim, se o produto/mercadoria se enquadrar na Resolução 13/2012; caso contrário, não aplicar.",https://legis.senado.leg.br/norma/586152/publicacao/15646891,https://legis.senado.leg.br/norma/586999,Regra geral interestadual.
MS,Centro-Oeste,TO,Norte,interestadual,0.12,interestadual 12%,0.04,"Sim, se o produto/mercadoria se enquadrar na Resolução 13/2012; caso contrário, não aplicar.",https://legis.senado.leg.br/norma/586152/publicacao/15646891,https://legis.senado.leg.br/norma/586999,Regra geral interestadual.
MG,Sudeste,AC,Norte,interestadual,0.07,interestadual 7%,0.04,"Sim, se o produto/mercadoria se enquadrar na Resolução 13/2012; caso contrário, não aplicar.",https://legis.senado.leg.br/norma/586152/publicacao/15646891,https://legis.senado.leg.br/norma/586999,Origem Sul/Sudeste exceto ES para Norte/Nordeste/Centro-Oeste/ES.
MG,Sudeste,AL,Nordeste,interestadual,0.07,interestadual 7%,0.04,"Sim, se o produto/mercadoria se enquadrar na Resolução 13/2012; caso contrário, não aplicar.",https://legis.senado.leg.br/norma/586152/publicacao/15646891,https://legis.senado.leg.br/norma/586999,Origem Sul/Sudeste exceto ES para Norte/Nordeste/Centro-Oeste/ES.
MG,Sudeste,AP,Norte,interestadual,0.07,interestadual 7%,0.04,"Sim, se o produto/mercadoria se enquadrar na Resolução 13/2012; caso contrário, não aplicar.",https://legis.senado.leg.br/norma/586152/publicacao/15646891,https://legis.senado.leg.br/norma/586999,Origem Sul/Sudeste exceto ES para Norte/Nordeste/Centro-Oeste/ES.
MG,Sudeste,AM,Norte,interestadual,0.07,interestadual 7%,0.04,"Sim, se o produto/mercadoria se enquadrar na Resolução 13/2012; caso contrário, não aplicar.",https://legis.senado.leg.br/norma/586152/publicacao/15646891,https://legis.senado.leg.br/norma/586999,Origem Sul/Sudeste exceto ES para Norte/Nordeste/Centro-Oeste/ES.
MG,Sudeste,BA,Nordeste,interestadual,0.07,interestadual 7%,0.04,"Sim, se o produto/mercadoria se enquadrar na Resolução 13/2012; caso contrário, não aplicar.",https://legis.senado.leg.br/norma/586152/publicacao/15646891,https://legis.senado.leg.br/norma/586999,Origem Sul/Sudeste exceto ES para Norte/Nordeste/Centro-Oeste/ES.
MG,Sudeste,CE,Nordeste,interestadual,0.07,interestadual 7%,0.04,"Sim, se o produto/mercadoria se enquadrar na Resolução 13/2012; caso contrário, não aplicar.",https://legis.senado.leg.br/norma/586152/publicacao/15646891,https://legis.senado.leg.br/norma/586999,Origem Sul/Sudeste exceto ES para Norte/Nordeste/Centro-Oeste/ES.
MG,Sudeste,DF,Centro-Oeste,interestadual,0.07,interestadual 7%,0.04,"Sim, se o produto/mercadoria se enquadrar na Resolução 13/2012; caso contrário, não aplicar.",https://legis.senado.leg.br/norma/586152/publicacao/15646891,https://legis.senado.leg.br/norma/586999,Origem Sul/Sudeste exceto ES para Norte/Nordeste/Centro-Oeste/ES.
MG,Sudeste,ES,Sudeste,interestadual,0.07,interestadual 7%,0.04,"Sim, se o produto/mercadoria se enquadrar na Resolução 13/2012; caso contrário, não aplicar.",https://legis.senado.leg.br/norma/586152/publicacao/15646891,https://legis.senado.leg.br/norma/586999,Origem Sul/Sudeste exceto ES para Norte/Nordeste/Centro-Oeste/ES.
MG,Sudeste,GO,Centro-Oeste,interestadual,0.07,interestadual 7%,0.04,"Sim, se o produto/mercadoria se enquadrar na Resolução 13/2012; caso contrário, não aplicar.",https://legis.senado.leg.br/norma/586152/publicacao/15646891,https://legis.senado.leg.br/norma/586999,Origem Sul/Sudeste exceto ES para Norte/Nordeste/Centro-Oeste/ES.
MG,Sudeste,MA,Nordeste,interestadual,0.07,interestadual 7%,0.04,"Sim, se o produto/mercadoria se enquadrar na Resolução 13/2012; caso contrário, não aplicar.",https://legis.senado.leg.br/norma/586152/publicacao/15646891,https://legis.senado.leg.br/norma/586999,Origem Sul/Sudeste exceto ES para Norte/Nordeste/Centro-Oeste/ES.
MG,Sudeste,MT,Centro-Oeste,interestadual,0.07,interestadual 7%,0.04,"Sim, se o produto/mercadoria se enquadrar na Resolução 13/2012; caso contrário, não aplicar.",https://legis.senado.leg.br/norma/586152/publicacao/15646891,https://legis.senado.leg.br/norma/586999,Origem Sul/Sudeste exceto ES para Norte/Nordeste/Centro-Oeste/ES.
MG,Sudeste,MS,Centro-Oeste,interestadual,0.07,interestadual 7%,0.04,"Sim, se o produto/mercadoria se enquadrar na Resolução 13/2012; caso contrário, não aplicar.",https://legis.senado.leg.br/norma/586152/publicacao/15646891,https://legis.senado.leg.br/norma/586999,Origem Sul/Sudeste exceto ES para Norte/Nordeste/Centro-Oeste/ES.
MG,Sudeste,MG,Sudeste,interna,,operação interna,,"Sim, se o produto/mercadoria se enquadrar na Resolução 13/2012; caso contrário, não aplicar.",https://legis.senado.leg.br/norma/586152/publicacao/15646891,https://legis.senado.leg.br/norma/586999,Usar alíquota interna da UF/dado da empresa; não aplicar regra interestadual.
MG,Sudeste,PA,Norte,interestadual,0.07,interestadual 7%,0.04,"Sim, se o produto/mercadoria se enquadrar na Resolução 13/2012; caso contrário, não aplicar.",https://legis.senado.leg.br/norma/586152/publicacao/15646891,https://legis.senado.leg.br/norma/586999,Origem Sul/Sudeste exceto ES para Norte/Nordeste/Centro-Oeste/ES.
MG,Sudeste,PB,Nordeste,interestadual,0.07,interestadual 7%,0.04,"Sim, se o produto/mercadoria se enquadrar na Resolução 13/2012; caso contrário, não aplicar.",https://legis.senado.leg.br/norma/586152/publicacao/15646891,https://legis.senado.leg.br/norma/586999,Origem Sul/Sudeste exceto ES para Norte/Nordeste/Centro-Oeste/ES.
MG,Sudeste,PR,Sul,interestadual,0.12,interestadual 12%,0.04,"Sim, se o produto/mercadoria se enquadrar na Resolução 13/2012; caso contrário, não aplicar.",https://legis.senado.leg.br/norma/586152/publicacao/15646891,https://legis.senado.leg.br/norma/586999,Regra geral interestadual.
MG,Sudeste,PE,Nordeste,interestadual,0.07,interestadual 7%,0.04,"Sim, se o produto/mercadoria se enquadrar na Resolução 13/2012; caso contrário, não aplicar.",https://legis.senado.leg.br/norma/586152/publicacao/15646891,https://legis.senado.leg.br/norma/586999,Origem Sul/Sudeste exceto ES para Norte/Nordeste/Centro-Oeste/ES.
MG,Sudeste,PI,Nordeste,interestadual,0.07,interestadual 7%,0.04,"Sim, se o produto/mercadoria se enquadrar na Resolução 13/2012; caso contrário, não aplicar.",https://legis.senado.leg.br/norma/586152/publicacao/15646891,https://legis.senado.leg.br/norma/586999,Origem Sul/Sudeste exceto ES para Norte/Nordeste/Centro-Oeste/ES.
MG,Sudeste,RJ,Sudeste,interestadual,0.12,interestadual 12%,0.04,"Sim, se o produto/mercadoria se enquadrar na Resolução 13/2012; caso contrário, não aplicar.",https://legis.senado.leg.br/norma/586152/publicacao/15646891,https://legis.senado.leg.br/norma/586999,Regra geral interestadual.
MG,Sudeste,RN,Nordeste,interestadual,0.07,interestadual 7%,0.04,"Sim, se o produto/mercadoria se enquadrar na Resolução 13/2012; caso contrário, não aplicar.",https://legis.senado.leg.br/norma/586152/publicacao/15646891,https://legis.senado.leg.br/norma/586999,Origem Sul/Sudeste exceto ES para Norte/Nordeste/Centro-Oeste/ES.
MG,Sudeste,RS,Sul,interestadual,0.12,interestadual 12%,0.04,"Sim, se o produto/mercadoria se enquadrar na Resolução 13/2012; caso contrário, não aplicar.",https://legis.senado.leg.br/norma/586152/publicacao/15646891,https://legis.senado.leg.br/norma/586999,Regra geral interestadual.
MG,Sudeste,RO,Norte,interestadual,0.07,interestadual 7%,0.04,"Sim, se o produto/mercadoria se enquadrar na Resolução 13/2012; caso contrário, não aplicar.",https://legis.senado.leg.br/norma/586152/publicacao/15646891,https://legis.senado.leg.br/norma/586999,Origem Sul/Sudeste exceto ES para Norte/Nordeste/Centro-Oeste/ES.
MG,Sudeste,RR,Norte,interestadual,0.07,interestadual 7%,0.04,"Sim, se o produto/mercadoria se enquadrar na Resolução 13/2012; caso contrário, não aplicar.",https://legis.senado.leg.br/norma/586152/publicacao/15646891,https://legis.senado.leg.br/norma/586999,Origem Sul/Sudeste exceto ES para Norte/Nordeste/Centro-Oeste/ES.
MG,Sudeste,SC,Sul,interestadual,0.12,interestadual 12%,0.04,"Sim, se o produto/mercadoria se enquadrar na Resolução 13/2012; caso contrário, não aplicar.",https://legis.senado.leg.br/norma/586152/publicacao/15646891,https://legis.senado.leg.br/norma/586999,Regra geral interestadual.
MG,Sudeste,SP,Sudeste,interestadual,0.12,interestadual 12%,0.04,"Sim, se o produto/mercadoria se enquadrar na Resolução 13/2012; caso contrário, não aplicar.",https://legis.senado.leg.br/norma/586152/publicacao/15646891,https://legis.senado.leg.br/norma/586999,Regra geral interestadual.
MG,Sudeste,SE,Nordeste,interestadual,0.07,interestadual 7%,0.04,"Sim, se o produto/mercadoria se enquadrar na Resolução 13/2012; caso contrário, não aplicar.",https://legis.senado.leg.br/norma/586152/publicacao/15646891,https://legis.senado.leg.br/norma/586999,Origem Sul/Sudeste exceto ES para Norte/Nordeste/Centro-Oeste/ES.
MG,Sudeste,TO,Norte,interestadual,0.07,interestadual 7%,0.04,"Sim, se o produto/mercadoria se enquadrar na Resolução 13/2012; caso contrário, não aplicar.",https://legis.senado.leg.br/norma/586152/publicacao/15646891,https://legis.senado.leg.br/norma/586999,Origem Sul/Sudeste exceto ES para Norte/Nordeste/Centro-Oeste/ES.
PA,Norte,AC,Norte,interestadual,0.12,interestadual 12%,0.04,"Sim, se o produto/mercadoria se enquadrar na Resolução 13/2012; caso contrário, não aplicar.",https://legis.senado.leg.br/norma/586152/publicacao/15646891,https://legis.senado.leg.br/norma/586999,Regra geral interestadual.
PA,Norte,AL,Nordeste,interestadual,0.12,interestadual 12%,0.04,"Sim, se o produto/mercadoria se enquadrar na Resolução 13/2012; caso contrário, não aplicar.",https://legis.senado.leg.br/norma/586152/publicacao/15646891,https://legis.senado.leg.br/norma/586999,Regra geral interestadual.
PA,Norte,AP,Norte,interestadual,0.12,interestadual 12%,0.04,"Sim, se o produto/mercadoria se enquadrar na Resolução 13/2012; caso contrário, não aplicar.",https://legis.senado.leg.br/norma/586152/publicacao/15646891,https://legis.senado.leg.br/norma/586999,Regra geral interestadual.
PA,Norte,AM,Norte,interestadual,0.12,interestadual 12%,0.04,"Sim, se o produto/mercadoria se enquadrar na Resolução 13/2012; caso contrário, não aplicar.",https://legis.senado.leg.br/norma/586152/publicacao/15646891,https://legis.senado.leg.br/norma/586999,Regra geral interestadual.
PA,Norte,BA,Nordeste,interestadual,0.12,interestadual 12%,0.04,"Sim, se o produto/mercadoria se enquadrar na Resolução 13/2012; caso contrário, não aplicar.",https://legis.senado.leg.br/norma/586152/publicacao/15646891,https://legis.senado.leg.br/norma/586999,Regra geral interestadual.
PA,Norte,CE,Nordeste,interestadual,0.12,interestadual 12%,0.04,"Sim, se o produto/mercadoria se enquadrar na Resolução 13/2012; caso contrário, não aplicar.",https://legis.senado.leg.br/norma/586152/publicacao/15646891,https://legis.senado.leg.br/norma/586999,Regra geral interestadual.
PA,Norte,DF,Centro-Oeste,interestadual,0.12,interestadual 12%,0.04,"Sim, se o produto/mercadoria se enquadrar na Resolução 13/2012; caso contrário, não aplicar.",https://legis.senado.leg.br/norma/586152/publicacao/15646891,https://legis.senado.leg.br/norma/586999,Regra geral interestadual.
PA,Norte,ES,Sudeste,interestadual,0.12,interestadual 12%,0.04,"Sim, se o produto/mercadoria se enquadrar na Resolução 13/2012; caso contrário, não aplicar.",https://legis.senado.leg.br/norma/586152/publicacao/15646891,https://legis.senado.leg.br/norma/586999,Regra geral interestadual.
PA,Norte,GO,Centro-Oeste,interestadual,0.12,interestadual 12%,0.04,"Sim, se o produto/mercadoria se enquadrar na Resolução 13/2012; caso contrário, não aplicar.",https://legis.senado.leg.br/norma/586152/publicacao/15646891,https://legis.senado.leg.br/norma/586999,Regra geral interestadual.
PA,Norte,MA,Nordeste,interestadual,0.12,interestadual 12%,0.04,"Sim, se o produto/mercadoria se enquadrar na Resolução 13/2012; caso contrário, não aplicar.",https://legis.senado.leg.br/norma/586152/publicacao/15646891,https://legis.senado.leg.br/norma/586999,Regra geral interestadual.
PA,Norte,MT,Centro-Oeste,interestadual,0.12,interestadual 12%,0.04,"Sim, se o produto/mercadoria se enquadrar na Resolução 13/2012; caso contrário, não aplicar.",https://legis.senado.leg.br/norma/586152/publicacao/15646891,https://legis.senado.leg.br/norma/586999,Regra geral interestadual.
PA,Norte,MS,Centro-Oeste,interestadual,0.12,interestadual 12%,0.04,"Sim, se o produto/mercadoria se enquadrar na Resolução 13/2012; caso contrário, não aplicar.",https://legis.senado.leg.br/norma/586152/publicacao/15646891,https://legis.senado.leg.br/norma/586999,Regra geral interestadual.
PA,Norte,MG,Sudeste,interestadual,0.12,interestadual 12%,0.04,"Sim, se o produto/mercadoria se enquadrar na Resolução 13/2012; caso contrário, não aplicar.",https://legis.senado.leg.br/norma/586152/publicacao/15646891,https://legis.senado.leg.br/norma/586999,Regra geral interestadual.
PA,Norte,PA,Norte,interna,,operação interna,,"Sim, se o produto/mercadoria se enquadrar na Resolução 13/2012; caso contrário, não aplicar.",https://legis.senado.leg.br/norma/586152/publicacao/15646891,https://legis.senado.leg.br/norma/586999,Usar alíquota interna da UF/dado da empresa; não aplicar regra interestadual.
PA,Norte,PB,Nordeste,interestadual,0.12,interestadual 12%,0.04,"Sim, se o produto/mercadoria se enquadrar na Resolução 13/2012; caso contrário, não aplicar.",https://legis.senado.leg.br/norma/586152/publicacao/15646891,https://legis.senado.leg.br/norma/586999,Regra geral interestadual.
PA,Norte,PR,Sul,interestadual,0.12,interestadual 12%,0.04,"Sim, se o produto/mercadoria se enquadrar na Resolução 13/2012; caso contrário, não aplicar.",https://legis.senado.leg.br/norma/586152/publicacao/15646891,https://legis.senado.leg.br/norma/586999,Regra geral interestadual.
PA,Norte,PE,Nordeste,interestadual,0.12,interestadual 12%,0.04,"Sim, se o produto/mercadoria se enquadrar na Resolução 13/2012; caso contrário, não aplicar.",https://legis.senado.leg.br/norma/586152/publicacao/15646891,https://legis.senado.leg.br/norma/586999,Regra geral interestadual.
PA,Norte,PI,Nordeste,interestadual,0.12,interestadual 12%,0.04,"Sim, se o produto/mercadoria se enquadrar na Resolução 13/2012; caso contrário, não aplicar.",https://legis.senado.leg.br/norma/586152/publicacao/15646891,https://legis.senado.leg.br/norma/586999,Regra geral interestadual.
PA,Norte,RJ,Sudeste,interestadual,0.12,interestadual 12%,0.04,"Sim, se o produto/mercadoria se enquadrar na Resolução 13/2012; caso contrário, não aplicar.",https://legis.senado.leg.br/norma/586152/publicacao/15646891,https://legis.senado.leg.br/norma/586999,Regra geral interestadual.
PA,Norte,RN,Nordeste,interestadual,0.12,interestadual 12%,0.04,"Sim, se o produto/mercadoria se enquadrar na Resolução 13/2012; caso contrário, não aplicar.",https://legis.senado.leg.br/norma/586152/publicacao/15646891,https://legis.senado.leg.br/norma/586999,Regra geral interestadual.
PA,Norte,RS,Sul,interestadual,0.12,interestadual 12%,0.04,"Sim, se o produto/mercadoria se enquadrar na Resolução 13/2012; caso contrário, não aplicar.",https://legis.senado.leg.br/norma/586152/publicacao/15646891,https://legis.senado.leg.br/norma/586999,Regra geral interestadual.
PA,Norte,RO,Norte,interestadual,0.12,interestadual 12%,0.04,"Sim, se o produto/mercadoria se enquadrar na Resolução 13/2012; caso contrário, não aplicar.",https://legis.senado.leg.br/norma/586152/publicacao/15646891,https://legis.senado.leg.br/norma/586999,Regra geral interestadual.
PA,Norte,RR,Norte,interestadual,0.12,interestadual 12%,0.04,"Sim, se o produto/mercadoria se enquadrar na Resolução 13/2012; caso contrário, não aplicar.",https://legis.senado.leg.br/norma/586152/publicacao/15646891,https://legis.senado.leg.br/norma/586999,Regra geral interestadual.
PA,Norte,SC,Sul,interestadual,0.12,interestadual 12%,0.04,"Sim, se o produto/mercadoria se enquadrar na Resolução 13/2012; caso contrário, não aplicar.",https://legis.senado.leg.br/norma/586152/publicacao/15646891,https://legis.senado.leg.br/norma/586999,Regra geral interestadual.
PA,Norte,SP,Sudeste,interestadual,0.12,interestadual 12%,0.04,"Sim, se o produto/mercadoria se enquadrar na Resolução 13/2012; caso contrário, não aplicar.",https://legis.senado.leg.br/norma/586152/publicacao/15646891,https://legis.senado.leg.br/norma/586999,Regra geral interestadual.
PA,Norte,SE,Nordeste,interestadual,0.12,interestadual 12%,0.04,"Sim, se o produto/mercadoria se enquadrar na Resolução 13/2012; caso contrário, não aplicar.",https://legis.senado.leg.br/norma/586152/publicacao/15646891,https://legis.senado.leg.br/norma/586999,Regra geral interestadual.
PA,Norte,TO,Norte,interestadual,0.12,interestadual 12%,0.04,"Sim, se o produto/mercadoria se enquadrar na Resolução 13/2012; caso contrário, não aplicar.",https://legis.senado.leg.br/norma/586152/publicacao/15646891,https://legis.senado.leg.br/norma/586999,Regra geral interestadual.
PB,Nordeste,AC,Norte,interestadual,0.12,interestadual 12%,0.04,"Sim, se o produto/mercadoria se enquadrar na Resolução 13/2012; caso contrário, não aplicar.",https://legis.senado.leg.br/norma/586152/publicacao/15646891,https://legis.senado.leg.br/norma/586999,Regra geral interestadual.
PB,Nordeste,AL,Nordeste,interestadual,0.12,interestadual 12%,0.04,"Sim, se o produto/mercadoria se enquadrar na Resolução 13/2012; caso contrário, não aplicar.",https://legis.senado.leg.br/norma/586152/publicacao/15646891,https://legis.senado.leg.br/norma/586999,Regra geral interestadual.
PB,Nordeste,AP,Norte,interestadual,0.12,interestadual 12%,0.04,"Sim, se o produto/mercadoria se enquadrar na Resolução 13/2012; caso contrário, não aplicar.",https://legis.senado.leg.br/norma/586152/publicacao/15646891,https://legis.senado.leg.br/norma/586999,Regra geral interestadual.
PB,Nordeste,AM,Norte,interestadual,0.12,interestadual 12%,0.04,"Sim, se o produto/mercadoria se enquadrar na Resolução 13/2012; caso contrário, não aplicar.",https://legis.senado.leg.br/norma/586152/publicacao/15646891,https://legis.senado.leg.br/norma/586999,Regra geral interestadual.
PB,Nordeste,BA,Nordeste,interestadual,0.12,interestadual 12%,0.04,"Sim, se o produto/mercadoria se enquadrar na Resolução 13/2012; caso contrário, não aplicar.",https://legis.senado.leg.br/norma/586152/publicacao/15646891,https://legis.senado.leg.br/norma/586999,Regra geral interestadual.
PB,Nordeste,CE,Nordeste,interestadual,0.12,interestadual 12%,0.04,"Sim, se o produto/mercadoria se enquadrar na Resolução 13/2012; caso contrário, não aplicar.",https://legis.senado.leg.br/norma/586152/publicacao/15646891,https://legis.senado.leg.br/norma/586999,Regra geral interestadual.
PB,Nordeste,DF,Centro-Oeste,interestadual,0.12,interestadual 12%,0.04,"Sim, se o produto/mercadoria se enquadrar na Resolução 13/2012; caso contrário, não aplicar.",https://legis.senado.leg.br/norma/586152/publicacao/15646891,https://legis.senado.leg.br/norma/586999,Regra geral interestadual.
PB,Nordeste,ES,Sudeste,interestadual,0.12,interestadual 12%,0.04,"Sim, se o produto/mercadoria se enquadrar na Resolução 13/2012; caso contrário, não aplicar.",https://legis.senado.leg.br/norma/586152/publicacao/15646891,https://legis.senado.leg.br/norma/586999,Regra geral interestadual.
PB,Nordeste,GO,Centro-Oeste,interestadual,0.12,interestadual 12%,0.04,"Sim, se o produto/mercadoria se enquadrar na Resolução 13/2012; caso contrário, não aplicar.",https://legis.senado.leg.br/norma/586152/publicacao/15646891,https://legis.senado.leg.br/norma/586999,Regra geral interestadual.
PB,Nordeste,MA,Nordeste,interestadual,0.12,interestadual 12%,0.04,"Sim, se o produto/mercadoria se enquadrar na Resolução 13/2012; caso contrário, não aplicar.",https://legis.senado.leg.br/norma/586152/publicacao/15646891,https://legis.senado.leg.br/norma/586999,Regra geral interestadual.
PB,Nordeste,MT,Centro-Oeste,interestadual,0.12,interestadual 12%,0.04,"Sim, se o produto/mercadoria se enquadrar na Resolução 13/2012; caso contrário, não aplicar.",https://legis.senado.leg.br/norma/586152/publicacao/15646891,https://legis.senado.leg.br/norma/586999,Regra geral interestadual.
PB,Nordeste,MS,Centro-Oeste,interestadual,0.12,interestadual 12%,0.04,"Sim, se o produto/mercadoria se enquadrar na Resolução 13/2012; caso contrário, não aplicar.",https://legis.senado.leg.br/norma/586152/publicacao/15646891,https://legis.senado.leg.br/norma/586999,Regra geral interestadual.
PB,Nordeste,MG,Sudeste,interestadual,0.12,interestadual 12%,0.04,"Sim, se o produto/mercadoria se enquadrar na Resolução 13/2012; caso contrário, não aplicar.",https://legis.senado.leg.br/norma/586152/publicacao/15646891,https://legis.senado.leg.br/norma/586999,Regra geral interestadual.
PB,Nordeste,PA,Norte,interestadual,0.12,interestadual 12%,0.04,"Sim, se o produto/mercadoria se enquadrar na Resolução 13/2012; caso contrário, não aplicar.",https://legis.senado.leg.br/norma/586152/publicacao/15646891,https://legis.senado.leg.br/norma/586999,Regra geral interestadual.
PB,Nordeste,PB,Nordeste,interna,,operação interna,,"Sim, se o produto/mercadoria se enquadrar na Resolução 13/2012; caso contrário, não aplicar.",https://legis.senado.leg.br/norma/586152/publicacao/15646891,https://legis.senado.leg.br/norma/586999,Usar alíquota interna da UF/dado da empresa; não aplicar regra interestadual.
PB,Nordeste,PR,Sul,interestadual,0.12,interestadual 12%,0.04,"Sim, se o produto/mercadoria se enquadrar na Resolução 13/2012; caso contrário, não aplicar.",https://legis.senado.leg.br/norma/586152/publicacao/15646891,https://legis.senado.leg.br/norma/586999,Regra geral interestadual.
PB,Nordeste,PE,Nordeste,interestadual,0.12,interestadual 12%,0.04,"Sim, se o produto/mercadoria se enquadrar na Resolução 13/2012; caso contrário, não aplicar.",https://legis.senado.leg.br/norma/586152/publicacao/15646891,https://legis.senado.leg.br/norma/586999,Regra geral interestadual.
PB,Nordeste,PI,Nordeste,interestadual,0.12,interestadual 12%,0.04,"Sim, se o produto/mercadoria se enquadrar na Resolução 13/2012; caso contrário, não aplicar.",https://legis.senado.leg.br/norma/586152/publicacao/15646891,https://legis.senado.leg.br/norma/586999,Regra geral interestadual.
PB,Nordeste,RJ,Sudeste,interestadual,0.12,interestadual 12%,0.04,"Sim, se o produto/mercadoria se enquadrar na Resolução 13/2012; caso contrário, não aplicar.",https://legis.senado.leg.br/norma/586152/publicacao/15646891,https://legis.senado.leg.br/norma/586999,Regra geral interestadual.
PB,Nordeste,RN,Nordeste,interestadual,0.12,interestadual 12%,0.04,"Sim, se o produto/mercadoria se enquadrar na Resolução 13/2012; caso contrário, não aplicar.",https://legis.senado.leg.br/norma/586152/publicacao/15646891,https://legis.senado.leg.br/norma/586999,Regra geral interestadual.
PB,Nordeste,RS,Sul,interestadual,0.12,interestadual 12%,0.04,"Sim, se o produto/mercadoria se enquadrar na Resolução 13/2012; caso contrário, não aplicar.",https://legis.senado.leg.br/norma/586152/publicacao/15646891,https://legis.senado.leg.br/norma/586999,Regra geral interestadual.
PB,Nordeste,RO,Norte,interestadual,0.12,interestadual 12%,0.04,"Sim, se o produto/mercadoria se enquadrar na Resolução 13/2012; caso contrário, não aplicar.",https://legis.senado.leg.br/norma/586152/publicacao/15646891,https://legis.senado.leg.br/norma/586999,Regra geral interestadual.
PB,Nordeste,RR,Norte,interestadual,0.12,interestadual 12%,0.04,"Sim, se o produto/mercadoria se enquadrar na Resolução 13/2012; caso contrário, não aplicar.",https://legis.senado.leg.br/norma/586152/publicacao/15646891,https://legis.senado.leg.br/norma/586999,Regra geral interestadual.
PB,Nordeste,SC,Sul,interestadual,0.12,interestadual 12%,0.04,"Sim, se o produto/mercadoria se enquadrar na Resolução 13/2012; caso contrário, não aplicar.",https://legis.senado.leg.br/norma/586152/publicacao/15646891,https://legis.senado.leg.br/norma/586999,Regra geral interestadual.
PB,Nordeste,SP,Sudeste,interestadual,0.12,interestadual 12%,0.04,"Sim, se o produto/mercadoria se enquadrar na Resolução 13/2012; caso contrário, não aplicar.",https://legis.senado.leg.br/norma/586152/publicacao/15646891,https://legis.senado.leg.br/norma/586999,Regra geral interestadual.
PB,Nordeste,SE,Nordeste,interestadual,0.12,interestadual 12%,0.04,"Sim, se o produto/mercadoria se enquadrar na Resolução 13/2012; caso contrário, não aplicar.",https://legis.senado.leg.br/norma/586152/publicacao/15646891,https://legis.senado.leg.br/norma/586999,Regra geral interestadual.
PB,Nordeste,TO,Norte,interestadual,0.12,interestadual 12%,0.04,"Sim, se o produto/mercadoria se enquadrar na Resolução 13/2012; caso contrário, não aplicar.",https://legis.senado.leg.br/norma/586152/publicacao/15646891,https://legis.senado.leg.br/norma/586999,Regra geral interestadual.
PR,Sul,AC,Norte,interestadual,0.07,interestadual 7%,0.04,"Sim, se o produto/mercadoria se enquadrar na Resolução 13/2012; caso contrário, não aplicar.",https://legis.senado.leg.br/norma/586152/publicacao/15646891,https://legis.senado.leg.br/norma/586999,Origem Sul/Sudeste exceto ES para Norte/Nordeste/Centro-Oeste/ES.
PR,Sul,AL,Nordeste,interestadual,0.07,interestadual 7%,0.04,"Sim, se o produto/mercadoria se enquadrar na Resolução 13/2012; caso contrário, não aplicar.",https://legis.senado.leg.br/norma/586152/publicacao/15646891,https://legis.senado.leg.br/norma/586999,Origem Sul/Sudeste exceto ES para Norte/Nordeste/Centro-Oeste/ES.
PR,Sul,AP,Norte,interestadual,0.07,interestadual 7%,0.04,"Sim, se o produto/mercadoria se enquadrar na Resolução 13/2012; caso contrário, não aplicar.",https://legis.senado.leg.br/norma/586152/publicacao/15646891,https://legis.senado.leg.br/norma/586999,Origem Sul/Sudeste exceto ES para Norte/Nordeste/Centro-Oeste/ES.
PR,Sul,AM,Norte,interestadual,0.07,interestadual 7%,0.04,"Sim, se o produto/mercadoria se enquadrar na Resolução 13/2012; caso contrário, não aplicar.",https://legis.senado.leg.br/norma/586152/publicacao/15646891,https://legis.senado.leg.br/norma/586999,Origem Sul/Sudeste exceto ES para Norte/Nordeste/Centro-Oeste/ES.
PR,Sul,BA,Nordeste,interestadual,0.07,interestadual 7%,0.04,"Sim, se o produto/mercadoria se enquadrar na Resolução 13/2012; caso contrário, não aplicar.",https://legis.senado.leg.br/norma/586152/publicacao/15646891,https://legis.senado.leg.br/norma/586999,Origem Sul/Sudeste exceto ES para Norte/Nordeste/Centro-Oeste/ES.
PR,Sul,CE,Nordeste,interestadual,0.07,interestadual 7%,0.04,"Sim, se o produto/mercadoria se enquadrar na Resolução 13/2012; caso contrário, não aplicar.",https://legis.senado.leg.br/norma/586152/publicacao/15646891,https://legis.senado.leg.br/norma/586999,Origem Sul/Sudeste exceto ES para Norte/Nordeste/Centro-Oeste/ES.
PR,Sul,DF,Centro-Oeste,interestadual,0.07,interestadual 7%,0.04,"Sim, se o produto/mercadoria se enquadrar na Resolução 13/2012; caso contrário, não aplicar.",https://legis.senado.leg.br/norma/586152/publicacao/15646891,https://legis.senado.leg.br/norma/586999,Origem Sul/Sudeste exceto ES para Norte/Nordeste/Centro-Oeste/ES.
PR,Sul,ES,Sudeste,interestadual,0.07,interestadual 7%,0.04,"Sim, se o produto/mercadoria se enquadrar na Resolução 13/2012; caso contrário, não aplicar.",https://legis.senado.leg.br/norma/586152/publicacao/15646891,https://legis.senado.leg.br/norma/586999,Origem Sul/Sudeste exceto ES para Norte/Nordeste/Centro-Oeste/ES.
PR,Sul,GO,Centro-Oeste,interestadual,0.07,interestadual 7%,0.04,"Sim, se o produto/mercadoria se enquadrar na Resolução 13/2012; caso contrário, não aplicar.",https://legis.senado.leg.br/norma/586152/publicacao/15646891,https://legis.senado.leg.br/norma/586999,Origem Sul/Sudeste exceto ES para Norte/Nordeste/Centro-Oeste/ES.
PR,Sul,MA,Nordeste,interestadual,0.07,interestadual 7%,0.04,"Sim, se o produto/mercadoria se enquadrar na Resolução 13/2012; caso contrário, não aplicar.",https://legis.senado.leg.br/norma/586152/publicacao/15646891,https://legis.senado.leg.br/norma/586999,Origem Sul/Sudeste exceto ES para Norte/Nordeste/Centro-Oeste/ES.
PR,Sul,MT,Centro-Oeste,interestadual,0.07,interestadual 7%,0.04,"Sim, se o produto/mercadoria se enquadrar na Resolução 13/2012; caso contrário, não aplicar.",https://legis.senado.leg.br/norma/586152/publicacao/15646891,https://legis.senado.leg.br/norma/586999,Origem Sul/Sudeste exceto ES para Norte/Nordeste/Centro-Oeste/ES.
PR,Sul,MS,Centro-Oeste,interestadual,0.07,interestadual 7%,0.04,"Sim, se o produto/mercadoria se enquadrar na Resolução 13/2012; caso contrário, não aplicar.",https://legis.senado.leg.br/norma/586152/publicacao/15646891,https://legis.senado.leg.br/norma/586999,Origem Sul/Sudeste exceto ES para Norte/Nordeste/Centro-Oeste/ES.
PR,Sul,MG,Sudeste,interestadual,0.12,interestadual 12%,0.04,"Sim, se o produto/mercadoria se enquadrar na Resolução 13/2012; caso contrário, não aplicar.",https://legis.senado.leg.br/norma/586152/publicacao/15646891,https://legis.senado.leg.br/norma/586999,Regra geral interestadual.
PR,Sul,PA,Norte,interestadual,0.07,interestadual 7%,0.04,"Sim, se o produto/mercadoria se enquadrar na Resolução 13/2012; caso contrário, não aplicar.",https://legis.senado.leg.br/norma/586152/publicacao/15646891,https://legis.senado.leg.br/norma/586999,Origem Sul/Sudeste exceto ES para Norte/Nordeste/Centro-Oeste/ES.
PR,Sul,PB,Nordeste,interestadual,0.07,interestadual 7%,0.04,"Sim, se o produto/mercadoria se enquadrar na Resolução 13/2012; caso contrário, não aplicar.",https://legis.senado.leg.br/norma/586152/publicacao/15646891,https://legis.senado.leg.br/norma/586999,Origem Sul/Sudeste exceto ES para Norte/Nordeste/Centro-Oeste/ES.
PR,Sul,PR,Sul,interna,,operação interna,,"Sim, se o produto/mercadoria se enquadrar na Resolução 13/2012; caso contrário, não aplicar.",https://legis.senado.leg.br/norma/586152/publicacao/15646891,https://legis.senado.leg.br/norma/586999,Usar alíquota interna da UF/dado da empresa; não aplicar regra interestadual.
PR,Sul,PE,Nordeste,interestadual,0.07,interestadual 7%,0.04,"Sim, se o produto/mercadoria se enquadrar na Resolução 13/2012; caso contrário, não aplicar.",https://legis.senado.leg.br/norma/586152/publicacao/15646891,https://legis.senado.leg.br/norma/586999,Origem Sul/Sudeste exceto ES para Norte/Nordeste/Centro-Oeste/ES.
PR,Sul,PI,Nordeste,interestadual,0.07,interestadual 7%,0.04,"Sim, se o produto/mercadoria se enquadrar na Resolução 13/2012; caso contrário, não aplicar.",https://legis.senado.leg.br/norma/586152/publicacao/15646891,https://legis.senado.leg.br/norma/586999,Origem Sul/Sudeste exceto ES para Norte/Nordeste/Centro-Oeste/ES.
PR,Sul,RJ,Sudeste,interestadual,0.12,interestadual 12%,0.04,"Sim, se o produto/mercadoria se enquadrar na Resolução 13/2012; caso contrário, não aplicar.",https://legis.senado.leg.br/norma/586152/publicacao/15646891,https://legis.senado.leg.br/norma/586999,Regra geral interestadual.
PR,Sul,RN,Nordeste,interestadual,0.07,interestadual 7%,0.04,"Sim, se o produto/mercadoria se enquadrar na Resolução 13/2012; caso contrário, não aplicar.",https://legis.senado.leg.br/norma/586152/publicacao/15646891,https://legis.senado.leg.br/norma/586999,Origem Sul/Sudeste exceto ES para Norte/Nordeste/Centro-Oeste/ES.
PR,Sul,RS,Sul,interestadual,0.12,interestadual 12%,0.04,"Sim, se o produto/mercadoria se enquadrar na Resolução 13/2012; caso contrário, não aplicar.",https://legis.senado.leg.br/norma/586152/publicacao/15646891,https://legis.senado.leg.br/norma/586999,Regra geral interestadual.
PR,Sul,RO,Norte,interestadual,0.07,interestadual 7%,0.04,"Sim, se o produto/mercadoria se enquadrar na Resolução 13/2012; caso contrário, não aplicar.",https://legis.senado.leg.br/norma/586152/publicacao/15646891,https://legis.senado.leg.br/norma/586999,Origem Sul/Sudeste exceto ES para Norte/Nordeste/Centro-Oeste/ES.
PR,Sul,RR,Norte,interestadual,0.07,interestadual 7%,0.04,"Sim, se o produto/mercadoria se enquadrar na Resolução 13/2012; caso contrário, não aplicar.",https://legis.senado.leg.br/norma/586152/publicacao/15646891,https://legis.senado.leg.br/norma/586999,Origem Sul/Sudeste exceto ES para Norte/Nordeste/Centro-Oeste/ES.
PR,Sul,SC,Sul,interestadual,0.12,interestadual 12%,0.04,"Sim, se o produto/mercadoria se enquadrar na Resolução 13/2012; caso contrário, não aplicar.",https://legis.senado.leg.br/norma/586152/publicacao/15646891,https://legis.senado.leg.br/norma/586999,Regra geral interestadual.
PR,Sul,SP,Sudeste,interestadual,0.12,interestadual 12%,0.04,"Sim, se o produto/mercadoria se enquadrar na Resolução 13/2012; caso contrário, não aplicar.",https://legis.senado.leg.br/norma/586152/publicacao/15646891,https://legis.senado.leg.br/norma/586999,Regra geral interestadual.
PR,Sul,SE,Nordeste,interestadual,0.07,interestadual 7%,0.04,"Sim, se o produto/mercadoria se enquadrar na Resolução 13/2012; caso contrário, não aplicar.",https://legis.senado.leg.br/norma/586152/publicacao/15646891,https://legis.senado.leg.br/norma/586999,Origem Sul/Sudeste exceto ES para Norte/Nordeste/Centro-Oeste/ES.
PR,Sul,TO,Norte,interestadual,0.07,interestadual 7%,0.04,"Sim, se o produto/mercadoria se enquadrar na Resolução 13/2012; caso contrário, não aplicar.",https://legis.senado.leg.br/norma/586152/publicacao/15646891,https://legis.senado.leg.br/norma/586999,Origem Sul/Sudeste exceto ES para Norte/Nordeste/Centro-Oeste/ES.
PE,Nordeste,AC,Norte,interestadual,0.12,interestadual 12%,0.04,"Sim, se o produto/mercadoria se enquadrar na Resolução 13/2012; caso contrário, não aplicar.",https://legis.senado.leg.br/norma/586152/publicacao/15646891,https://legis.senado.leg.br/norma/586999,Regra geral interestadual.
PE,Nordeste,AL,Nordeste,interestadual,0.12,interestadual 12%,0.04,"Sim, se o produto/mercadoria se enquadrar na Resolução 13/2012; caso contrário, não aplicar.",https://legis.senado.leg.br/norma/586152/publicacao/15646891,https://legis.senado.leg.br/norma/586999,Regra geral interestadual.
PE,Nordeste,AP,Norte,interestadual,0.12,interestadual 12%,0.04,"Sim, se o produto/mercadoria se enquadrar na Resolução 13/2012; caso contrário, não aplicar.",https://legis.senado.leg.br/norma/586152/publicacao/15646891,https://legis.senado.leg.br/norma/586999,Regra geral interestadual.
PE,Nordeste,AM,Norte,interestadual,0.12,interestadual 12%,0.04,"Sim, se o produto/mercadoria se enquadrar na Resolução 13/2012; caso contrário, não aplicar.",https://legis.senado.leg.br/norma/586152/publicacao/15646891,https://legis.senado.leg.br/norma/586999,Regra geral interestadual.
PE,Nordeste,BA,Nordeste,interestadual,0.12,interestadual 12%,0.04,"Sim, se o produto/mercadoria se enquadrar na Resolução 13/2012; caso contrário, não aplicar.",https://legis.senado.leg.br/norma/586152/publicacao/15646891,https://legis.senado.leg.br/norma/586999,Regra geral interestadual.
PE,Nordeste,CE,Nordeste,interestadual,0.12,interestadual 12%,0.04,"Sim, se o produto/mercadoria se enquadrar na Resolução 13/2012; caso contrário, não aplicar.",https://legis.senado.leg.br/norma/586152/publicacao/15646891,https://legis.senado.leg.br/norma/586999,Regra geral interestadual.
PE,Nordeste,DF,Centro-Oeste,interestadual,0.12,interestadual 12%,0.04,"Sim, se o produto/mercadoria se enquadrar na Resolução 13/2012; caso contrário, não aplicar.",https://legis.senado.leg.br/norma/586152/publicacao/15646891,https://legis.senado.leg.br/norma/586999,Regra geral interestadual.
PE,Nordeste,ES,Sudeste,interestadual,0.12,interestadual 12%,0.04,"Sim, se o produto/mercadoria se enquadrar na Resolução 13/2012; caso contrário, não aplicar.",https://legis.senado.leg.br/norma/586152/publicacao/15646891,https://legis.senado.leg.br/norma/586999,Regra geral interestadual.
PE,Nordeste,GO,Centro-Oeste,interestadual,0.12,interestadual 12%,0.04,"Sim, se o produto/mercadoria se enquadrar na Resolução 13/2012; caso contrário, não aplicar.",https://legis.senado.leg.br/norma/586152/publicacao/15646891,https://legis.senado.leg.br/norma/586999,Regra geral interestadual.
PE,Nordeste,MA,Nordeste,interestadual,0.12,interestadual 12%,0.04,"Sim, se o produto/mercadoria se enquadrar na Resolução 13/2012; caso contrário, não aplicar.",https://legis.senado.leg.br/norma/586152/publicacao/15646891,https://legis.senado.leg.br/norma/586999,Regra geral interestadual.
PE,Nordeste,MT,Centro-Oeste,interestadual,0.12,interestadual 12%,0.04,"Sim, se o produto/mercadoria se enquadrar na Resolução 13/2012; caso contrário, não aplicar.",https://legis.senado.leg.br/norma/586152/publicacao/15646891,https://legis.senado.leg.br/norma/586999,Regra geral interestadual.
PE,Nordeste,MS,Centro-Oeste,interestadual,0.12,interestadual 12%,0.04,"Sim, se o produto/mercadoria se enquadrar na Resolução 13/2012; caso contrário, não aplicar.",https://legis.senado.leg.br/norma/586152/publicacao/15646891,https://legis.senado.leg.br/norma/586999,Regra geral interestadual.
PE,Nordeste,MG,Sudeste,interestadual,0.12,interestadual 12%,0.04,"Sim, se o produto/mercadoria se enquadrar na Resolução 13/2012; caso contrário, não aplicar.",https://legis.senado.leg.br/norma/586152/publicacao/15646891,https://legis.senado.leg.br/norma/586999,Regra geral interestadual.
PE,Nordeste,PA,Norte,interestadual,0.12,interestadual 12%,0.04,"Sim, se o produto/mercadoria se enquadrar na Resolução 13/2012; caso contrário, não aplicar.",https://legis.senado.leg.br/norma/586152/publicacao/15646891,https://legis.senado.leg.br/norma/586999,Regra geral interestadual.
PE,Nordeste,PB,Nordeste,interestadual,0.12,interestadual 12%,0.04,"Sim, se o produto/mercadoria se enquadrar na Resolução 13/2012; caso contrário, não aplicar.",https://legis.senado.leg.br/norma/586152/publicacao/15646891,https://legis.senado.leg.br/norma/586999,Regra geral interestadual.
PE,Nordeste,PR,Sul,interestadual,0.12,interestadual 12%,0.04,"Sim, se o produto/mercadoria se enquadrar na Resolução 13/2012; caso contrário, não aplicar.",https://legis.senado.leg.br/norma/586152/publicacao/15646891,https://legis.senado.leg.br/norma/586999,Regra geral interestadual.
PE,Nordeste,PE,Nordeste,interna,,operação interna,,"Sim, se o produto/mercadoria se enquadrar na Resolução 13/2012; caso contrário, não aplicar.",https://legis.senado.leg.br/norma/586152/publicacao/15646891,https://legis.senado.leg.br/norma/586999,Usar alíquota interna da UF/dado da empresa; não aplicar regra interestadual.
PE,Nordeste,PI,Nordeste,interestadual,0.12,interestadual 12%,0.04,"Sim, se o produto/mercadoria se enquadrar na Resolução 13/2012; caso contrário, não aplicar.",https://legis.senado.leg.br/norma/586152/publicacao/15646891,https://legis.senado.leg.br/norma/586999,Regra geral interestadual.
PE,Nordeste,RJ,Sudeste,interestadual,0.12,interestadual 12%,0.04,"Sim, se o produto/mercadoria se enquadrar na Resolução 13/2012; caso contrário, não aplicar.",https://legis.senado.leg.br/norma/586152/publicacao/15646891,https://legis.senado.leg.br/norma/586999,Regra geral interestadual.
PE,Nordeste,RN,Nordeste,interestadual,0.12,interestadual 12%,0.04,"Sim, se o produto/mercadoria se enquadrar na Resolução 13/2012; caso contrário, não aplicar.",https://legis.senado.leg.br/norma/586152/publicacao/15646891,https://legis.senado.leg.br/norma/586999,Regra geral interestadual.
PE,Nordeste,RS,Sul,interestadual,0.12,interestadual 12%,0.04,"Sim, se o produto/mercadoria se enquadrar na Resolução 13/2012; caso contrário, não aplicar.",https://legis.senado.leg.br/norma/586152/publicacao/15646891,https://legis.senado.leg.br/norma/586999,Regra geral interestadual.
PE,Nordeste,RO,Norte,interestadual,0.12,interestadual 12%,0.04,"Sim, se o produto/mercadoria se enquadrar na Resolução 13/2012; caso contrário, não aplicar.",https://legis.senado.leg.br/norma/586152/publicacao/15646891,https://legis.senado.leg.br/norma/586999,Regra geral interestadual.
PE,Nordeste,RR,Norte,interestadual,0.12,interestadual 12%,0.04,"Sim, se o produto/mercadoria se enquadrar na Resolução 13/2012; caso contrário, não aplicar.",https://legis.senado.leg.br/norma/586152/publicacao/15646891,https://legis.senado.leg.br/norma/586999,Regra geral interestadual.
PE,Nordeste,SC,Sul,interestadual,0.12,interestadual 12%,0.04,"Sim, se o produto/mercadoria se enquadrar na Resolução 13/2012; caso contrário, não aplicar.",https://legis.senado.leg.br/norma/586152/publicacao/15646891,https://legis.senado.leg.br/norma/586999,Regra geral interestadual.
PE,Nordeste,SP,Sudeste,interestadual,0.12,interestadual 12%,0.04,"Sim, se o produto/mercadoria se enquadrar na Resolução 13/2012; caso contrário, não aplicar.",https://legis.senado.leg.br/norma/586152/publicacao/15646891,https://legis.senado.leg.br/norma/586999,Regra geral interestadual.
PE,Nordeste,SE,Nordeste,interestadual,0.12,interestadual 12%,0.04,"Sim, se o produto/mercadoria se enquadrar na Resolução 13/2012; caso contrário, não aplicar.",https://legis.senado.leg.br/norma/586152/publicacao/15646891,https://legis.senado.leg.br/norma/586999,Regra geral interestadual.
PE,Nordeste,TO,Norte,interestadual,0.12,interestadual 12%,0.04,"Sim, se o produto/mercadoria se enquadrar na Resolução 13/2012; caso contrário, não aplicar.",https://legis.senado.leg.br/norma/586152/publicacao/15646891,https://legis.senado.leg.br/norma/586999,Regra geral interestadual.
PI,Nordeste,AC,Norte,interestadual,0.12,interestadual 12%,0.04,"Sim, se o produto/mercadoria se enquadrar na Resolução 13/2012; caso contrário, não aplicar.",https://legis.senado.leg.br/norma/586152/publicacao/15646891,https://legis.senado.leg.br/norma/586999,Regra geral interestadual.
PI,Nordeste,AL,Nordeste,interestadual,0.12,interestadual 12%,0.04,"Sim, se o produto/mercadoria se enquadrar na Resolução 13/2012; caso contrário, não aplicar.",https://legis.senado.leg.br/norma/586152/publicacao/15646891,https://legis.senado.leg.br/norma/586999,Regra geral interestadual.
PI,Nordeste,AP,Norte,interestadual,0.12,interestadual 12%,0.04,"Sim, se o produto/mercadoria se enquadrar na Resolução 13/2012; caso contrário, não aplicar.",https://legis.senado.leg.br/norma/586152/publicacao/15646891,https://legis.senado.leg.br/norma/586999,Regra geral interestadual.
PI,Nordeste,AM,Norte,interestadual,0.12,interestadual 12%,0.04,"Sim, se o produto/mercadoria se enquadrar na Resolução 13/2012; caso contrário, não aplicar.",https://legis.senado.leg.br/norma/586152/publicacao/15646891,https://legis.senado.leg.br/norma/586999,Regra geral interestadual.
PI,Nordeste,BA,Nordeste,interestadual,0.12,interestadual 12%,0.04,"Sim, se o produto/mercadoria se enquadrar na Resolução 13/2012; caso contrário, não aplicar.",https://legis.senado.leg.br/norma/586152/publicacao/15646891,https://legis.senado.leg.br/norma/586999,Regra geral interestadual.
PI,Nordeste,CE,Nordeste,interestadual,0.12,interestadual 12%,0.04,"Sim, se o produto/mercadoria se enquadrar na Resolução 13/2012; caso contrário, não aplicar.",https://legis.senado.leg.br/norma/586152/publicacao/15646891,https://legis.senado.leg.br/norma/586999,Regra geral interestadual.
PI,Nordeste,DF,Centro-Oeste,interestadual,0.12,interestadual 12%,0.04,"Sim, se o produto/mercadoria se enquadrar na Resolução 13/2012; caso contrário, não aplicar.",https://legis.senado.leg.br/norma/586152/publicacao/15646891,https://legis.senado.leg.br/norma/586999,Regra geral interestadual.
PI,Nordeste,ES,Sudeste,interestadual,0.12,interestadual 12%,0.04,"Sim, se o produto/mercadoria se enquadrar na Resolução 13/2012; caso contrário, não aplicar.",https://legis.senado.leg.br/norma/586152/publicacao/15646891,https://legis.senado.leg.br/norma/586999,Regra geral interestadual.
PI,Nordeste,GO,Centro-Oeste,interestadual,0.12,interestadual 12%,0.04,"Sim, se o produto/mercadoria se enquadrar na Resolução 13/2012; caso contrário, não aplicar.",https://legis.senado.leg.br/norma/586152/publicacao/15646891,https://legis.senado.leg.br/norma/586999,Regra geral interestadual.
PI,Nordeste,MA,Nordeste,interestadual,0.12,interestadual 12%,0.04,"Sim, se o produto/mercadoria se enquadrar na Resolução 13/2012; caso contrário, não aplicar.",https://legis.senado.leg.br/norma/586152/publicacao/15646891,https://legis.senado.leg.br/norma/586999,Regra geral interestadual.
PI,Nordeste,MT,Centro-Oeste,interestadual,0.12,interestadual 12%,0.04,"Sim, se o produto/mercadoria se enquadrar na Resolução 13/2012; caso contrário, não aplicar.",https://legis.senado.leg.br/norma/586152/publicacao/15646891,https://legis.senado.leg.br/norma/586999,Regra geral interestadual.
PI,Nordeste,MS,Centro-Oeste,interestadual,0.12,interestadual 12%,0.04,"Sim, se o produto/mercadoria se enquadrar na Resolução 13/2012; caso contrário, não aplicar.",https://legis.senado.leg.br/norma/586152/publicacao/15646891,https://legis.senado.leg.br/norma/586999,Regra geral interestadual.
PI,Nordeste,MG,Sudeste,interestadual,0.12,interestadual 12%,0.04,"Sim, se o produto/mercadoria se enquadrar na Resolução 13/2012; caso contrário, não aplicar.",https://legis.senado.leg.br/norma/586152/publicacao/15646891,https://legis.senado.leg.br/norma/586999,Regra geral interestadual.
PI,Nordeste,PA,Norte,interestadual,0.12,interestadual 12%,0.04,"Sim, se o produto/mercadoria se enquadrar na Resolução 13/2012; caso contrário, não aplicar.",https://legis.senado.leg.br/norma/586152/publicacao/15646891,https://legis.senado.leg.br/norma/586999,Regra geral interestadual.
PI,Nordeste,PB,Nordeste,interestadual,0.12,interestadual 12%,0.04,"Sim, se o produto/mercadoria se enquadrar na Resolução 13/2012; caso contrário, não aplicar.",https://legis.senado.leg.br/norma/586152/publicacao/15646891,https://legis.senado.leg.br/norma/586999,Regra geral interestadual.
PI,Nordeste,PR,Sul,interestadual,0.12,interestadual 12%,0.04,"Sim, se o produto/mercadoria se enquadrar na Resolução 13/2012; caso contrário, não aplicar.",https://legis.senado.leg.br/norma/586152/publicacao/15646891,https://legis.senado.leg.br/norma/586999,Regra geral interestadual.
PI,Nordeste,PE,Nordeste,interestadual,0.12,interestadual 12%,0.04,"Sim, se o produto/mercadoria se enquadrar na Resolução 13/2012; caso contrário, não aplicar.",https://legis.senado.leg.br/norma/586152/publicacao/15646891,https://legis.senado.leg.br/norma/586999,Regra geral interestadual.
PI,Nordeste,PI,Nordeste,interna,,operação interna,,"Sim, se o produto/mercadoria se enquadrar na Resolução 13/2012; caso contrário, não aplicar.",https://legis.senado.leg.br/norma/586152/publicacao/15646891,https://legis.senado.leg.br/norma/586999,Usar alíquota interna da UF/dado da empresa; não aplicar regra interestadual.
PI,Nordeste,RJ,Sudeste,interestadual,0.12,interestadual 12%,0.04,"Sim, se o produto/mercadoria se enquadrar na Resolução 13/2012; caso contrário, não aplicar.",https://legis.senado.leg.br/norma/586152/publicacao/15646891,https://legis.senado.leg.br/norma/586999,Regra geral interestadual.
PI,Nordeste,RN,Nordeste,interestadual,0.12,interestadual 12%,0.04,"Sim, se o produto/mercadoria se enquadrar na Resolução 13/2012; caso contrário, não aplicar.",https://legis.senado.leg.br/norma/586152/publicacao/15646891,https://legis.senado.leg.br/norma/586999,Regra geral interestadual.
PI,Nordeste,RS,Sul,interestadual,0.12,interestadual 12%,0.04,"Sim, se o produto/mercadoria se enquadrar na Resolução 13/2012; caso contrário, não aplicar.",https://legis.senado.leg.br/norma/586152/publicacao/15646891,https://legis.senado.leg.br/norma/586999,Regra geral interestadual.
PI,Nordeste,RO,Norte,interestadual,0.12,interestadual 12%,0.04,"Sim, se o produto/mercadoria se enquadrar na Resolução 13/2012; caso contrário, não aplicar.",https://legis.senado.leg.br/norma/586152/publicacao/15646891,https://legis.senado.leg.br/norma/586999,Regra geral interestadual.
PI,Nordeste,RR,Norte,interestadual,0.12,interestadual 12%,0.04,"Sim, se o produto/mercadoria se enquadrar na Resolução 13/2012; caso contrário, não aplicar.",https://legis.senado.leg.br/norma/586152/publicacao/15646891,https://legis.senado.leg.br/norma/586999,Regra geral interestadual.
PI,Nordeste,SC,Sul,interestadual,0.12,interestadual 12%,0.04,"Sim, se o produto/mercadoria se enquadrar na Resolução 13/2012; caso contrário, não aplicar.",https://legis.senado.leg.br/norma/586152/publicacao/15646891,https://legis.senado.leg.br/norma/586999,Regra geral interestadual.
PI,Nordeste,SP,Sudeste,interestadual,0.12,interestadual 12%,0.04,"Sim, se o produto/mercadoria se enquadrar na Resolução 13/2012; caso contrário, não aplicar.",https://legis.senado.leg.br/norma/586152/publicacao/15646891,https://legis.senado.leg.br/norma/586999,Regra geral interestadual.
PI,Nordeste,SE,Nordeste,interestadual,0.12,interestadual 12%,0.04,"Sim, se o produto/mercadoria se enquadrar na Resolução 13/2012; caso contrário, não aplicar.",https://legis.senado.leg.br/norma/586152/publicacao/15646891,https://legis.senado.leg.br/norma/586999,Regra geral interestadual.
PI,Nordeste,TO,Norte,interestadual,0.12,interestadual 12%,0.04,"Sim, se o produto/mercadoria se enquadrar na Resolução 13/2012; caso contrário, não aplicar.",https://legis.senado.leg.br/norma/586152/publicacao/15646891,https://legis.senado.leg.br/norma/586999,Regra geral interestadual.
RJ,Sudeste,AC,Norte,interestadual,0.07,interestadual 7%,0.04,"Sim, se o produto/mercadoria se enquadrar na Resolução 13/2012; caso contrário, não aplicar.",https://legis.senado.leg.br/norma/586152/publicacao/15646891,https://legis.senado.leg.br/norma/586999,Origem Sul/Sudeste exceto ES para Norte/Nordeste/Centro-Oeste/ES.
RJ,Sudeste,AL,Nordeste,interestadual,0.07,interestadual 7%,0.04,"Sim, se o produto/mercadoria se enquadrar na Resolução 13/2012; caso contrário, não aplicar.",https://legis.senado.leg.br/norma/586152/publicacao/15646891,https://legis.senado.leg.br/norma/586999,Origem Sul/Sudeste exceto ES para Norte/Nordeste/Centro-Oeste/ES.
RJ,Sudeste,AP,Norte,interestadual,0.07,interestadual 7%,0.04,"Sim, se o produto/mercadoria se enquadrar na Resolução 13/2012; caso contrário, não aplicar.",https://legis.senado.leg.br/norma/586152/publicacao/15646891,https://legis.senado.leg.br/norma/586999,Origem Sul/Sudeste exceto ES para Norte/Nordeste/Centro-Oeste/ES.
RJ,Sudeste,AM,Norte,interestadual,0.07,interestadual 7%,0.04,"Sim, se o produto/mercadoria se enquadrar na Resolução 13/2012; caso contrário, não aplicar.",https://legis.senado.leg.br/norma/586152/publicacao/15646891,https://legis.senado.leg.br/norma/586999,Origem Sul/Sudeste exceto ES para Norte/Nordeste/Centro-Oeste/ES.
RJ,Sudeste,BA,Nordeste,interestadual,0.07,interestadual 7%,0.04,"Sim, se o produto/mercadoria se enquadrar na Resolução 13/2012; caso contrário, não aplicar.",https://legis.senado.leg.br/norma/586152/publicacao/15646891,https://legis.senado.leg.br/norma/586999,Origem Sul/Sudeste exceto ES para Norte/Nordeste/Centro-Oeste/ES.
RJ,Sudeste,CE,Nordeste,interestadual,0.07,interestadual 7%,0.04,"Sim, se o produto/mercadoria se enquadrar na Resolução 13/2012; caso contrário, não aplicar.",https://legis.senado.leg.br/norma/586152/publicacao/15646891,https://legis.senado.leg.br/norma/586999,Origem Sul/Sudeste exceto ES para Norte/Nordeste/Centro-Oeste/ES.
RJ,Sudeste,DF,Centro-Oeste,interestadual,0.07,interestadual 7%,0.04,"Sim, se o produto/mercadoria se enquadrar na Resolução 13/2012; caso contrário, não aplicar.",https://legis.senado.leg.br/norma/586152/publicacao/15646891,https://legis.senado.leg.br/norma/586999,Origem Sul/Sudeste exceto ES para Norte/Nordeste/Centro-Oeste/ES.
RJ,Sudeste,ES,Sudeste,interestadual,0.07,interestadual 7%,0.04,"Sim, se o produto/mercadoria se enquadrar na Resolução 13/2012; caso contrário, não aplicar.",https://legis.senado.leg.br/norma/586152/publicacao/15646891,https://legis.senado.leg.br/norma/586999,Origem Sul/Sudeste exceto ES para Norte/Nordeste/Centro-Oeste/ES.
RJ,Sudeste,GO,Centro-Oeste,interestadual,0.07,interestadual 7%,0.04,"Sim, se o produto/mercadoria se enquadrar na Resolução 13/2012; caso contrário, não aplicar.",https://legis.senado.leg.br/norma/586152/publicacao/15646891,https://legis.senado.leg.br/norma/586999,Origem Sul/Sudeste exceto ES para Norte/Nordeste/Centro-Oeste/ES.
RJ,Sudeste,MA,Nordeste,interestadual,0.07,interestadual 7%,0.04,"Sim, se o produto/mercadoria se enquadrar na Resolução 13/2012; caso contrário, não aplicar.",https://legis.senado.leg.br/norma/586152/publicacao/15646891,https://legis.senado.leg.br/norma/586999,Origem Sul/Sudeste exceto ES para Norte/Nordeste/Centro-Oeste/ES.
RJ,Sudeste,MT,Centro-Oeste,interestadual,0.07,interestadual 7%,0.04,"Sim, se o produto/mercadoria se enquadrar na Resolução 13/2012; caso contrário, não aplicar.",https://legis.senado.leg.br/norma/586152/publicacao/15646891,https://legis.senado.leg.br/norma/586999,Origem Sul/Sudeste exceto ES para Norte/Nordeste/Centro-Oeste/ES.
RJ,Sudeste,MS,Centro-Oeste,interestadual,0.07,interestadual 7%,0.04,"Sim, se o produto/mercadoria se enquadrar na Resolução 13/2012; caso contrário, não aplicar.",https://legis.senado.leg.br/norma/586152/publicacao/15646891,https://legis.senado.leg.br/norma/586999,Origem Sul/Sudeste exceto ES para Norte/Nordeste/Centro-Oeste/ES.
RJ,Sudeste,MG,Sudeste,interestadual,0.12,interestadual 12%,0.04,"Sim, se o produto/mercadoria se enquadrar na Resolução 13/2012; caso contrário, não aplicar.",https://legis.senado.leg.br/norma/586152/publicacao/15646891,https://legis.senado.leg.br/norma/586999,Regra geral interestadual.
RJ,Sudeste,PA,Norte,interestadual,0.07,interestadual 7%,0.04,"Sim, se o produto/mercadoria se enquadrar na Resolução 13/2012; caso contrário, não aplicar.",https://legis.senado.leg.br/norma/586152/publicacao/15646891,https://legis.senado.leg.br/norma/586999,Origem Sul/Sudeste exceto ES para Norte/Nordeste/Centro-Oeste/ES.
RJ,Sudeste,PB,Nordeste,interestadual,0.07,interestadual 7%,0.04,"Sim, se o produto/mercadoria se enquadrar na Resolução 13/2012; caso contrário, não aplicar.",https://legis.senado.leg.br/norma/586152/publicacao/15646891,https://legis.senado.leg.br/norma/586999,Origem Sul/Sudeste exceto ES para Norte/Nordeste/Centro-Oeste/ES.
RJ,Sudeste,PR,Sul,interestadual,0.12,interestadual 12%,0.04,"Sim, se o produto/mercadoria se enquadrar na Resolução 13/2012; caso contrário, não aplicar.",https://legis.senado.leg.br/norma/586152/publicacao/15646891,https://legis.senado.leg.br/norma/586999,Regra geral interestadual.
RJ,Sudeste,PE,Nordeste,interestadual,0.07,interestadual 7%,0.04,"Sim, se o produto/mercadoria se enquadrar na Resolução 13/2012; caso contrário, não aplicar.",https://legis.senado.leg.br/norma/586152/publicacao/15646891,https://legis.senado.leg.br/norma/586999,Origem Sul/Sudeste exceto ES para Norte/Nordeste/Centro-Oeste/ES.
RJ,Sudeste,PI,Nordeste,interestadual,0.07,interestadual 7%,0.04,"Sim, se o produto/mercadoria se enquadrar na Resolução 13/2012; caso contrário, não aplicar.",https://legis.senado.leg.br/norma/586152/publicacao/15646891,https://legis.senado.leg.br/norma/586999,Origem Sul/Sudeste exceto ES para Norte/Nordeste/Centro-Oeste/ES.
RJ,Sudeste,RJ,Sudeste,interna,,operação interna,,"Sim, se o produto/mercadoria se enquadrar na Resolução 13/2012; caso contrário, não aplicar.",https://legis.senado.leg.br/norma/586152/publicacao/15646891,https://legis.senado.leg.br/norma/586999,Usar alíquota interna da UF/dado da empresa; não aplicar regra interestadual.
RJ,Sudeste,RN,Nordeste,interestadual,0.07,interestadual 7%,0.04,"Sim, se o produto/mercadoria se enquadrar na Resolução 13/2012; caso contrário, não aplicar.",https://legis.senado.leg.br/norma/586152/publicacao/15646891,https://legis.senado.leg.br/norma/586999,Origem Sul/Sudeste exceto ES para Norte/Nordeste/Centro-Oeste/ES.
RJ,Sudeste,RS,Sul,interestadual,0.12,interestadual 12%,0.04,"Sim, se o produto/mercadoria se enquadrar na Resolução 13/2012; caso contrário, não aplicar.",https://legis.senado.leg.br/norma/586152/publicacao/15646891,https://legis.senado.leg.br/norma/586999,Regra geral interestadual.
RJ,Sudeste,RO,Norte,interestadual,0.07,interestadual 7%,0.04,"Sim, se o produto/mercadoria se enquadrar na Resolução 13/2012; caso contrário, não aplicar.",https://legis.senado.leg.br/norma/586152/publicacao/15646891,https://legis.senado.leg.br/norma/586999,Origem Sul/Sudeste exceto ES para Norte/Nordeste/Centro-Oeste/ES.
RJ,Sudeste,RR,Norte,interestadual,0.07,interestadual 7%,0.04,"Sim, se o produto/mercadoria se enquadrar na Resolução 13/2012; caso contrário, não aplicar.",https://legis.senado.leg.br/norma/586152/publicacao/15646891,https://legis.senado.leg.br/norma/586999,Origem Sul/Sudeste exceto ES para Norte/Nordeste/Centro-Oeste/ES.
RJ,Sudeste,SC,Sul,interestadual,0.12,interestadual 12%,0.04,"Sim, se o produto/mercadoria se enquadrar na Resolução 13/2012; caso contrário, não aplicar.",https://legis.senado.leg.br/norma/586152/publicacao/15646891,https://legis.senado.leg.br/norma/586999,Regra geral interestadual.
RJ,Sudeste,SP,Sudeste,interestadual,0.12,interestadual 12%,0.04,"Sim, se o produto/mercadoria se enquadrar na Resolução 13/2012; caso contrário, não aplicar.",https://legis.senado.leg.br/norma/586152/publicacao/15646891,https://legis.senado.leg.br/norma/586999,Regra geral interestadual.
RJ,Sudeste,SE,Nordeste,interestadual,0.07,interestadual 7%,0.04,"Sim, se o produto/mercadoria se enquadrar na Resolução 13/2012; caso contrário, não aplicar.",https://legis.senado.leg.br/norma/586152/publicacao/15646891,https://legis.senado.leg.br/norma/586999,Origem Sul/Sudeste exceto ES para Norte/Nordeste/Centro-Oeste/ES.
RJ,Sudeste,TO,Norte,interestadual,0.07,interestadual 7%,0.04,"Sim, se o produto/mercadoria se enquadrar na Resolução 13/2012; caso contrário, não aplicar.",https://legis.senado.leg.br/norma/586152/publicacao/15646891,https://legis.senado.leg.br/norma/586999,Origem Sul/Sudeste exceto ES para Norte/Nordeste/Centro-Oeste/ES.
RN,Nordeste,AC,Norte,interestadual,0.12,interestadual 12%,0.04,"Sim, se o produto/mercadoria se enquadrar na Resolução 13/2012; caso contrário, não aplicar.",https://legis.senado.leg.br/norma/586152/publicacao/15646891,https://legis.senado.leg.br/norma/586999,Regra geral interestadual.
RN,Nordeste,AL,Nordeste,interestadual,0.12,interestadual 12%,0.04,"Sim, se o produto/mercadoria se enquadrar na Resolução 13/2012; caso contrário, não aplicar.",https://legis.senado.leg.br/norma/586152/publicacao/15646891,https://legis.senado.leg.br/norma/586999,Regra geral interestadual.
RN,Nordeste,AP,Norte,interestadual,0.12,interestadual 12%,0.04,"Sim, se o produto/mercadoria se enquadrar na Resolução 13/2012; caso contrário, não aplicar.",https://legis.senado.leg.br/norma/586152/publicacao/15646891,https://legis.senado.leg.br/norma/586999,Regra geral interestadual.
RN,Nordeste,AM,Norte,interestadual,0.12,interestadual 12%,0.04,"Sim, se o produto/mercadoria se enquadrar na Resolução 13/2012; caso contrário, não aplicar.",https://legis.senado.leg.br/norma/586152/publicacao/15646891,https://legis.senado.leg.br/norma/586999,Regra geral interestadual.
RN,Nordeste,BA,Nordeste,interestadual,0.12,interestadual 12%,0.04,"Sim, se o produto/mercadoria se enquadrar na Resolução 13/2012; caso contrário, não aplicar.",https://legis.senado.leg.br/norma/586152/publicacao/15646891,https://legis.senado.leg.br/norma/586999,Regra geral interestadual.
RN,Nordeste,CE,Nordeste,interestadual,0.12,interestadual 12%,0.04,"Sim, se o produto/mercadoria se enquadrar na Resolução 13/2012; caso contrário, não aplicar.",https://legis.senado.leg.br/norma/586152/publicacao/15646891,https://legis.senado.leg.br/norma/586999,Regra geral interestadual.
RN,Nordeste,DF,Centro-Oeste,interestadual,0.12,interestadual 12%,0.04,"Sim, se o produto/mercadoria se enquadrar na Resolução 13/2012; caso contrário, não aplicar.",https://legis.senado.leg.br/norma/586152/publicacao/15646891,https://legis.senado.leg.br/norma/586999,Regra geral interestadual.
RN,Nordeste,ES,Sudeste,interestadual,0.12,interestadual 12%,0.04,"Sim, se o produto/mercadoria se enquadrar na Resolução 13/2012; caso contrário, não aplicar.",https://legis.senado.leg.br/norma/586152/publicacao/15646891,https://legis.senado.leg.br/norma/586999,Regra geral interestadual.
RN,Nordeste,GO,Centro-Oeste,interestadual,0.12,interestadual 12%,0.04,"Sim, se o produto/mercadoria se enquadrar na Resolução 13/2012; caso contrário, não aplicar.",https://legis.senado.leg.br/norma/586152/publicacao/15646891,https://legis.senado.leg.br/norma/586999,Regra geral interestadual.
RN,Nordeste,MA,Nordeste,interestadual,0.12,interestadual 12%,0.04,"Sim, se o produto/mercadoria se enquadrar na Resolução 13/2012; caso contrário, não aplicar.",https://legis.senado.leg.br/norma/586152/publicacao/15646891,https://legis.senado.leg.br/norma/586999,Regra geral interestadual.
RN,Nordeste,MT,Centro-Oeste,interestadual,0.12,interestadual 12%,0.04,"Sim, se o produto/mercadoria se enquadrar na Resolução 13/2012; caso contrário, não aplicar.",https://legis.senado.leg.br/norma/586152/publicacao/15646891,https://legis.senado.leg.br/norma/586999,Regra geral interestadual.
RN,Nordeste,MS,Centro-Oeste,interestadual,0.12,interestadual 12%,0.04,"Sim, se o produto/mercadoria se enquadrar na Resolução 13/2012; caso contrário, não aplicar.",https://legis.senado.leg.br/norma/586152/publicacao/15646891,https://legis.senado.leg.br/norma/586999,Regra geral interestadual.
RN,Nordeste,MG,Sudeste,interestadual,0.12,interestadual 12%,0.04,"Sim, se o produto/mercadoria se enquadrar na Resolução 13/2012; caso contrário, não aplicar.",https://legis.senado.leg.br/norma/586152/publicacao/15646891,https://legis.senado.leg.br/norma/586999,Regra geral interestadual.
RN,Nordeste,PA,Norte,interestadual,0.12,interestadual 12%,0.04,"Sim, se o produto/mercadoria se enquadrar na Resolução 13/2012; caso contrário, não aplicar.",https://legis.senado.leg.br/norma/586152/publicacao/15646891,https://legis.senado.leg.br/norma/586999,Regra geral interestadual.
RN,Nordeste,PB,Nordeste,interestadual,0.12,interestadual 12%,0.04,"Sim, se o produto/mercadoria se enquadrar na Resolução 13/2012; caso contrário, não aplicar.",https://legis.senado.leg.br/norma/586152/publicacao/15646891,https://legis.senado.leg.br/norma/586999,Regra geral interestadual.
RN,Nordeste,PR,Sul,interestadual,0.12,interestadual 12%,0.04,"Sim, se o produto/mercadoria se enquadrar na Resolução 13/2012; caso contrário, não aplicar.",https://legis.senado.leg.br/norma/586152/publicacao/15646891,https://legis.senado.leg.br/norma/586999,Regra geral interestadual.
RN,Nordeste,PE,Nordeste,interestadual,0.12,interestadual 12%,0.04,"Sim, se o produto/mercadoria se enquadrar na Resolução 13/2012; caso contrário, não aplicar.",https://legis.senado.leg.br/norma/586152/publicacao/15646891,https://legis.senado.leg.br/norma/586999,Regra geral interestadual.
RN,Nordeste,PI,Nordeste,interestadual,0.12,interestadual 12%,0.04,"Sim, se o produto/mercadoria se enquadrar na Resolução 13/2012; caso contrário, não aplicar.",https://legis.senado.leg.br/norma/586152/publicacao/15646891,https://legis.senado.leg.br/norma/586999,Regra geral interestadual.
RN,Nordeste,RJ,Sudeste,interestadual,0.12,interestadual 12%,0.04,"Sim, se o produto/mercadoria se enquadrar na Resolução 13/2012; caso contrário, não aplicar.",https://legis.senado.leg.br/norma/586152/publicacao/15646891,https://legis.senado.leg.br/norma/586999,Regra geral interestadual.
RN,Nordeste,RN,Nordeste,interna,,operação interna,,"Sim, se o produto/mercadoria se enquadrar na Resolução 13/2012; caso contrário, não aplicar.",https://legis.senado.leg.br/norma/586152/publicacao/15646891,https://legis.senado.leg.br/norma/586999,Usar alíquota interna da UF/dado da empresa; não aplicar regra interestadual.
RN,Nordeste,RS,Sul,interestadual,0.12,interestadual 12%,0.04,"Sim, se o produto/mercadoria se enquadrar na Resolução 13/2012; caso contrário, não aplicar.",https://legis.senado.leg.br/norma/586152/publicacao/15646891,https://legis.senado.leg.br/norma/586999,Regra geral interestadual.
RN,Nordeste,RO,Norte,interestadual,0.12,interestadual 12%,0.04,"Sim, se o produto/mercadoria se enquadrar na Resolução 13/2012; caso contrário, não aplicar.",https://legis.senado.leg.br/norma/586152/publicacao/15646891,https://legis.senado.leg.br/norma/586999,Regra geral interestadual.
RN,Nordeste,RR,Norte,interestadual,0.12,interestadual 12%,0.04,"Sim, se o produto/mercadoria se enquadrar na Resolução 13/2012; caso contrário, não aplicar.",https://legis.senado.leg.br/norma/586152/publicacao/15646891,https://legis.senado.leg.br/norma/586999,Regra geral interestadual.
RN,Nordeste,SC,Sul,interestadual,0.12,interestadual 12%,0.04,"Sim, se o produto/mercadoria se enquadrar na Resolução 13/2012; caso contrário, não aplicar.",https://legis.senado.leg.br/norma/586152/publicacao/15646891,https://legis.senado.leg.br/norma/586999,Regra geral interestadual.
RN,Nordeste,SP,Sudeste,interestadual,0.12,interestadual 12%,0.04,"Sim, se o produto/mercadoria se enquadrar na Resolução 13/2012; caso contrário, não aplicar.",https://legis.senado.leg.br/norma/586152/publicacao/15646891,https://legis.senado.leg.br/norma/586999,Regra geral interestadual.
RN,Nordeste,SE,Nordeste,interestadual,0.12,interestadual 12%,0.04,"Sim, se o produto/mercadoria se enquadrar na Resolução 13/2012; caso contrário, não aplicar.",https://legis.senado.leg.br/norma/586152/publicacao/15646891,https://legis.senado.leg.br/norma/586999,Regra geral interestadual.
RN,Nordeste,TO,Norte,interestadual,0.12,interestadual 12%,0.04,"Sim, se o produto/mercadoria se enquadrar na Resolução 13/2012; caso contrário, não aplicar.",https://legis.senado.leg.br/norma/586152/publicacao/15646891,https://legis.senado.leg.br/norma/586999,Regra geral interestadual.
RS,Sul,AC,Norte,interestadual,0.07,interestadual 7%,0.04,"Sim, se o produto/mercadoria se enquadrar na Resolução 13/2012; caso contrário, não aplicar.",https://legis.senado.leg.br/norma/586152/publicacao/15646891,https://legis.senado.leg.br/norma/586999,Origem Sul/Sudeste exceto ES para Norte/Nordeste/Centro-Oeste/ES.
RS,Sul,AL,Nordeste,interestadual,0.07,interestadual 7%,0.04,"Sim, se o produto/mercadoria se enquadrar na Resolução 13/2012; caso contrário, não aplicar.",https://legis.senado.leg.br/norma/586152/publicacao/15646891,https://legis.senado.leg.br/norma/586999,Origem Sul/Sudeste exceto ES para Norte/Nordeste/Centro-Oeste/ES.
RS,Sul,AP,Norte,interestadual,0.07,interestadual 7%,0.04,"Sim, se o produto/mercadoria se enquadrar na Resolução 13/2012; caso contrário, não aplicar.",https://legis.senado.leg.br/norma/586152/publicacao/15646891,https://legis.senado.leg.br/norma/586999,Origem Sul/Sudeste exceto ES para Norte/Nordeste/Centro-Oeste/ES.
RS,Sul,AM,Norte,interestadual,0.07,interestadual 7%,0.04,"Sim, se o produto/mercadoria se enquadrar na Resolução 13/2012; caso contrário, não aplicar.",https://legis.senado.leg.br/norma/586152/publicacao/15646891,https://legis.senado.leg.br/norma/586999,Origem Sul/Sudeste exceto ES para Norte/Nordeste/Centro-Oeste/ES.
RS,Sul,BA,Nordeste,interestadual,0.07,interestadual 7%,0.04,"Sim, se o produto/mercadoria se enquadrar na Resolução 13/2012; caso contrário, não aplicar.",https://legis.senado.leg.br/norma/586152/publicacao/15646891,https://legis.senado.leg.br/norma/586999,Origem Sul/Sudeste exceto ES para Norte/Nordeste/Centro-Oeste/ES.
RS,Sul,CE,Nordeste,interestadual,0.07,interestadual 7%,0.04,"Sim, se o produto/mercadoria se enquadrar na Resolução 13/2012; caso contrário, não aplicar.",https://legis.senado.leg.br/norma/586152/publicacao/15646891,https://legis.senado.leg.br/norma/586999,Origem Sul/Sudeste exceto ES para Norte/Nordeste/Centro-Oeste/ES.
RS,Sul,DF,Centro-Oeste,interestadual,0.07,interestadual 7%,0.04,"Sim, se o produto/mercadoria se enquadrar na Resolução 13/2012; caso contrário, não aplicar.",https://legis.senado.leg.br/norma/586152/publicacao/15646891,https://legis.senado.leg.br/norma/586999,Origem Sul/Sudeste exceto ES para Norte/Nordeste/Centro-Oeste/ES.
RS,Sul,ES,Sudeste,interestadual,0.07,interestadual 7%,0.04,"Sim, se o produto/mercadoria se enquadrar na Resolução 13/2012; caso contrário, não aplicar.",https://legis.senado.leg.br/norma/586152/publicacao/15646891,https://legis.senado.leg.br/norma/586999,Origem Sul/Sudeste exceto ES para Norte/Nordeste/Centro-Oeste/ES.
RS,Sul,GO,Centro-Oeste,interestadual,0.07,interestadual 7%,0.04,"Sim, se o produto/mercadoria se enquadrar na Resolução 13/2012; caso contrário, não aplicar.",https://legis.senado.leg.br/norma/586152/publicacao/15646891,https://legis.senado.leg.br/norma/586999,Origem Sul/Sudeste exceto ES para Norte/Nordeste/Centro-Oeste/ES.
RS,Sul,MA,Nordeste,interestadual,0.07,interestadual 7%,0.04,"Sim, se o produto/mercadoria se enquadrar na Resolução 13/2012; caso contrário, não aplicar.",https://legis.senado.leg.br/norma/586152/publicacao/15646891,https://legis.senado.leg.br/norma/586999,Origem Sul/Sudeste exceto ES para Norte/Nordeste/Centro-Oeste/ES.
RS,Sul,MT,Centro-Oeste,interestadual,0.07,interestadual 7%,0.04,"Sim, se o produto/mercadoria se enquadrar na Resolução 13/2012; caso contrário, não aplicar.",https://legis.senado.leg.br/norma/586152/publicacao/15646891,https://legis.senado.leg.br/norma/586999,Origem Sul/Sudeste exceto ES para Norte/Nordeste/Centro-Oeste/ES.
RS,Sul,MS,Centro-Oeste,interestadual,0.07,interestadual 7%,0.04,"Sim, se o produto/mercadoria se enquadrar na Resolução 13/2012; caso contrário, não aplicar.",https://legis.senado.leg.br/norma/586152/publicacao/15646891,https://legis.senado.leg.br/norma/586999,Origem Sul/Sudeste exceto ES para Norte/Nordeste/Centro-Oeste/ES.
RS,Sul,MG,Sudeste,interestadual,0.12,interestadual 12%,0.04,"Sim, se o produto/mercadoria se enquadrar na Resolução 13/2012; caso contrário, não aplicar.",https://legis.senado.leg.br/norma/586152/publicacao/15646891,https://legis.senado.leg.br/norma/586999,Regra geral interestadual.
RS,Sul,PA,Norte,interestadual,0.07,interestadual 7%,0.04,"Sim, se o produto/mercadoria se enquadrar na Resolução 13/2012; caso contrário, não aplicar.",https://legis.senado.leg.br/norma/586152/publicacao/15646891,https://legis.senado.leg.br/norma/586999,Origem Sul/Sudeste exceto ES para Norte/Nordeste/Centro-Oeste/ES.
RS,Sul,PB,Nordeste,interestadual,0.07,interestadual 7%,0.04,"Sim, se o produto/mercadoria se enquadrar na Resolução 13/2012; caso contrário, não aplicar.",https://legis.senado.leg.br/norma/586152/publicacao/15646891,https://legis.senado.leg.br/norma/586999,Origem Sul/Sudeste exceto ES para Norte/Nordeste/Centro-Oeste/ES.
RS,Sul,PR,Sul,interestadual,0.12,interestadual 12%,0.04,"Sim, se o produto/mercadoria se enquadrar na Resolução 13/2012; caso contrário, não aplicar.",https://legis.senado.leg.br/norma/586152/publicacao/15646891,https://legis.senado.leg.br/norma/586999,Regra geral interestadual.
RS,Sul,PE,Nordeste,interestadual,0.07,interestadual 7%,0.04,"Sim, se o produto/mercadoria se enquadrar na Resolução 13/2012; caso contrário, não aplicar.",https://legis.senado.leg.br/norma/586152/publicacao/15646891,https://legis.senado.leg.br/norma/586999,Origem Sul/Sudeste exceto ES para Norte/Nordeste/Centro-Oeste/ES.
RS,Sul,PI,Nordeste,interestadual,0.07,interestadual 7%,0.04,"Sim, se o produto/mercadoria se enquadrar na Resolução 13/2012; caso contrário, não aplicar.",https://legis.senado.leg.br/norma/586152/publicacao/15646891,https://legis.senado.leg.br/norma/586999,Origem Sul/Sudeste exceto ES para Norte/Nordeste/Centro-Oeste/ES.
RS,Sul,RJ,Sudeste,interestadual,0.12,interestadual 12%,0.04,"Sim, se o produto/mercadoria se enquadrar na Resolução 13/2012; caso contrário, não aplicar.",https://legis.senado.leg.br/norma/586152/publicacao/15646891,https://legis.senado.leg.br/norma/586999,Regra geral interestadual.
RS,Sul,RN,Nordeste,interestadual,0.07,interestadual 7%,0.04,"Sim, se o produto/mercadoria se enquadrar na Resolução 13/2012; caso contrário, não aplicar.",https://legis.senado.leg.br/norma/586152/publicacao/15646891,https://legis.senado.leg.br/norma/586999,Origem Sul/Sudeste exceto ES para Norte/Nordeste/Centro-Oeste/ES.
RS,Sul,RS,Sul,interna,,operação interna,,"Sim, se o produto/mercadoria se enquadrar na Resolução 13/2012; caso contrário, não aplicar.",https://legis.senado.leg.br/norma/586152/publicacao/15646891,https://legis.senado.leg.br/norma/586999,Usar alíquota interna da UF/dado da empresa; não aplicar regra interestadual.
RS,Sul,RO,Norte,interestadual,0.07,interestadual 7%,0.04,"Sim, se o produto/mercadoria se enquadrar na Resolução 13/2012; caso contrário, não aplicar.",https://legis.senado.leg.br/norma/586152/publicacao/15646891,https://legis.senado.leg.br/norma/586999,Origem Sul/Sudeste exceto ES para Norte/Nordeste/Centro-Oeste/ES.
RS,Sul,RR,Norte,interestadual,0.07,interestadual 7%,0.04,"Sim, se o produto/mercadoria se enquadrar na Resolução 13/2012; caso contrário, não aplicar.",https://legis.senado.leg.br/norma/586152/publicacao/15646891,https://legis.senado.leg.br/norma/586999,Origem Sul/Sudeste exceto ES para Norte/Nordeste/Centro-Oeste/ES.
RS,Sul,SC,Sul,interestadual,0.12,interestadual 12%,0.04,"Sim, se o produto/mercadoria se enquadrar na Resolução 13/2012; caso contrário, não aplicar.",https://legis.senado.leg.br/norma/586152/publicacao/15646891,https://legis.senado.leg.br/norma/586999,Regra geral interestadual.
RS,Sul,SP,Sudeste,interestadual,0.12,interestadual 12%,0.04,"Sim, se o produto/mercadoria se enquadrar na Resolução 13/2012; caso contrário, não aplicar.",https://legis.senado.leg.br/norma/586152/publicacao/15646891,https://legis.senado.leg.br/norma/586999,Regra geral interestadual.
RS,Sul,SE,Nordeste,interestadual,0.07,interestadual 7%,0.04,"Sim, se o produto/mercadoria se enquadrar na Resolução 13/2012; caso contrário, não aplicar.",https://legis.senado.leg.br/norma/586152/publicacao/15646891,https://legis.senado.leg.br/norma/586999,Origem Sul/Sudeste exceto ES para Norte/Nordeste/Centro-Oeste/ES.
RS,Sul,TO,Norte,interestadual,0.07,interestadual 7%,0.04,"Sim, se o produto/mercadoria se enquadrar na Resolução 13/2012; caso contrário, não aplicar.",https://legis.senado.leg.br/norma/586152/publicacao/15646891,https://legis.senado.leg.br/norma/586999,Origem Sul/Sudeste exceto ES para Norte/Nordeste/Centro-Oeste/ES.
RO,Norte,AC,Norte,interestadual,0.12,interestadual 12%,0.04,"Sim, se o produto/mercadoria se enquadrar na Resolução 13/2012; caso contrário, não aplicar.",https://legis.senado.leg.br/norma/586152/publicacao/15646891,https://legis.senado.leg.br/norma/586999,Regra geral interestadual.
RO,Norte,AL,Nordeste,interestadual,0.12,interestadual 12%,0.04,"Sim, se o produto/mercadoria se enquadrar na Resolução 13/2012; caso contrário, não aplicar.",https://legis.senado.leg.br/norma/586152/publicacao/15646891,https://legis.senado.leg.br/norma/586999,Regra geral interestadual.
RO,Norte,AP,Norte,interestadual,0.12,interestadual 12%,0.04,"Sim, se o produto/mercadoria se enquadrar na Resolução 13/2012; caso contrário, não aplicar.",https://legis.senado.leg.br/norma/586152/publicacao/15646891,https://legis.senado.leg.br/norma/586999,Regra geral interestadual.
RO,Norte,AM,Norte,interestadual,0.12,interestadual 12%,0.04,"Sim, se o produto/mercadoria se enquadrar na Resolução 13/2012; caso contrário, não aplicar.",https://legis.senado.leg.br/norma/586152/publicacao/15646891,https://legis.senado.leg.br/norma/586999,Regra geral interestadual.
RO,Norte,BA,Nordeste,interestadual,0.12,interestadual 12%,0.04,"Sim, se o produto/mercadoria se enquadrar na Resolução 13/2012; caso contrário, não aplicar.",https://legis.senado.leg.br/norma/586152/publicacao/15646891,https://legis.senado.leg.br/norma/586999,Regra geral interestadual.
RO,Norte,CE,Nordeste,interestadual,0.12,interestadual 12%,0.04,"Sim, se o produto/mercadoria se enquadrar na Resolução 13/2012; caso contrário, não aplicar.",https://legis.senado.leg.br/norma/586152/publicacao/15646891,https://legis.senado.leg.br/norma/586999,Regra geral interestadual.
RO,Norte,DF,Centro-Oeste,interestadual,0.12,interestadual 12%,0.04,"Sim, se o produto/mercadoria se enquadrar na Resolução 13/2012; caso contrário, não aplicar.",https://legis.senado.leg.br/norma/586152/publicacao/15646891,https://legis.senado.leg.br/norma/586999,Regra geral interestadual.
RO,Norte,ES,Sudeste,interestadual,0.12,interestadual 12%,0.04,"Sim, se o produto/mercadoria se enquadrar na Resolução 13/2012; caso contrário, não aplicar.",https://legis.senado.leg.br/norma/586152/publicacao/15646891,https://legis.senado.leg.br/norma/586999,Regra geral interestadual.
RO,Norte,GO,Centro-Oeste,interestadual,0.12,interestadual 12%,0.04,"Sim, se o produto/mercadoria se enquadrar na Resolução 13/2012; caso contrário, não aplicar.",https://legis.senado.leg.br/norma/586152/publicacao/15646891,https://legis.senado.leg.br/norma/586999,Regra geral interestadual.
RO,Norte,MA,Nordeste,interestadual,0.12,interestadual 12%,0.04,"Sim, se o produto/mercadoria se enquadrar na Resolução 13/2012; caso contrário, não aplicar.",https://legis.senado.leg.br/norma/586152/publicacao/15646891,https://legis.senado.leg.br/norma/586999,Regra geral interestadual.
RO,Norte,MT,Centro-Oeste,interestadual,0.12,interestadual 12%,0.04,"Sim, se o produto/mercadoria se enquadrar na Resolução 13/2012; caso contrário, não aplicar.",https://legis.senado.leg.br/norma/586152/publicacao/15646891,https://legis.senado.leg.br/norma/586999,Regra geral interestadual.
RO,Norte,MS,Centro-Oeste,interestadual,0.12,interestadual 12%,0.04,"Sim, se o produto/mercadoria se enquadrar na Resolução 13/2012; caso contrário, não aplicar.",https://legis.senado.leg.br/norma/586152/publicacao/15646891,https://legis.senado.leg.br/norma/586999,Regra geral interestadual.
RO,Norte,MG,Sudeste,interestadual,0.12,interestadual 12%,0.04,"Sim, se o produto/mercadoria se enquadrar na Resolução 13/2012; caso contrário, não aplicar.",https://legis.senado.leg.br/norma/586152/publicacao/15646891,https://legis.senado.leg.br/norma/586999,Regra geral interestadual.
RO,Norte,PA,Norte,interestadual,0.12,interestadual 12%,0.04,"Sim, se o produto/mercadoria se enquadrar na Resolução 13/2012; caso contrário, não aplicar.",https://legis.senado.leg.br/norma/586152/publicacao/15646891,https://legis.senado.leg.br/norma/586999,Regra geral interestadual.
RO,Norte,PB,Nordeste,interestadual,0.12,interestadual 12%,0.04,"Sim, se o produto/mercadoria se enquadrar na Resolução 13/2012; caso contrário, não aplicar.",https://legis.senado.leg.br/norma/586152/publicacao/15646891,https://legis.senado.leg.br/norma/586999,Regra geral interestadual.
RO,Norte,PR,Sul,interestadual,0.12,interestadual 12%,0.04,"Sim, se o produto/mercadoria se enquadrar na Resolução 13/2012; caso contrário, não aplicar.",https://legis.senado.leg.br/norma/586152/publicacao/15646891,https://legis.senado.leg.br/norma/586999,Regra geral interestadual.
RO,Norte,PE,Nordeste,interestadual,0.12,interestadual 12%,0.04,"Sim, se o produto/mercadoria se enquadrar na Resolução 13/2012; caso contrário, não aplicar.",https://legis.senado.leg.br/norma/586152/publicacao/15646891,https://legis.senado.leg.br/norma/586999,Regra geral interestadual.
RO,Norte,PI,Nordeste,interestadual,0.12,interestadual 12%,0.04,"Sim, se o produto/mercadoria se enquadrar na Resolução 13/2012; caso contrário, não aplicar.",https://legis.senado.leg.br/norma/586152/publicacao/15646891,https://legis.senado.leg.br/norma/586999,Regra geral interestadual.
RO,Norte,RJ,Sudeste,interestadual,0.12,interestadual 12%,0.04,"Sim, se o produto/mercadoria se enquadrar na Resolução 13/2012; caso contrário, não aplicar.",https://legis.senado.leg.br/norma/586152/publicacao/15646891,https://legis.senado.leg.br/norma/586999,Regra geral interestadual.
RO,Norte,RN,Nordeste,interestadual,0.12,interestadual 12%,0.04,"Sim, se o produto/mercadoria se enquadrar na Resolução 13/2012; caso contrário, não aplicar.",https://legis.senado.leg.br/norma/586152/publicacao/15646891,https://legis.senado.leg.br/norma/586999,Regra geral interestadual.
RO,Norte,RS,Sul,interestadual,0.12,interestadual 12%,0.04,"Sim, se o produto/mercadoria se enquadrar na Resolução 13/2012; caso contrário, não aplicar.",https://legis.senado.leg.br/norma/586152/publicacao/15646891,https://legis.senado.leg.br/norma/586999,Regra geral interestadual.
RO,Norte,RO,Norte,interna,,operação interna,,"Sim, se o produto/mercadoria se enquadrar na Resolução 13/2012; caso contrário, não aplicar.",https://legis.senado.leg.br/norma/586152/publicacao/15646891,https://legis.senado.leg.br/norma/586999,Usar alíquota interna da UF/dado da empresa; não aplicar regra interestadual.
RO,Norte,RR,Norte,interestadual,0.12,interestadual 12%,0.04,"Sim, se o produto/mercadoria se enquadrar na Resolução 13/2012; caso contrário, não aplicar.",https://legis.senado.leg.br/norma/586152/publicacao/15646891,https://legis.senado.leg.br/norma/586999,Regra geral interestadual.
RO,Norte,SC,Sul,interestadual,0.12,interestadual 12%,0.04,"Sim, se o produto/mercadoria se enquadrar na Resolução 13/2012; caso contrário, não aplicar.",https://legis.senado.leg.br/norma/586152/publicacao/15646891,https://legis.senado.leg.br/norma/586999,Regra geral interestadual.
RO,Norte,SP,Sudeste,interestadual,0.12,interestadual 12%,0.04,"Sim, se o produto/mercadoria se enquadrar na Resolução 13/2012; caso contrário, não aplicar.",https://legis.senado.leg.br/norma/586152/publicacao/15646891,https://legis.senado.leg.br/norma/586999,Regra geral interestadual.
RO,Norte,SE,Nordeste,interestadual,0.12,interestadual 12%,0.04,"Sim, se o produto/mercadoria se enquadrar na Resolução 13/2012; caso contrário, não aplicar.",https://legis.senado.leg.br/norma/586152/publicacao/15646891,https://legis.senado.leg.br/norma/586999,Regra geral interestadual.
RO,Norte,TO,Norte,interestadual,0.12,interestadual 12%,0.04,"Sim, se o produto/mercadoria se enquadrar na Resolução 13/2012; caso contrário, não aplicar.",https://legis.senado.leg.br/norma/586152/publicacao/15646891,https://legis.senado.leg.br/norma/586999,Regra geral interestadual.
RR,Norte,AC,Norte,interestadual,0.12,interestadual 12%,0.04,"Sim, se o produto/mercadoria se enquadrar na Resolução 13/2012; caso contrário, não aplicar.",https://legis.senado.leg.br/norma/586152/publicacao/15646891,https://legis.senado.leg.br/norma/586999,Regra geral interestadual.
RR,Norte,AL,Nordeste,interestadual,0.12,interestadual 12%,0.04,"Sim, se o produto/mercadoria se enquadrar na Resolução 13/2012; caso contrário, não aplicar.",https://legis.senado.leg.br/norma/586152/publicacao/15646891,https://legis.senado.leg.br/norma/586999,Regra geral interestadual.
RR,Norte,AP,Norte,interestadual,0.12,interestadual 12%,0.04,"Sim, se o produto/mercadoria se enquadrar na Resolução 13/2012; caso contrário, não aplicar.",https://legis.senado.leg.br/norma/586152/publicacao/15646891,https://legis.senado.leg.br/norma/586999,Regra geral interestadual.
RR,Norte,AM,Norte,interestadual,0.12,interestadual 12%,0.04,"Sim, se o produto/mercadoria se enquadrar na Resolução 13/2012; caso contrário, não aplicar.",https://legis.senado.leg.br/norma/586152/publicacao/15646891,https://legis.senado.leg.br/norma/586999,Regra geral interestadual.
RR,Norte,BA,Nordeste,interestadual,0.12,interestadual 12%,0.04,"Sim, se o produto/mercadoria se enquadrar na Resolução 13/2012; caso contrário, não aplicar.",https://legis.senado.leg.br/norma/586152/publicacao/15646891,https://legis.senado.leg.br/norma/586999,Regra geral interestadual.
RR,Norte,CE,Nordeste,interestadual,0.12,interestadual 12%,0.04,"Sim, se o produto/mercadoria se enquadrar na Resolução 13/2012; caso contrário, não aplicar.",https://legis.senado.leg.br/norma/586152/publicacao/15646891,https://legis.senado.leg.br/norma/586999,Regra geral interestadual.
RR,Norte,DF,Centro-Oeste,interestadual,0.12,interestadual 12%,0.04,"Sim, se o produto/mercadoria se enquadrar na Resolução 13/2012; caso contrário, não aplicar.",https://legis.senado.leg.br/norma/586152/publicacao/15646891,https://legis.senado.leg.br/norma/586999,Regra geral interestadual.
RR,Norte,ES,Sudeste,interestadual,0.12,interestadual 12%,0.04,"Sim, se o produto/mercadoria se enquadrar na Resolução 13/2012; caso contrário, não aplicar.",https://legis.senado.leg.br/norma/586152/publicacao/15646891,https://legis.senado.leg.br/norma/586999,Regra geral interestadual.
RR,Norte,GO,Centro-Oeste,interestadual,0.12,interestadual 12%,0.04,"Sim, se o produto/mercadoria se enquadrar na Resolução 13/2012; caso contrário, não aplicar.",https://legis.senado.leg.br/norma/586152/publicacao/15646891,https://legis.senado.leg.br/norma/586999,Regra geral interestadual.
RR,Norte,MA,Nordeste,interestadual,0.12,interestadual 12%,0.04,"Sim, se o produto/mercadoria se enquadrar na Resolução 13/2012; caso contrário, não aplicar.",https://legis.senado.leg.br/norma/586152/publicacao/15646891,https://legis.senado.leg.br/norma/586999,Regra geral interestadual.
RR,Norte,MT,Centro-Oeste,interestadual,0.12,interestadual 12%,0.04,"Sim, se o produto/mercadoria se enquadrar na Resolução 13/2012; caso contrário, não aplicar.",https://legis.senado.leg.br/norma/586152/publicacao/15646891,https://legis.senado.leg.br/norma/586999,Regra geral interestadual.
RR,Norte,MS,Centro-Oeste,interestadual,0.12,interestadual 12%,0.04,"Sim, se o produto/mercadoria se enquadrar na Resolução 13/2012; caso contrário, não aplicar.",https://legis.senado.leg.br/norma/586152/publicacao/15646891,https://legis.senado.leg.br/norma/586999,Regra geral interestadual.
RR,Norte,MG,Sudeste,interestadual,0.12,interestadual 12%,0.04,"Sim, se o produto/mercadoria se enquadrar na Resolução 13/2012; caso contrário, não aplicar.",https://legis.senado.leg.br/norma/586152/publicacao/15646891,https://legis.senado.leg.br/norma/586999,Regra geral interestadual.
RR,Norte,PA,Norte,interestadual,0.12,interestadual 12%,0.04,"Sim, se o produto/mercadoria se enquadrar na Resolução 13/2012; caso contrário, não aplicar.",https://legis.senado.leg.br/norma/586152/publicacao/15646891,https://legis.senado.leg.br/norma/586999,Regra geral interestadual.
RR,Norte,PB,Nordeste,interestadual,0.12,interestadual 12%,0.04,"Sim, se o produto/mercadoria se enquadrar na Resolução 13/2012; caso contrário, não aplicar.",https://legis.senado.leg.br/norma/586152/publicacao/15646891,https://legis.senado.leg.br/norma/586999,Regra geral interestadual.
RR,Norte,PR,Sul,interestadual,0.12,interestadual 12%,0.04,"Sim, se o produto/mercadoria se enquadrar na Resolução 13/2012; caso contrário, não aplicar.",https://legis.senado.leg.br/norma/586152/publicacao/15646891,https://legis.senado.leg.br/norma/586999,Regra geral interestadual.
RR,Norte,PE,Nordeste,interestadual,0.12,interestadual 12%,0.04,"Sim, se o produto/mercadoria se enquadrar na Resolução 13/2012; caso contrário, não aplicar.",https://legis.senado.leg.br/norma/586152/publicacao/15646891,https://legis.senado.leg.br/norma/586999,Regra geral interestadual.
RR,Norte,PI,Nordeste,interestadual,0.12,interestadual 12%,0.04,"Sim, se o produto/mercadoria se enquadrar na Resolução 13/2012; caso contrário, não aplicar.",https://legis.senado.leg.br/norma/586152/publicacao/15646891,https://legis.senado.leg.br/norma/586999,Regra geral interestadual.
RR,Norte,RJ,Sudeste,interestadual,0.12,interestadual 12%,0.04,"Sim, se o produto/mercadoria se enquadrar na Resolução 13/2012; caso contrário, não aplicar.",https://legis.senado.leg.br/norma/586152/publicacao/15646891,https://legis.senado.leg.br/norma/586999,Regra geral interestadual.
RR,Norte,RN,Nordeste,interestadual,0.12,interestadual 12%,0.04,"Sim, se o produto/mercadoria se enquadrar na Resolução 13/2012; caso contrário, não aplicar.",https://legis.senado.leg.br/norma/586152/publicacao/15646891,https://legis.senado.leg.br/norma/586999,Regra geral interestadual.
RR,Norte,RS,Sul,interestadual,0.12,interestadual 12%,0.04,"Sim, se o produto/mercadoria se enquadrar na Resolução 13/2012; caso contrário, não aplicar.",https://legis.senado.leg.br/norma/586152/publicacao/15646891,https://legis.senado.leg.br/norma/586999,Regra geral interestadual.
RR,Norte,RO,Norte,interestadual,0.12,interestadual 12%,0.04,"Sim, se o produto/mercadoria se enquadrar na Resolução 13/2012; caso contrário, não aplicar.",https://legis.senado.leg.br/norma/586152/publicacao/15646891,https://legis.senado.leg.br/norma/586999,Regra geral interestadual.
RR,Norte,RR,Norte,interna,,operação interna,,"Sim, se o produto/mercadoria se enquadrar na Resolução 13/2012; caso contrário, não aplicar.",https://legis.senado.leg.br/norma/586152/publicacao/15646891,https://legis.senado.leg.br/norma/586999,Usar alíquota interna da UF/dado da empresa; não aplicar regra interestadual.
RR,Norte,SC,Sul,interestadual,0.12,interestadual 12%,0.04,"Sim, se o produto/mercadoria se enquadrar na Resolução 13/2012; caso contrário, não aplicar.",https://legis.senado.leg.br/norma/586152/publicacao/15646891,https://legis.senado.leg.br/norma/586999,Regra geral interestadual.
RR,Norte,SP,Sudeste,interestadual,0.12,interestadual 12%,0.04,"Sim, se o produto/mercadoria se enquadrar na Resolução 13/2012; caso contrário, não aplicar.",https://legis.senado.leg.br/norma/586152/publicacao/15646891,https://legis.senado.leg.br/norma/586999,Regra geral interestadual.
RR,Norte,SE,Nordeste,interestadual,0.12,interestadual 12%,0.04,"Sim, se o produto/mercadoria se enquadrar na Resolução 13/2012; caso contrário, não aplicar.",https://legis.senado.leg.br/norma/586152/publicacao/15646891,https://legis.senado.leg.br/norma/586999,Regra geral interestadual.
RR,Norte,TO,Norte,interestadual,0.12,interestadual 12%,0.04,"Sim, se o produto/mercadoria se enquadrar na Resolução 13/2012; caso contrário, não aplicar.",https://legis.senado.leg.br/norma/586152/publicacao/15646891,https://legis.senado.leg.br/norma/586999,Regra geral interestadual.
SC,Sul,AC,Norte,interestadual,0.07,interestadual 7%,0.04,"Sim, se o produto/mercadoria se enquadrar na Resolução 13/2012; caso contrário, não aplicar.",https://legis.senado.leg.br/norma/586152/publicacao/15646891,https://legis.senado.leg.br/norma/586999,Origem Sul/Sudeste exceto ES para Norte/Nordeste/Centro-Oeste/ES.
SC,Sul,AL,Nordeste,interestadual,0.07,interestadual 7%,0.04,"Sim, se o produto/mercadoria se enquadrar na Resolução 13/2012; caso contrário, não aplicar.",https://legis.senado.leg.br/norma/586152/publicacao/15646891,https://legis.senado.leg.br/norma/586999,Origem Sul/Sudeste exceto ES para Norte/Nordeste/Centro-Oeste/ES.
SC,Sul,AP,Norte,interestadual,0.07,interestadual 7%,0.04,"Sim, se o produto/mercadoria se enquadrar na Resolução 13/2012; caso contrário, não aplicar.",https://legis.senado.leg.br/norma/586152/publicacao/15646891,https://legis.senado.leg.br/norma/586999,Origem Sul/Sudeste exceto ES para Norte/Nordeste/Centro-Oeste/ES.
SC,Sul,AM,Norte,interestadual,0.07,interestadual 7%,0.04,"Sim, se o produto/mercadoria se enquadrar na Resolução 13/2012; caso contrário, não aplicar.",https://legis.senado.leg.br/norma/586152/publicacao/15646891,https://legis.senado.leg.br/norma/586999,Origem Sul/Sudeste exceto ES para Norte/Nordeste/Centro-Oeste/ES.
SC,Sul,BA,Nordeste,interestadual,0.07,interestadual 7%,0.04,"Sim, se o produto/mercadoria se enquadrar na Resolução 13/2012; caso contrário, não aplicar.",https://legis.senado.leg.br/norma/586152/publicacao/15646891,https://legis.senado.leg.br/norma/586999,Origem Sul/Sudeste exceto ES para Norte/Nordeste/Centro-Oeste/ES.
SC,Sul,CE,Nordeste,interestadual,0.07,interestadual 7%,0.04,"Sim, se o produto/mercadoria se enquadrar na Resolução 13/2012; caso contrário, não aplicar.",https://legis.senado.leg.br/norma/586152/publicacao/15646891,https://legis.senado.leg.br/norma/586999,Origem Sul/Sudeste exceto ES para Norte/Nordeste/Centro-Oeste/ES.
SC,Sul,DF,Centro-Oeste,interestadual,0.07,interestadual 7%,0.04,"Sim, se o produto/mercadoria se enquadrar na Resolução 13/2012; caso contrário, não aplicar.",https://legis.senado.leg.br/norma/586152/publicacao/15646891,https://legis.senado.leg.br/norma/586999,Origem Sul/Sudeste exceto ES para Norte/Nordeste/Centro-Oeste/ES.
SC,Sul,ES,Sudeste,interestadual,0.07,interestadual 7%,0.04,"Sim, se o produto/mercadoria se enquadrar na Resolução 13/2012; caso contrário, não aplicar.",https://legis.senado.leg.br/norma/586152/publicacao/15646891,https://legis.senado.leg.br/norma/586999,Origem Sul/Sudeste exceto ES para Norte/Nordeste/Centro-Oeste/ES.
SC,Sul,GO,Centro-Oeste,interestadual,0.07,interestadual 7%,0.04,"Sim, se o produto/mercadoria se enquadrar na Resolução 13/2012; caso contrário, não aplicar.",https://legis.senado.leg.br/norma/586152/publicacao/15646891,https://legis.senado.leg.br/norma/586999,Origem Sul/Sudeste exceto ES para Norte/Nordeste/Centro-Oeste/ES.
SC,Sul,MA,Nordeste,interestadual,0.07,interestadual 7%,0.04,"Sim, se o produto/mercadoria se enquadrar na Resolução 13/2012; caso contrário, não aplicar.",https://legis.senado.leg.br/norma/586152/publicacao/15646891,https://legis.senado.leg.br/norma/586999,Origem Sul/Sudeste exceto ES para Norte/Nordeste/Centro-Oeste/ES.
SC,Sul,MT,Centro-Oeste,interestadual,0.07,interestadual 7%,0.04,"Sim, se o produto/mercadoria se enquadrar na Resolução 13/2012; caso contrário, não aplicar.",https://legis.senado.leg.br/norma/586152/publicacao/15646891,https://legis.senado.leg.br/norma/586999,Origem Sul/Sudeste exceto ES para Norte/Nordeste/Centro-Oeste/ES.
SC,Sul,MS,Centro-Oeste,interestadual,0.07,interestadual 7%,0.04,"Sim, se o produto/mercadoria se enquadrar na Resolução 13/2012; caso contrário, não aplicar.",https://legis.senado.leg.br/norma/586152/publicacao/15646891,https://legis.senado.leg.br/norma/586999,Origem Sul/Sudeste exceto ES para Norte/Nordeste/Centro-Oeste/ES.
SC,Sul,MG,Sudeste,interestadual,0.12,interestadual 12%,0.04,"Sim, se o produto/mercadoria se enquadrar na Resolução 13/2012; caso contrário, não aplicar.",https://legis.senado.leg.br/norma/586152/publicacao/15646891,https://legis.senado.leg.br/norma/586999,Regra geral interestadual.
SC,Sul,PA,Norte,interestadual,0.07,interestadual 7%,0.04,"Sim, se o produto/mercadoria se enquadrar na Resolução 13/2012; caso contrário, não aplicar.",https://legis.senado.leg.br/norma/586152/publicacao/15646891,https://legis.senado.leg.br/norma/586999,Origem Sul/Sudeste exceto ES para Norte/Nordeste/Centro-Oeste/ES.
SC,Sul,PB,Nordeste,interestadual,0.07,interestadual 7%,0.04,"Sim, se o produto/mercadoria se enquadrar na Resolução 13/2012; caso contrário, não aplicar.",https://legis.senado.leg.br/norma/586152/publicacao/15646891,https://legis.senado.leg.br/norma/586999,Origem Sul/Sudeste exceto ES para Norte/Nordeste/Centro-Oeste/ES.
SC,Sul,PR,Sul,interestadual,0.12,interestadual 12%,0.04,"Sim, se o produto/mercadoria se enquadrar na Resolução 13/2012; caso contrário, não aplicar.",https://legis.senado.leg.br/norma/586152/publicacao/15646891,https://legis.senado.leg.br/norma/586999,Regra geral interestadual.
SC,Sul,PE,Nordeste,interestadual,0.07,interestadual 7%,0.04,"Sim, se o produto/mercadoria se enquadrar na Resolução 13/2012; caso contrário, não aplicar.",https://legis.senado.leg.br/norma/586152/publicacao/15646891,https://legis.senado.leg.br/norma/586999,Origem Sul/Sudeste exceto ES para Norte/Nordeste/Centro-Oeste/ES.
SC,Sul,PI,Nordeste,interestadual,0.07,interestadual 7%,0.04,"Sim, se o produto/mercadoria se enquadrar na Resolução 13/2012; caso contrário, não aplicar.",https://legis.senado.leg.br/norma/586152/publicacao/15646891,https://legis.senado.leg.br/norma/586999,Origem Sul/Sudeste exceto ES para Norte/Nordeste/Centro-Oeste/ES.
SC,Sul,RJ,Sudeste,interestadual,0.12,interestadual 12%,0.04,"Sim, se o produto/mercadoria se enquadrar na Resolução 13/2012; caso contrário, não aplicar.",https://legis.senado.leg.br/norma/586152/publicacao/15646891,https://legis.senado.leg.br/norma/586999,Regra geral interestadual.
SC,Sul,RN,Nordeste,interestadual,0.07,interestadual 7%,0.04,"Sim, se o produto/mercadoria se enquadrar na Resolução 13/2012; caso contrário, não aplicar.",https://legis.senado.leg.br/norma/586152/publicacao/15646891,https://legis.senado.leg.br/norma/586999,Origem Sul/Sudeste exceto ES para Norte/Nordeste/Centro-Oeste/ES.
SC,Sul,RS,Sul,interestadual,0.12,interestadual 12%,0.04,"Sim, se o produto/mercadoria se enquadrar na Resolução 13/2012; caso contrário, não aplicar.",https://legis.senado.leg.br/norma/586152/publicacao/15646891,https://legis.senado.leg.br/norma/586999,Regra geral interestadual.
SC,Sul,RO,Norte,interestadual,0.07,interestadual 7%,0.04,"Sim, se o produto/mercadoria se enquadrar na Resolução 13/2012; caso contrário, não aplicar.",https://legis.senado.leg.br/norma/586152/publicacao/15646891,https://legis.senado.leg.br/norma/586999,Origem Sul/Sudeste exceto ES para Norte/Nordeste/Centro-Oeste/ES.
SC,Sul,RR,Norte,interestadual,0.07,interestadual 7%,0.04,"Sim, se o produto/mercadoria se enquadrar na Resolução 13/2012; caso contrário, não aplicar.",https://legis.senado.leg.br/norma/586152/publicacao/15646891,https://legis.senado.leg.br/norma/586999,Origem Sul/Sudeste exceto ES para Norte/Nordeste/Centro-Oeste/ES.
SC,Sul,SC,Sul,interna,,operação interna,,"Sim, se o produto/mercadoria se enquadrar na Resolução 13/2012; caso contrário, não aplicar.",https://legis.senado.leg.br/norma/586152/publicacao/15646891,https://legis.senado.leg.br/norma/586999,Usar alíquota interna da UF/dado da empresa; não aplicar regra interestadual.
SC,Sul,SP,Sudeste,interestadual,0.12,interestadual 12%,0.04,"Sim, se o produto/mercadoria se enquadrar na Resolução 13/2012; caso contrário, não aplicar.",https://legis.senado.leg.br/norma/586152/publicacao/15646891,https://legis.senado.leg.br/norma/586999,Regra geral interestadual.
SC,Sul,SE,Nordeste,interestadual,0.07,interestadual 7%,0.04,"Sim, se o produto/mercadoria se enquadrar na Resolução 13/2012; caso contrário, não aplicar.",https://legis.senado.leg.br/norma/586152/publicacao/15646891,https://legis.senado.leg.br/norma/586999,Origem Sul/Sudeste exceto ES para Norte/Nordeste/Centro-Oeste/ES.
SC,Sul,TO,Norte,interestadual,0.07,interestadual 7%,0.04,"Sim, se o produto/mercadoria se enquadrar na Resolução 13/2012; caso contrário, não aplicar.",https://legis.senado.leg.br/norma/586152/publicacao/15646891,https://legis.senado.leg.br/norma/586999,Origem Sul/Sudeste exceto ES para Norte/Nordeste/Centro-Oeste/ES.
SP,Sudeste,AC,Norte,interestadual,0.07,interestadual 7%,0.04,"Sim, se o produto/mercadoria se enquadrar na Resolução 13/2012; caso contrário, não aplicar.",https://legis.senado.leg.br/norma/586152/publicacao/15646891,https://legis.senado.leg.br/norma/586999,Origem Sul/Sudeste exceto ES para Norte/Nordeste/Centro-Oeste/ES.
SP,Sudeste,AL,Nordeste,interestadual,0.07,interestadual 7%,0.04,"Sim, se o produto/mercadoria se enquadrar na Resolução 13/2012; caso contrário, não aplicar.",https://legis.senado.leg.br/norma/586152/publicacao/15646891,https://legis.senado.leg.br/norma/586999,Origem Sul/Sudeste exceto ES para Norte/Nordeste/Centro-Oeste/ES.
SP,Sudeste,AP,Norte,interestadual,0.07,interestadual 7%,0.04,"Sim, se o produto/mercadoria se enquadrar na Resolução 13/2012; caso contrário, não aplicar.",https://legis.senado.leg.br/norma/586152/publicacao/15646891,https://legis.senado.leg.br/norma/586999,Origem Sul/Sudeste exceto ES para Norte/Nordeste/Centro-Oeste/ES.
SP,Sudeste,AM,Norte,interestadual,0.07,interestadual 7%,0.04,"Sim, se o produto/mercadoria se enquadrar na Resolução 13/2012; caso contrário, não aplicar.",https://legis.senado.leg.br/norma/586152/publicacao/15646891,https://legis.senado.leg.br/norma/586999,Origem Sul/Sudeste exceto ES para Norte/Nordeste/Centro-Oeste/ES.
SP,Sudeste,BA,Nordeste,interestadual,0.07,interestadual 7%,0.04,"Sim, se o produto/mercadoria se enquadrar na Resolução 13/2012; caso contrário, não aplicar.",https://legis.senado.leg.br/norma/586152/publicacao/15646891,https://legis.senado.leg.br/norma/586999,Origem Sul/Sudeste exceto ES para Norte/Nordeste/Centro-Oeste/ES.
SP,Sudeste,CE,Nordeste,interestadual,0.07,interestadual 7%,0.04,"Sim, se o produto/mercadoria se enquadrar na Resolução 13/2012; caso contrário, não aplicar.",https://legis.senado.leg.br/norma/586152/publicacao/15646891,https://legis.senado.leg.br/norma/586999,Origem Sul/Sudeste exceto ES para Norte/Nordeste/Centro-Oeste/ES.
SP,Sudeste,DF,Centro-Oeste,interestadual,0.07,interestadual 7%,0.04,"Sim, se o produto/mercadoria se enquadrar na Resolução 13/2012; caso contrário, não aplicar.",https://legis.senado.leg.br/norma/586152/publicacao/15646891,https://legis.senado.leg.br/norma/586999,Origem Sul/Sudeste exceto ES para Norte/Nordeste/Centro-Oeste/ES.
SP,Sudeste,ES,Sudeste,interestadual,0.07,interestadual 7%,0.04,"Sim, se o produto/mercadoria se enquadrar na Resolução 13/2012; caso contrário, não aplicar.",https://legis.senado.leg.br/norma/586152/publicacao/15646891,https://legis.senado.leg.br/norma/586999,Origem Sul/Sudeste exceto ES para Norte/Nordeste/Centro-Oeste/ES.
SP,Sudeste,GO,Centro-Oeste,interestadual,0.07,interestadual 7%,0.04,"Sim, se o produto/mercadoria se enquadrar na Resolução 13/2012; caso contrário, não aplicar.",https://legis.senado.leg.br/norma/586152/publicacao/15646891,https://legis.senado.leg.br/norma/586999,Origem Sul/Sudeste exceto ES para Norte/Nordeste/Centro-Oeste/ES.
SP,Sudeste,MA,Nordeste,interestadual,0.07,interestadual 7%,0.04,"Sim, se o produto/mercadoria se enquadrar na Resolução 13/2012; caso contrário, não aplicar.",https://legis.senado.leg.br/norma/586152/publicacao/15646891,https://legis.senado.leg.br/norma/586999,Origem Sul/Sudeste exceto ES para Norte/Nordeste/Centro-Oeste/ES.
SP,Sudeste,MT,Centro-Oeste,interestadual,0.07,interestadual 7%,0.04,"Sim, se o produto/mercadoria se enquadrar na Resolução 13/2012; caso contrário, não aplicar.",https://legis.senado.leg.br/norma/586152/publicacao/15646891,https://legis.senado.leg.br/norma/586999,Origem Sul/Sudeste exceto ES para Norte/Nordeste/Centro-Oeste/ES.
SP,Sudeste,MS,Centro-Oeste,interestadual,0.07,interestadual 7%,0.04,"Sim, se o produto/mercadoria se enquadrar na Resolução 13/2012; caso contrário, não aplicar.",https://legis.senado.leg.br/norma/586152/publicacao/15646891,https://legis.senado.leg.br/norma/586999,Origem Sul/Sudeste exceto ES para Norte/Nordeste/Centro-Oeste/ES.
SP,Sudeste,MG,Sudeste,interestadual,0.12,interestadual 12%,0.04,"Sim, se o produto/mercadoria se enquadrar na Resolução 13/2012; caso contrário, não aplicar.",https://legis.senado.leg.br/norma/586152/publicacao/15646891,https://legis.senado.leg.br/norma/586999,Regra geral interestadual.
SP,Sudeste,PA,Norte,interestadual,0.07,interestadual 7%,0.04,"Sim, se o produto/mercadoria se enquadrar na Resolução 13/2012; caso contrário, não aplicar.",https://legis.senado.leg.br/norma/586152/publicacao/15646891,https://legis.senado.leg.br/norma/586999,Origem Sul/Sudeste exceto ES para Norte/Nordeste/Centro-Oeste/ES.
SP,Sudeste,PB,Nordeste,interestadual,0.07,interestadual 7%,0.04,"Sim, se o produto/mercadoria se enquadrar na Resolução 13/2012; caso contrário, não aplicar.",https://legis.senado.leg.br/norma/586152/publicacao/15646891,https://legis.senado.leg.br/norma/586999,Origem Sul/Sudeste exceto ES para Norte/Nordeste/Centro-Oeste/ES.
SP,Sudeste,PR,Sul,interestadual,0.12,interestadual 12%,0.04,"Sim, se o produto/mercadoria se enquadrar na Resolução 13/2012; caso contrário, não aplicar.",https://legis.senado.leg.br/norma/586152/publicacao/15646891,https://legis.senado.leg.br/norma/586999,Regra geral interestadual.
SP,Sudeste,PE,Nordeste,interestadual,0.07,interestadual 7%,0.04,"Sim, se o produto/mercadoria se enquadrar na Resolução 13/2012; caso contrário, não aplicar.",https://legis.senado.leg.br/norma/586152/publicacao/15646891,https://legis.senado.leg.br/norma/586999,Origem Sul/Sudeste exceto ES para Norte/Nordeste/Centro-Oeste/ES.
SP,Sudeste,PI,Nordeste,interestadual,0.07,interestadual 7%,0.04,"Sim, se o produto/mercadoria se enquadrar na Resolução 13/2012; caso contrário, não aplicar.",https://legis.senado.leg.br/norma/586152/publicacao/15646891,https://legis.senado.leg.br/norma/586999,Origem Sul/Sudeste exceto ES para Norte/Nordeste/Centro-Oeste/ES.
SP,Sudeste,RJ,Sudeste,interestadual,0.12,interestadual 12%,0.04,"Sim, se o produto/mercadoria se enquadrar na Resolução 13/2012; caso contrário, não aplicar.",https://legis.senado.leg.br/norma/586152/publicacao/15646891,https://legis.senado.leg.br/norma/586999,Regra geral interestadual.
SP,Sudeste,RN,Nordeste,interestadual,0.07,interestadual 7%,0.04,"Sim, se o produto/mercadoria se enquadrar na Resolução 13/2012; caso contrário, não aplicar.",https://legis.senado.leg.br/norma/586152/publicacao/15646891,https://legis.senado.leg.br/norma/586999,Origem Sul/Sudeste exceto ES para Norte/Nordeste/Centro-Oeste/ES.
SP,Sudeste,RS,Sul,interestadual,0.12,interestadual 12%,0.04,"Sim, se o produto/mercadoria se enquadrar na Resolução 13/2012; caso contrário, não aplicar.",https://legis.senado.leg.br/norma/586152/publicacao/15646891,https://legis.senado.leg.br/norma/586999,Regra geral interestadual.
SP,Sudeste,RO,Norte,interestadual,0.07,interestadual 7%,0.04,"Sim, se o produto/mercadoria se enquadrar na Resolução 13/2012; caso contrário, não aplicar.",https://legis.senado.leg.br/norma/586152/publicacao/15646891,https://legis.senado.leg.br/norma/586999,Origem Sul/Sudeste exceto ES para Norte/Nordeste/Centro-Oeste/ES.
SP,Sudeste,RR,Norte,interestadual,0.07,interestadual 7%,0.04,"Sim, se o produto/mercadoria se enquadrar na Resolução 13/2012; caso contrário, não aplicar.",https://legis.senado.leg.br/norma/586152/publicacao/15646891,https://legis.senado.leg.br/norma/586999,Origem Sul/Sudeste exceto ES para Norte/Nordeste/Centro-Oeste/ES.
SP,Sudeste,SC,Sul,interestadual,0.12,interestadual 12%,0.04,"Sim, se o produto/mercadoria se enquadrar na Resolução 13/2012; caso contrário, não aplicar.",https://legis.senado.leg.br/norma/586152/publicacao/15646891,https://legis.senado.leg.br/norma/586999,Regra geral interestadual.
SP,Sudeste,SP,Sudeste,interna,,operação interna,,"Sim, se o produto/mercadoria se enquadrar na Resolução 13/2012; caso contrário, não aplicar.",https://legis.senado.leg.br/norma/586152/publicacao/15646891,https://legis.senado.leg.br/norma/586999,Usar alíquota interna da UF/dado da empresa; não aplicar regra interestadual.
SP,Sudeste,SE,Nordeste,interestadual,0.07,interestadual 7%,0.04,"Sim, se o produto/mercadoria se enquadrar na Resolução 13/2012; caso contrário, não aplicar.",https://legis.senado.leg.br/norma/586152/publicacao/15646891,https://legis.senado.leg.br/norma/586999,Origem Sul/Sudeste exceto ES para Norte/Nordeste/Centro-Oeste/ES.
SP,Sudeste,TO,Norte,interestadual,0.07,interestadual 7%,0.04,"Sim, se o produto/mercadoria se enquadrar na Resolução 13/2012; caso contrário, não aplicar.",https://legis.senado.leg.br/norma/586152/publicacao/15646891,https://legis.senado.leg.br/norma/586999,Origem Sul/Sudeste exceto ES para Norte/Nordeste/Centro-Oeste/ES.
SE,Nordeste,AC,Norte,interestadual,0.12,interestadual 12%,0.04,"Sim, se o produto/mercadoria se enquadrar na Resolução 13/2012; caso contrário, não aplicar.",https://legis.senado.leg.br/norma/586152/publicacao/15646891,https://legis.senado.leg.br/norma/586999,Regra geral interestadual.
SE,Nordeste,AL,Nordeste,interestadual,0.12,interestadual 12%,0.04,"Sim, se o produto/mercadoria se enquadrar na Resolução 13/2012; caso contrário, não aplicar.",https://legis.senado.leg.br/norma/586152/publicacao/15646891,https://legis.senado.leg.br/norma/586999,Regra geral interestadual.
SE,Nordeste,AP,Norte,interestadual,0.12,interestadual 12%,0.04,"Sim, se o produto/mercadoria se enquadrar na Resolução 13/2012; caso contrário, não aplicar.",https://legis.senado.leg.br/norma/586152/publicacao/15646891,https://legis.senado.leg.br/norma/586999,Regra geral interestadual.
SE,Nordeste,AM,Norte,interestadual,0.12,interestadual 12%,0.04,"Sim, se o produto/mercadoria se enquadrar na Resolução 13/2012; caso contrário, não aplicar.",https://legis.senado.leg.br/norma/586152/publicacao/15646891,https://legis.senado.leg.br/norma/586999,Regra geral interestadual.
SE,Nordeste,BA,Nordeste,interestadual,0.12,interestadual 12%,0.04,"Sim, se o produto/mercadoria se enquadrar na Resolução 13/2012; caso contrário, não aplicar.",https://legis.senado.leg.br/norma/586152/publicacao/15646891,https://legis.senado.leg.br/norma/586999,Regra geral interestadual.
SE,Nordeste,CE,Nordeste,interestadual,0.12,interestadual 12%,0.04,"Sim, se o produto/mercadoria se enquadrar na Resolução 13/2012; caso contrário, não aplicar.",https://legis.senado.leg.br/norma/586152/publicacao/15646891,https://legis.senado.leg.br/norma/586999,Regra geral interestadual.
SE,Nordeste,DF,Centro-Oeste,interestadual,0.12,interestadual 12%,0.04,"Sim, se o produto/mercadoria se enquadrar na Resolução 13/2012; caso contrário, não aplicar.",https://legis.senado.leg.br/norma/586152/publicacao/15646891,https://legis.senado.leg.br/norma/586999,Regra geral interestadual.
SE,Nordeste,ES,Sudeste,interestadual,0.12,interestadual 12%,0.04,"Sim, se o produto/mercadoria se enquadrar na Resolução 13/2012; caso contrário, não aplicar.",https://legis.senado.leg.br/norma/586152/publicacao/15646891,https://legis.senado.leg.br/norma/586999,Regra geral interestadual.
SE,Nordeste,GO,Centro-Oeste,interestadual,0.12,interestadual 12%,0.04,"Sim, se o produto/mercadoria se enquadrar na Resolução 13/2012; caso contrário, não aplicar.",https://legis.senado.leg.br/norma/586152/publicacao/15646891,https://legis.senado.leg.br/norma/586999,Regra geral interestadual.
SE,Nordeste,MA,Nordeste,interestadual,0.12,interestadual 12%,0.04,"Sim, se o produto/mercadoria se enquadrar na Resolução 13/2012; caso contrário, não aplicar.",https://legis.senado.leg.br/norma/586152/publicacao/15646891,https://legis.senado.leg.br/norma/586999,Regra geral interestadual.
SE,Nordeste,MT,Centro-Oeste,interestadual,0.12,interestadual 12%,0.04,"Sim, se o produto/mercadoria se enquadrar na Resolução 13/2012; caso contrário, não aplicar.",https://legis.senado.leg.br/norma/586152/publicacao/15646891,https://legis.senado.leg.br/norma/586999,Regra geral interestadual.
SE,Nordeste,MS,Centro-Oeste,interestadual,0.12,interestadual 12%,0.04,"Sim, se o produto/mercadoria se enquadrar na Resolução 13/2012; caso contrário, não aplicar.",https://legis.senado.leg.br/norma/586152/publicacao/15646891,https://legis.senado.leg.br/norma/586999,Regra geral interestadual.
SE,Nordeste,MG,Sudeste,interestadual,0.12,interestadual 12%,0.04,"Sim, se o produto/mercadoria se enquadrar na Resolução 13/2012; caso contrário, não aplicar.",https://legis.senado.leg.br/norma/586152/publicacao/15646891,https://legis.senado.leg.br/norma/586999,Regra geral interestadual.
SE,Nordeste,PA,Norte,interestadual,0.12,interestadual 12%,0.04,"Sim, se o produto/mercadoria se enquadrar na Resolução 13/2012; caso contrário, não aplicar.",https://legis.senado.leg.br/norma/586152/publicacao/15646891,https://legis.senado.leg.br/norma/586999,Regra geral interestadual.
SE,Nordeste,PB,Nordeste,interestadual,0.12,interestadual 12%,0.04,"Sim, se o produto/mercadoria se enquadrar na Resolução 13/2012; caso contrário, não aplicar.",https://legis.senado.leg.br/norma/586152/publicacao/15646891,https://legis.senado.leg.br/norma/586999,Regra geral interestadual.
SE,Nordeste,PR,Sul,interestadual,0.12,interestadual 12%,0.04,"Sim, se o produto/mercadoria se enquadrar na Resolução 13/2012; caso contrário, não aplicar.",https://legis.senado.leg.br/norma/586152/publicacao/15646891,https://legis.senado.leg.br/norma/586999,Regra geral interestadual.
SE,Nordeste,PE,Nordeste,interestadual,0.12,interestadual 12%,0.04,"Sim, se o produto/mercadoria se enquadrar na Resolução 13/2012; caso contrário, não aplicar.",https://legis.senado.leg.br/norma/586152/publicacao/15646891,https://legis.senado.leg.br/norma/586999,Regra geral interestadual.
SE,Nordeste,PI,Nordeste,interestadual,0.12,interestadual 12%,0.04,"Sim, se o produto/mercadoria se enquadrar na Resolução 13/2012; caso contrário, não aplicar.",https://legis.senado.leg.br/norma/586152/publicacao/15646891,https://legis.senado.leg.br/norma/586999,Regra geral interestadual.
SE,Nordeste,RJ,Sudeste,interestadual,0.12,interestadual 12%,0.04,"Sim, se o produto/mercadoria se enquadrar na Resolução 13/2012; caso contrário, não aplicar.",https://legis.senado.leg.br/norma/586152/publicacao/15646891,https://legis.senado.leg.br/norma/586999,Regra geral interestadual.
SE,Nordeste,RN,Nordeste,interestadual,0.12,interestadual 12%,0.04,"Sim, se o produto/mercadoria se enquadrar na Resolução 13/2012; caso contrário, não aplicar.",https://legis.senado.leg.br/norma/586152/publicacao/15646891,https://legis.senado.leg.br/norma/586999,Regra geral interestadual.
SE,Nordeste,RS,Sul,interestadual,0.12,interestadual 12%,0.04,"Sim, se o produto/mercadoria se enquadrar na Resolução 13/2012; caso contrário, não aplicar.",https://legis.senado.leg.br/norma/586152/publicacao/15646891,https://legis.senado.leg.br/norma/586999,Regra geral interestadual.
SE,Nordeste,RO,Norte,interestadual,0.12,interestadual 12%,0.04,"Sim, se o produto/mercadoria se enquadrar na Resolução 13/2012; caso contrário, não aplicar.",https://legis.senado.leg.br/norma/586152/publicacao/15646891,https://legis.senado.leg.br/norma/586999,Regra geral interestadual.
SE,Nordeste,RR,Norte,interestadual,0.12,interestadual 12%,0.04,"Sim, se o produto/mercadoria se enquadrar na Resolução 13/2012; caso contrário, não aplicar.",https://legis.senado.leg.br/norma/586152/publicacao/15646891,https://legis.senado.leg.br/norma/586999,Regra geral interestadual.
SE,Nordeste,SC,Sul,interestadual,0.12,interestadual 12%,0.04,"Sim, se o produto/mercadoria se enquadrar na Resolução 13/2012; caso contrário, não aplicar.",https://legis.senado.leg.br/norma/586152/publicacao/15646891,https://legis.senado.leg.br/norma/586999,Regra geral interestadual.
SE,Nordeste,SP,Sudeste,interestadual,0.12,interestadual 12%,0.04,"Sim, se o produto/mercadoria se enquadrar na Resolução 13/2012; caso contrário, não aplicar.",https://legis.senado.leg.br/norma/586152/publicacao/15646891,https://legis.senado.leg.br/norma/586999,Regra geral interestadual.
SE,Nordeste,SE,Nordeste,interna,,operação interna,,"Sim, se o produto/mercadoria se enquadrar na Resolução 13/2012; caso contrário, não aplicar.",https://legis.senado.leg.br/norma/586152/publicacao/15646891,https://legis.senado.leg.br/norma/586999,Usar alíquota interna da UF/dado da empresa; não aplicar regra interestadual.
SE,Nordeste,TO,Norte,interestadual,0.12,interestadual 12%,0.04,"Sim, se o produto/mercadoria se enquadrar na Resolução 13/2012; caso contrário, não aplicar.",https://legis.senado.leg.br/norma/586152/publicacao/15646891,https://legis.senado.leg.br/norma/586999,Regra geral interestadual.
TO,Norte,AC,Norte,interestadual,0.12,interestadual 12%,0.04,"Sim, se o produto/mercadoria se enquadrar na Resolução 13/2012; caso contrário, não aplicar.",https://legis.senado.leg.br/norma/586152/publicacao/15646891,https://legis.senado.leg.br/norma/586999,Regra geral interestadual.
TO,Norte,AL,Nordeste,interestadual,0.12,interestadual 12%,0.04,"Sim, se o produto/mercadoria se enquadrar na Resolução 13/2012; caso contrário, não aplicar.",https://legis.senado.leg.br/norma/586152/publicacao/15646891,https://legis.senado.leg.br/norma/586999,Regra geral interestadual.
TO,Norte,AP,Norte,interestadual,0.12,interestadual 12%,0.04,"Sim, se o produto/mercadoria se enquadrar na Resolução 13/2012; caso contrário, não aplicar.",https://legis.senado.leg.br/norma/586152/publicacao/15646891,https://legis.senado.leg.br/norma/586999,Regra geral interestadual.
TO,Norte,AM,Norte,interestadual,0.12,interestadual 12%,0.04,"Sim, se o produto/mercadoria se enquadrar na Resolução 13/2012; caso contrário, não aplicar.",https://legis.senado.leg.br/norma/586152/publicacao/15646891,https://legis.senado.leg.br/norma/586999,Regra geral interestadual.
TO,Norte,BA,Nordeste,interestadual,0.12,interestadual 12%,0.04,"Sim, se o produto/mercadoria se enquadrar na Resolução 13/2012; caso contrário, não aplicar.",https://legis.senado.leg.br/norma/586152/publicacao/15646891,https://legis.senado.leg.br/norma/586999,Regra geral interestadual.
TO,Norte,CE,Nordeste,interestadual,0.12,interestadual 12%,0.04,"Sim, se o produto/mercadoria se enquadrar na Resolução 13/2012; caso contrário, não aplicar.",https://legis.senado.leg.br/norma/586152/publicacao/15646891,https://legis.senado.leg.br/norma/586999,Regra geral interestadual.
TO,Norte,DF,Centro-Oeste,interestadual,0.12,interestadual 12%,0.04,"Sim, se o produto/mercadoria se enquadrar na Resolução 13/2012; caso contrário, não aplicar.",https://legis.senado.leg.br/norma/586152/publicacao/15646891,https://legis.senado.leg.br/norma/586999,Regra geral interestadual.
TO,Norte,ES,Sudeste,interestadual,0.12,interestadual 12%,0.04,"Sim, se o produto/mercadoria se enquadrar na Resolução 13/2012; caso contrário, não aplicar.",https://legis.senado.leg.br/norma/586152/publicacao/15646891,https://legis.senado.leg.br/norma/586999,Regra geral interestadual.
TO,Norte,GO,Centro-Oeste,interestadual,0.12,interestadual 12%,0.04,"Sim, se o produto/mercadoria se enquadrar na Resolução 13/2012; caso contrário, não aplicar.",https://legis.senado.leg.br/norma/586152/publicacao/15646891,https://legis.senado.leg.br/norma/586999,Regra geral interestadual.
TO,Norte,MA,Nordeste,interestadual,0.12,interestadual 12%,0.04,"Sim, se o produto/mercadoria se enquadrar na Resolução 13/2012; caso contrário, não aplicar.",https://legis.senado.leg.br/norma/586152/publicacao/15646891,https://legis.senado.leg.br/norma/586999,Regra geral interestadual.
TO,Norte,MT,Centro-Oeste,interestadual,0.12,interestadual 12%,0.04,"Sim, se o produto/mercadoria se enquadrar na Resolução 13/2012; caso contrário, não aplicar.",https://legis.senado.leg.br/norma/586152/publicacao/15646891,https://legis.senado.leg.br/norma/586999,Regra geral interestadual.
TO,Norte,MS,Centro-Oeste,interestadual,0.12,interestadual 12%,0.04,"Sim, se o produto/mercadoria se enquadrar na Resolução 13/2012; caso contrário, não aplicar.",https://legis.senado.leg.br/norma/586152/publicacao/15646891,https://legis.senado.leg.br/norma/586999,Regra geral interestadual.
TO,Norte,MG,Sudeste,interestadual,0.12,interestadual 12%,0.04,"Sim, se o produto/mercadoria se enquadrar na Resolução 13/2012; caso contrário, não aplicar.",https://legis.senado.leg.br/norma/586152/publicacao/15646891,https://legis.senado.leg.br/norma/586999,Regra geral interestadual.
TO,Norte,PA,Norte,interestadual,0.12,interestadual 12%,0.04,"Sim, se o produto/mercadoria se enquadrar na Resolução 13/2012; caso contrário, não aplicar.",https://legis.senado.leg.br/norma/586152/publicacao/15646891,https://legis.senado.leg.br/norma/586999,Regra geral interestadual.
TO,Norte,PB,Nordeste,interestadual,0.12,interestadual 12%,0.04,"Sim, se o produto/mercadoria se enquadrar na Resolução 13/2012; caso contrário, não aplicar.",https://legis.senado.leg.br/norma/586152/publicacao/15646891,https://legis.senado.leg.br/norma/586999,Regra geral interestadual.
TO,Norte,PR,Sul,interestadual,0.12,interestadual 12%,0.04,"Sim, se o produto/mercadoria se enquadrar na Resolução 13/2012; caso contrário, não aplicar.",https://legis.senado.leg.br/norma/586152/publicacao/15646891,https://legis.senado.leg.br/norma/586999,Regra geral interestadual.
TO,Norte,PE,Nordeste,interestadual,0.12,interestadual 12%,0.04,"Sim, se o produto/mercadoria se enquadrar na Resolução 13/2012; caso contrário, não aplicar.",https://legis.senado.leg.br/norma/586152/publicacao/15646891,https://legis.senado.leg.br/norma/586999,Regra geral interestadual.
TO,Norte,PI,Nordeste,interestadual,0.12,interestadual 12%,0.04,"Sim, se o produto/mercadoria se enquadrar na Resolução 13/2012; caso contrário, não aplicar.",https://legis.senado.leg.br/norma/586152/publicacao/15646891,https://legis.senado.leg.br/norma/586999,Regra geral interestadual.
TO,Norte,RJ,Sudeste,interestadual,0.12,interestadual 12%,0.04,"Sim, se o produto/mercadoria se enquadrar na Resolução 13/2012; caso contrário, não aplicar.",https://legis.senado.leg.br/norma/586152/publicacao/15646891,https://legis.senado.leg.br/norma/586999,Regra geral interestadual.
TO,Norte,RN,Nordeste,interestadual,0.12,interestadual 12%,0.04,"Sim, se o produto/mercadoria se enquadrar na Resolução 13/2012; caso contrário, não aplicar.",https://legis.senado.leg.br/norma/586152/publicacao/15646891,https://legis.senado.leg.br/norma/586999,Regra geral interestadual.
TO,Norte,RS,Sul,interestadual,0.12,interestadual 12%,0.04,"Sim, se o produto/mercadoria se enquadrar na Resolução 13/2012; caso contrário, não aplicar.",https://legis.senado.leg.br/norma/586152/publicacao/15646891,https://legis.senado.leg.br/norma/586999,Regra geral interestadual.
TO,Norte,RO,Norte,interestadual,0.12,interestadual 12%,0.04,"Sim, se o produto/mercadoria se enquadrar na Resolução 13/2012; caso contrário, não aplicar.",https://legis.senado.leg.br/norma/586152/publicacao/15646891,https://legis.senado.leg.br/norma/586999,Regra geral interestadual.
TO,Norte,RR,Norte,interestadual,0.12,interestadual 12%,0.04,"Sim, se o produto/mercadoria se enquadrar na Resolução 13/2012; caso contrário, não aplicar.",https://legis.senado.leg.br/norma/586152/publicacao/15646891,https://legis.senado.leg.br/norma/586999,Regra geral interestadual.
TO,Norte,SC,Sul,interestadual,0.12,interestadual 12%,0.04,"Sim, se o produto/mercadoria se enquadrar na Resolução 13/2012; caso contrário, não aplicar.",https://legis.senado.leg.br/norma/586152/publicacao/15646891,https://legis.senado.leg.br/norma/586999,Regra geral interestadual.
TO,Norte,SP,Sudeste,interestadual,0.12,interestadual 12%,0.04,"Sim, se o produto/mercadoria se enquadrar na Resolução 13/2012; caso contrário, não aplicar.",https://legis.senado.leg.br/norma/586152/publicacao/15646891,https://legis.senado.leg.br/norma/586999,Regra geral interestadual.
TO,Norte,SE,Nordeste,interestadual,0.12,interestadual 12%,0.04,"Sim, se o produto/mercadoria se enquadrar na Resolução 13/2012; caso contrário, não aplicar.",https://legis.senado.leg.br/norma/586152/publicacao/15646891,https://legis.senado.leg.br/norma/586999,Regra geral interestadual.
TO,Norte,TO,Norte,interna,,operação interna,,"Sim, se o produto/mercadoria se enquadrar na Resolução 13/2012; caso contrário, não aplicar.",https://legis.senado.leg.br/norma/586152/publicacao/15646891,https://legis.senado.leg.br/norma/586999,Usar alíquota interna da UF/dado da empresa; não aplicar regra interestadual.
